Code,Product,Generated At
KW-SF-00001,Triple Strength Fish Oil,2026-09-17T06:41:34.65245+00:00
KW-SF-00002,Triple Strength Fish Oil,2026-09-17T06:41:34.65245+00:00
KW-SF-00003,Triple Strength Fish Oil,2026-09-17T06:41:34.65245+00:00
KW-SF-00004,Triple Strength Fish Oil,2026-09-17T06:41:34.65245+00:00
KW-SF-00005,Triple Strength Fish Oil,2026-09-17T06:41:34.65245+00:00
KW-SF-00006,Triple Strength Fish Oil,2026-09-17T06:41:34.65245+00:00
KW-SF-00007,Triple Strength Fish Oil,2026-09-17T06:41:34.65245+00:00
KW-SF-00008,Triple Strength Fish Oil,2026-09-17T06:41:34.65245+00:00
KW-SF-00009,Triple Strength Fish Oil,2026-09-17T06:41:34.65245+00:00
KW-SF-00010,Triple Strength Fish Oil,2026-09-17T06:41:34.65245+00:00
KW-SF-00011,Triple Strength Fish Oil,2026-09-17T06:41:34.65245+00:00
KW-SF-00012,Triple Strength Fish Oil,2026-09-17T06:41:34.65245+00:00
KW-SF-00013,Triple Strength Fish Oil,2026-09-17T06:41:34.65245+00:00
KW-SF-00014,Triple Strength Fish Oil,2026-09-17T06:41:34.65245+00:00
KW-SF-00015,Triple Strength Fish Oil,2026-09-17T06:41:34.65245+00:00
KW-SF-00016,Triple Strength Fish Oil,2026-09-17T06:41:34.65245+00:00
KW-SF-00017,Triple Strength Fish Oil,2026-09-17T06:41:34.65245+00:00
KW-SF-00018,Triple Strength Fish Oil,2026-09-17T06:41:34.65245+00:00
KW-SF-00019,Triple Strength Fish Oil,2026-09-17T06:41:34.65245+00:00
KW-SF-00020,Triple Strength Fish Oil,2026-09-17T06:41:34.65245+00:00
KW-SF-00021,Triple Strength Fish Oil,2026-09-17T06:41:34.65245+00:00
KW-SF-00022,Triple Strength Fish Oil,2026-09-17T06:41:34.65245+00:00
KW-SF-00023,Triple Strength Fish Oil,2026-09-17T06:41:34.65245+00:00
KW-SF-00024,Triple Strength Fish Oil,2026-09-17T06:41:34.65245+00:00
KW-SF-00025,Triple Strength Fish Oil,2026-09-17T06:41:34.65245+00:00
KW-SF-00026,Triple Strength Fish Oil,2026-09-17T06:41:34.65245+00:00
KW-SF-00027,Triple Strength Fish Oil,2026-09-17T06:41:34.65245+00:00
KW-SF-00028,Triple Strength Fish Oil,2026-09-17T06:41:34.65245+00:00
KW-SF-00029,Triple Strength Fish Oil,2026-09-17T06:41:34.65245+00:00
KW-SF-00030,Triple Strength Fish Oil,2026-09-17T06:41:34.65245+00:00
KW-SF-00031,Triple Strength Fish Oil,2026-09-17T06:41:34.65245+00:00
KW-SF-00032,Triple Strength Fish Oil,2026-09-17T06:41:34.65245+00:00
KW-SF-00033,Triple Strength Fish Oil,2026-09-17T06:41:34.65245+00:00
KW-SF-00034,Triple Strength Fish Oil,2026-09-17T06:41:34.65245+00:00
KW-SF-00035,Triple Strength Fish Oil,2026-09-17T06:41:34.65245+00:00
KW-SF-00036,Triple Strength Fish Oil,2026-09-17T06:41:34.65245+00:00
KW-SF-00037,Triple Strength Fish Oil,2026-09-17T06:41:34.65245+00:00
KW-SF-00038,Triple Strength Fish Oil,2026-09-17T06:41:34.65245+00:00
KW-SF-00039,Triple Strength Fish Oil,2026-09-17T06:41:34.65245+00:00
KW-SF-00040,Triple Strength Fish Oil,2026-09-17T06:41:34.65245+00:00
KW-SF-00041,Triple Strength Fish Oil,2026-09-17T06:41:34.65245+00:00
KW-SF-00042,Triple Strength Fish Oil,2026-09-17T06:41:34.65245+00:00
KW-SF-00043,Triple Strength Fish Oil,2026-09-17T06:41:34.65245+00:00
KW-SF-00044,Triple Strength Fish Oil,2026-09-17T06:41:34.65245+00:00
KW-SF-00045,Triple Strength Fish Oil,2026-09-17T06:41:34.65245+00:00
KW-SF-00046,Triple Strength Fish Oil,2026-09-17T06:41:34.65245+00:00
KW-SF-00047,Triple Strength Fish Oil,2026-09-17T06:41:34.65245+00:00
KW-SF-00048,Triple Strength Fish Oil,2026-09-17T06:41:34.65245+00:00
KW-SF-00049,Triple Strength Fish Oil,2026-09-17T06:41:34.65245+00:00
KW-SF-00050,Triple Strength Fish Oil,2026-09-17T06:41:34.65245+00:00
KW-SF-00051,Triple Strength Fish Oil,2026-09-17T06:41:34.65245+00:00
KW-SF-00052,Triple Strength Fish Oil,2026-09-17T06:41:34.65245+00:00
KW-SF-00053,Triple Strength Fish Oil,2026-09-17T06:41:34.65245+00:00
KW-SF-00054,Triple Strength Fish Oil,2026-09-17T06:41:34.65245+00:00
KW-SF-00055,Triple Strength Fish Oil,2026-09-17T06:41:34.65245+00:00
KW-SF-00056,Triple Strength Fish Oil,2026-09-17T06:41:34.65245+00:00
KW-SF-00057,Triple Strength Fish Oil,2026-09-17T06:41:34.65245+00:00
KW-SF-00058,Triple Strength Fish Oil,2026-09-17T06:41:34.65245+00:00
KW-SF-00059,Triple Strength Fish Oil,2026-09-17T06:41:34.65245+00:00
KW-SF-00060,Triple Strength Fish Oil,2026-09-17T06:41:34.65245+00:00
KW-SF-00061,Triple Strength Fish Oil,2026-09-17T06:41:34.65245+00:00
KW-SF-00062,Triple Strength Fish Oil,2026-09-17T06:41:34.65245+00:00
KW-SF-00063,Triple Strength Fish Oil,2026-09-17T06:41:34.65245+00:00
KW-SF-00064,Triple Strength Fish Oil,2026-09-17T06:41:34.65245+00:00
KW-SF-00065,Triple Strength Fish Oil,2026-09-17T06:41:34.65245+00:00
KW-SF-00066,Triple Strength Fish Oil,2026-09-17T06:41:34.65245+00:00
KW-SF-00067,Triple Strength Fish Oil,2026-09-17T06:41:34.65245+00:00
KW-SF-00068,Triple Strength Fish Oil,2026-09-17T06:41:34.65245+00:00
KW-SF-00069,Triple Strength Fish Oil,2026-09-17T06:41:34.65245+00:00
KW-SF-00070,Triple Strength Fish Oil,2026-09-17T06:41:34.65245+00:00
KW-SF-00071,Triple Strength Fish Oil,2026-09-17T06:41:34.65245+00:00
KW-SF-00072,Triple Strength Fish Oil,2026-09-17T06:41:34.65245+00:00
KW-SF-00073,Triple Strength Fish Oil,2026-09-17T06:41:34.65245+00:00
KW-SF-00074,Triple Strength Fish Oil,2026-09-17T06:41:34.65245+00:00
KW-SF-00075,Triple Strength Fish Oil,2026-09-17T06:41:34.65245+00:00
KW-SF-00076,Triple Strength Fish Oil,2026-09-17T06:41:34.65245+00:00
KW-SF-00077,Triple Strength Fish Oil,2026-09-17T06:41:34.65245+00:00
KW-SF-00078,Triple Strength Fish Oil,2026-09-17T06:41:34.65245+00:00
KW-SF-00079,Triple Strength Fish Oil,2026-09-17T06:41:34.65245+00:00
KW-SF-00080,Triple Strength Fish Oil,2026-09-17T06:41:34.65245+00:00
KW-SF-00081,Triple Strength Fish Oil,2026-09-17T06:41:34.65245+00:00
KW-SF-00082,Triple Strength Fish Oil,2026-09-17T06:41:34.65245+00:00
KW-SF-00083,Triple Strength Fish Oil,2026-09-17T06:41:34.65245+00:00
KW-SF-00084,Triple Strength Fish Oil,2026-09-17T06:41:34.65245+00:00
KW-SF-00085,Triple Strength Fish Oil,2026-09-17T06:41:34.65245+00:00
KW-SF-00086,Triple Strength Fish Oil,2026-09-17T06:41:34.65245+00:00
KW-SF-00087,Triple Strength Fish Oil,2026-09-17T06:41:34.65245+00:00
KW-SF-00088,Triple Strength Fish Oil,2026-09-17T06:41:34.65245+00:00
KW-SF-00089,Triple Strength Fish Oil,2026-09-17T06:41:34.65245+00:00
KW-SF-00090,Triple Strength Fish Oil,2026-09-17T06:41:34.65245+00:00
KW-SF-00091,Triple Strength Fish Oil,2026-09-17T06:41:34.65245+00:00
KW-SF-00092,Triple Strength Fish Oil,2026-09-17T06:41:34.65245+00:00
KW-SF-00093,Triple Strength Fish Oil,2026-09-17T06:41:34.65245+00:00
KW-SF-00094,Triple Strength Fish Oil,2026-09-17T06:41:34.65245+00:00
KW-SF-00095,Triple Strength Fish Oil,2026-09-17T06:41:34.65245+00:00
KW-SF-00096,Triple Strength Fish Oil,2026-09-17T06:41:34.65245+00:00
KW-SF-00097,Triple Strength Fish Oil,2026-09-17T06:41:34.65245+00:00
KW-SF-00098,Triple Strength Fish Oil,2026-09-17T06:41:34.65245+00:00
KW-SF-00099,Triple Strength Fish Oil,2026-09-17T06:41:34.65245+00:00
KW-SF-00100,Triple Strength Fish Oil,2026-09-17T06:41:34.65245+00:00
KW-SF-00101,Triple Strength Fish Oil,2026-09-17T06:41:34.65245+00:00
KW-SF-00102,Triple Strength Fish Oil,2026-09-17T06:41:34.65245+00:00
KW-SF-00103,Triple Strength Fish Oil,2026-09-17T06:41:34.65245+00:00
KW-SF-00104,Triple Strength Fish Oil,2026-09-17T06:41:34.65245+00:00
KW-SF-00105,Triple Strength Fish Oil,2026-09-17T06:41:34.65245+00:00
KW-SF-00106,Triple Strength Fish Oil,2026-09-17T06:41:34.65245+00:00
KW-SF-00107,Triple Strength Fish Oil,2026-09-17T06:41:34.65245+00:00
KW-SF-00108,Triple Strength Fish Oil,2026-09-17T06:41:34.65245+00:00
KW-SF-00109,Triple Strength Fish Oil,2026-09-17T06:41:34.65245+00:00
KW-SF-00110,Triple Strength Fish Oil,2026-09-17T06:41:34.65245+00:00
KW-SF-00111,Triple Strength Fish Oil,2026-09-17T06:41:34.65245+00:00
KW-SF-00112,Triple Strength Fish Oil,2026-09-17T06:41:34.65245+00:00
KW-SF-00113,Triple Strength Fish Oil,2026-09-17T06:41:34.65245+00:00
KW-SF-00114,Triple Strength Fish Oil,2026-09-17T06:41:34.65245+00:00
KW-SF-00115,Triple Strength Fish Oil,2026-09-17T06:41:34.65245+00:00
KW-SF-00116,Triple Strength Fish Oil,2026-09-17T06:41:34.65245+00:00
KW-SF-00117,Triple Strength Fish Oil,2026-09-17T06:41:34.65245+00:00
KW-SF-00118,Triple Strength Fish Oil,2026-09-17T06:41:34.65245+00:00
KW-SF-00119,Triple Strength Fish Oil,2026-09-17T06:41:34.65245+00:00
KW-SF-00120,Triple Strength Fish Oil,2026-09-17T06:41:34.65245+00:00
KW-SF-00121,Triple Strength Fish Oil,2026-09-17T06:41:34.65245+00:00
KW-SF-00122,Triple Strength Fish Oil,2026-09-17T06:41:34.65245+00:00
KW-SF-00123,Triple Strength Fish Oil,2026-09-17T06:41:34.65245+00:00
KW-SF-00124,Triple Strength Fish Oil,2026-09-17T06:41:34.65245+00:00
KW-SF-00125,Triple Strength Fish Oil,2026-09-17T06:41:34.65245+00:00
KW-SF-00126,Triple Strength Fish Oil,2026-09-17T06:41:34.65245+00:00
KW-SF-00127,Triple Strength Fish Oil,2026-09-17T06:41:34.65245+00:00
KW-SF-00128,Triple Strength Fish Oil,2026-09-17T06:41:34.65245+00:00
KW-SF-00129,Triple Strength Fish Oil,2026-09-17T06:41:34.65245+00:00
KW-SF-00130,Triple Strength Fish Oil,2026-09-17T06:41:34.65245+00:00
KW-SF-00131,Triple Strength Fish Oil,2026-09-17T06:41:34.65245+00:00
KW-SF-00132,Triple Strength Fish Oil,2026-09-17T06:41:34.65245+00:00
KW-SF-00133,Triple Strength Fish Oil,2026-09-17T06:41:34.65245+00:00
KW-SF-00134,Triple Strength Fish Oil,2026-09-17T06:41:34.65245+00:00
KW-SF-00135,Triple Strength Fish Oil,2026-09-17T06:41:34.65245+00:00
KW-SF-00136,Triple Strength Fish Oil,2026-09-17T06:41:34.65245+00:00
KW-SF-00137,Triple Strength Fish Oil,2026-09-17T06:41:34.65245+00:00
KW-SF-00138,Triple Strength Fish Oil,2026-09-17T06:41:34.65245+00:00
KW-SF-00139,Triple Strength Fish Oil,2026-09-17T06:41:34.65245+00:00
KW-SF-00140,Triple Strength Fish Oil,2026-09-17T06:41:34.65245+00:00
KW-SF-00141,Triple Strength Fish Oil,2026-09-17T06:41:34.65245+00:00
KW-SF-00142,Triple Strength Fish Oil,2026-09-17T06:41:34.65245+00:00
KW-SF-00143,Triple Strength Fish Oil,2026-09-17T06:41:34.65245+00:00
KW-SF-00144,Triple Strength Fish Oil,2026-09-17T06:41:34.65245+00:00
KW-SF-00145,Triple Strength Fish Oil,2026-09-17T06:41:34.65245+00:00
KW-SF-00146,Triple Strength Fish Oil,2026-09-17T06:41:34.65245+00:00
KW-SF-00147,Triple Strength Fish Oil,2026-09-17T06:41:34.65245+00:00
KW-SF-00148,Triple Strength Fish Oil,2026-09-17T06:41:34.65245+00:00
KW-SF-00149,Triple Strength Fish Oil,2026-09-17T06:41:34.65245+00:00
KW-SF-00150,Triple Strength Fish Oil,2026-09-17T06:41:34.65245+00:00
KW-SF-00151,Triple Strength Fish Oil,2026-09-17T06:41:34.65245+00:00
KW-SF-00152,Triple Strength Fish Oil,2026-09-17T06:41:34.65245+00:00
KW-SF-00153,Triple Strength Fish Oil,2026-09-17T06:41:34.65245+00:00
KW-SF-00154,Triple Strength Fish Oil,2026-09-17T06:41:34.65245+00:00
KW-SF-00155,Triple Strength Fish Oil,2026-09-17T06:41:34.65245+00:00
KW-SF-00156,Triple Strength Fish Oil,2026-09-17T06:41:34.65245+00:00
KW-SF-00157,Triple Strength Fish Oil,2026-09-17T06:41:34.65245+00:00
KW-SF-00158,Triple Strength Fish Oil,2026-09-17T06:41:34.65245+00:00
KW-SF-00159,Triple Strength Fish Oil,2026-09-17T06:41:34.65245+00:00
KW-SF-00160,Triple Strength Fish Oil,2026-09-17T06:41:34.65245+00:00
KW-SF-00161,Triple Strength Fish Oil,2026-09-17T06:41:34.65245+00:00
KW-SF-00162,Triple Strength Fish Oil,2026-09-17T06:41:34.65245+00:00
KW-SF-00163,Triple Strength Fish Oil,2026-09-17T06:41:34.65245+00:00
KW-SF-00164,Triple Strength Fish Oil,2026-09-17T06:41:34.65245+00:00
KW-SF-00165,Triple Strength Fish Oil,2026-09-17T06:41:34.65245+00:00
KW-SF-00166,Triple Strength Fish Oil,2026-09-17T06:41:34.65245+00:00
KW-SF-00167,Triple Strength Fish Oil,2026-09-17T06:41:34.65245+00:00
KW-SF-00168,Triple Strength Fish Oil,2026-09-17T06:41:34.65245+00:00
KW-SF-00169,Triple Strength Fish Oil,2026-09-17T06:41:34.65245+00:00
KW-SF-00170,Triple Strength Fish Oil,2026-09-17T06:41:34.65245+00:00
KW-SF-00171,Triple Strength Fish Oil,2026-09-17T06:41:34.65245+00:00
KW-SF-00172,Triple Strength Fish Oil,2026-09-17T06:41:34.65245+00:00
KW-SF-00173,Triple Strength Fish Oil,2026-09-17T06:41:34.65245+00:00
KW-SF-00174,Triple Strength Fish Oil,2026-09-17T06:41:34.65245+00:00
KW-SF-00175,Triple Strength Fish Oil,2026-09-17T06:41:34.65245+00:00
KW-SF-00176,Triple Strength Fish Oil,2026-09-17T06:41:34.65245+00:00
KW-SF-00177,Triple Strength Fish Oil,2026-09-17T06:41:34.65245+00:00
KW-SF-00178,Triple Strength Fish Oil,2026-09-17T06:41:34.65245+00:00
KW-SF-00179,Triple Strength Fish Oil,2026-09-17T06:41:34.65245+00:00
KW-SF-00180,Triple Strength Fish Oil,2026-09-17T06:41:34.65245+00:00
KW-SF-00181,Triple Strength Fish Oil,2026-09-17T06:41:34.65245+00:00
KW-SF-00182,Triple Strength Fish Oil,2026-09-17T06:41:34.65245+00:00
KW-SF-00183,Triple Strength Fish Oil,2026-09-17T06:41:34.65245+00:00
KW-SF-00184,Triple Strength Fish Oil,2026-09-17T06:41:34.65245+00:00
KW-SF-00185,Triple Strength Fish Oil,2026-09-17T06:41:34.65245+00:00
KW-SF-00186,Triple Strength Fish Oil,2026-09-17T06:41:34.65245+00:00
KW-SF-00187,Triple Strength Fish Oil,2026-09-17T06:41:34.65245+00:00
KW-SF-00188,Triple Strength Fish Oil,2026-09-17T06:41:34.65245+00:00
KW-SF-00189,Triple Strength Fish Oil,2026-09-17T06:41:34.65245+00:00
KW-SF-00190,Triple Strength Fish Oil,2026-09-17T06:41:34.65245+00:00
KW-SF-00191,Triple Strength Fish Oil,2026-09-17T06:41:34.65245+00:00
KW-SF-00192,Triple Strength Fish Oil,2026-09-17T06:41:34.65245+00:00
KW-SF-00193,Triple Strength Fish Oil,2026-09-17T06:41:34.65245+00:00
KW-SF-00194,Triple Strength Fish Oil,2026-09-17T06:41:34.65245+00:00
KW-SF-00195,Triple Strength Fish Oil,2026-09-17T06:41:34.65245+00:00
KW-SF-00196,Triple Strength Fish Oil,2026-09-17T06:41:34.65245+00:00
KW-SF-00197,Triple Strength Fish Oil,2026-09-17T06:41:34.65245+00:00
KW-SF-00198,Triple Strength Fish Oil,2026-09-17T06:41:34.65245+00:00
KW-SF-00199,Triple Strength Fish Oil,2026-09-17T06:41:34.65245+00:00
KW-SF-00200,Triple Strength Fish Oil,2026-09-17T06:41:34.65245+00:00
KW-SF-00201,Triple Strength Fish Oil,2026-09-17T06:41:34.65245+00:00
KW-SF-00202,Triple Strength Fish Oil,2026-09-17T06:41:34.65245+00:00
KW-SF-00203,Triple Strength Fish Oil,2026-09-17T06:41:34.65245+00:00
KW-SF-00204,Triple Strength Fish Oil,2026-09-17T06:41:34.65245+00:00
KW-SF-00205,Triple Strength Fish Oil,2026-09-17T06:41:34.65245+00:00
KW-SF-00206,Triple Strength Fish Oil,2026-09-17T06:41:34.65245+00:00
KW-SF-00207,Triple Strength Fish Oil,2026-09-17T06:41:34.65245+00:00
KW-SF-00208,Triple Strength Fish Oil,2026-09-17T06:41:34.65245+00:00
KW-SF-00209,Triple Strength Fish Oil,2026-09-17T06:41:34.65245+00:00
KW-SF-00210,Triple Strength Fish Oil,2026-09-17T06:41:34.65245+00:00
KW-SF-00211,Triple Strength Fish Oil,2026-09-17T06:41:34.65245+00:00
KW-SF-00212,Triple Strength Fish Oil,2026-09-17T06:41:34.65245+00:00
KW-SF-00213,Triple Strength Fish Oil,2026-09-17T06:41:34.65245+00:00
KW-SF-00214,Triple Strength Fish Oil,2026-09-17T06:41:34.65245+00:00
KW-SF-00215,Triple Strength Fish Oil,2026-09-17T06:41:34.65245+00:00
KW-SF-00216,Triple Strength Fish Oil,2026-09-17T06:41:34.65245+00:00
KW-SF-00217,Triple Strength Fish Oil,2026-09-17T06:41:34.65245+00:00
KW-SF-00218,Triple Strength Fish Oil,2026-09-17T06:41:34.65245+00:00
KW-SF-00219,Triple Strength Fish Oil,2026-09-17T06:41:34.65245+00:00
KW-SF-00220,Triple Strength Fish Oil,2026-09-17T06:41:34.65245+00:00
KW-SF-00221,Triple Strength Fish Oil,2026-09-17T06:41:34.65245+00:00
KW-SF-00222,Triple Strength Fish Oil,2026-09-17T06:41:34.65245+00:00
KW-SF-00223,Triple Strength Fish Oil,2026-09-17T06:41:34.65245+00:00
KW-SF-00224,Triple Strength Fish Oil,2026-09-17T06:41:34.65245+00:00
KW-SF-00225,Triple Strength Fish Oil,2026-09-17T06:41:34.65245+00:00
KW-SF-00226,Triple Strength Fish Oil,2026-09-17T06:41:34.65245+00:00
KW-SF-00227,Triple Strength Fish Oil,2026-09-17T06:41:34.65245+00:00
KW-SF-00228,Triple Strength Fish Oil,2026-09-17T06:41:34.65245+00:00
KW-SF-00229,Triple Strength Fish Oil,2026-09-17T06:41:34.65245+00:00
KW-SF-00230,Triple Strength Fish Oil,2026-09-17T06:41:34.65245+00:00
KW-SF-00231,Triple Strength Fish Oil,2026-09-17T06:41:34.65245+00:00
KW-SF-00232,Triple Strength Fish Oil,2026-09-17T06:41:34.65245+00:00
KW-SF-00233,Triple Strength Fish Oil,2026-09-17T06:41:34.65245+00:00
KW-SF-00234,Triple Strength Fish Oil,2026-09-17T06:41:34.65245+00:00
KW-SF-00235,Triple Strength Fish Oil,2026-09-17T06:41:34.65245+00:00
KW-SF-00236,Triple Strength Fish Oil,2026-09-17T06:41:34.65245+00:00
KW-SF-00237,Triple Strength Fish Oil,2026-09-17T06:41:34.65245+00:00
KW-SF-00238,Triple Strength Fish Oil,2026-09-17T06:41:34.65245+00:00
KW-SF-00239,Triple Strength Fish Oil,2026-09-17T06:41:34.65245+00:00
KW-SF-00240,Triple Strength Fish Oil,2026-09-17T06:41:34.65245+00:00
KW-SF-00241,Triple Strength Fish Oil,2026-09-17T06:41:34.65245+00:00
KW-SF-00242,Triple Strength Fish Oil,2026-09-17T06:41:34.65245+00:00
KW-SF-00243,Triple Strength Fish Oil,2026-09-17T06:41:34.65245+00:00
KW-SF-00244,Triple Strength Fish Oil,2026-09-17T06:41:34.65245+00:00
KW-SF-00245,Triple Strength Fish Oil,2026-09-17T06:41:34.65245+00:00
KW-SF-00246,Triple Strength Fish Oil,2026-09-17T06:41:34.65245+00:00
KW-SF-00247,Triple Strength Fish Oil,2026-09-17T06:41:34.65245+00:00
KW-SF-00248,Triple Strength Fish Oil,2026-09-17T06:41:34.65245+00:00
KW-SF-00249,Triple Strength Fish Oil,2026-09-17T06:41:34.65245+00:00
KW-SF-00250,Triple Strength Fish Oil,2026-09-17T06:41:34.65245+00:00
KW-SF-00251,Triple Strength Fish Oil,2026-09-17T06:41:34.65245+00:00
KW-SF-00252,Triple Strength Fish Oil,2026-09-17T06:41:34.65245+00:00
KW-SF-00253,Triple Strength Fish Oil,2026-09-17T06:41:34.65245+00:00
KW-SF-00254,Triple Strength Fish Oil,2026-09-17T06:41:34.65245+00:00
KW-SF-00255,Triple Strength Fish Oil,2026-09-17T06:41:34.65245+00:00
KW-SF-00256,Triple Strength Fish Oil,2026-09-17T06:41:34.65245+00:00
KW-SF-00257,Triple Strength Fish Oil,2026-09-17T06:41:34.65245+00:00
KW-SF-00258,Triple Strength Fish Oil,2026-09-17T06:41:34.65245+00:00
KW-SF-00259,Triple Strength Fish Oil,2026-09-17T06:41:34.65245+00:00
KW-SF-00260,Triple Strength Fish Oil,2026-09-17T06:41:34.65245+00:00
KW-SF-00261,Triple Strength Fish Oil,2026-09-17T06:41:34.65245+00:00
KW-SF-00262,Triple Strength Fish Oil,2026-09-17T06:41:34.65245+00:00
KW-SF-00263,Triple Strength Fish Oil,2026-09-17T06:41:34.65245+00:00
KW-SF-00264,Triple Strength Fish Oil,2026-09-17T06:41:34.65245+00:00
KW-SF-00265,Triple Strength Fish Oil,2026-09-17T06:41:34.65245+00:00
KW-SF-00266,Triple Strength Fish Oil,2026-09-17T06:41:34.65245+00:00
KW-SF-00267,Triple Strength Fish Oil,2026-09-17T06:41:34.65245+00:00
KW-SF-00268,Triple Strength Fish Oil,2026-09-17T06:41:34.65245+00:00
KW-SF-00269,Triple Strength Fish Oil,2026-09-17T06:41:34.65245+00:00
KW-SF-00270,Triple Strength Fish Oil,2026-09-17T06:41:34.65245+00:00
KW-SF-00271,Triple Strength Fish Oil,2026-09-17T06:41:34.65245+00:00
KW-SF-00272,Triple Strength Fish Oil,2026-09-17T06:41:34.65245+00:00
KW-SF-00273,Triple Strength Fish Oil,2026-09-17T06:41:34.65245+00:00
KW-SF-00274,Triple Strength Fish Oil,2026-09-17T06:41:34.65245+00:00
KW-SF-00275,Triple Strength Fish Oil,2026-09-17T06:41:34.65245+00:00
KW-SF-00276,Triple Strength Fish Oil,2026-09-17T06:41:34.65245+00:00
KW-SF-00277,Triple Strength Fish Oil,2026-09-17T06:41:34.65245+00:00
KW-SF-00278,Triple Strength Fish Oil,2026-09-17T06:41:34.65245+00:00
KW-SF-00279,Triple Strength Fish Oil,2026-09-17T06:41:34.65245+00:00
KW-SF-00280,Triple Strength Fish Oil,2026-09-17T06:41:34.65245+00:00
KW-SF-00281,Triple Strength Fish Oil,2026-09-17T06:41:34.65245+00:00
KW-SF-00282,Triple Strength Fish Oil,2026-09-17T06:41:34.65245+00:00
KW-SF-00283,Triple Strength Fish Oil,2026-09-17T06:41:34.65245+00:00
KW-SF-00284,Triple Strength Fish Oil,2026-09-17T06:41:34.65245+00:00
KW-SF-00285,Triple Strength Fish Oil,2026-09-17T06:41:34.65245+00:00
KW-SF-00286,Triple Strength Fish Oil,2026-09-17T06:41:34.65245+00:00
KW-SF-00287,Triple Strength Fish Oil,2026-09-17T06:41:34.65245+00:00
KW-SF-00288,Triple Strength Fish Oil,2026-09-17T06:41:34.65245+00:00
KW-SF-00289,Triple Strength Fish Oil,2026-09-17T06:41:34.65245+00:00
KW-SF-00290,Triple Strength Fish Oil,2026-09-17T06:41:34.65245+00:00
KW-SF-00291,Triple Strength Fish Oil,2026-09-17T06:41:34.65245+00:00
KW-SF-00292,Triple Strength Fish Oil,2026-09-17T06:41:34.65245+00:00
KW-SF-00293,Triple Strength Fish Oil,2026-09-17T06:41:34.65245+00:00
KW-SF-00294,Triple Strength Fish Oil,2026-09-17T06:41:34.65245+00:00
KW-SF-00295,Triple Strength Fish Oil,2026-09-17T06:41:34.65245+00:00
KW-SF-00296,Triple Strength Fish Oil,2026-09-17T06:41:34.65245+00:00
KW-SF-00297,Triple Strength Fish Oil,2026-09-17T06:41:34.65245+00:00
KW-SF-00298,Triple Strength Fish Oil,2026-09-17T06:41:34.65245+00:00
KW-SF-00299,Triple Strength Fish Oil,2026-09-17T06:41:34.65245+00:00
KW-SF-00300,Triple Strength Fish Oil,2026-09-17T06:41:34.65245+00:00
KW-SF-00301,Triple Strength Fish Oil,2026-09-17T06:41:34.65245+00:00
KW-SF-00302,Triple Strength Fish Oil,2026-09-17T06:41:34.65245+00:00
KW-SF-00303,Triple Strength Fish Oil,2026-09-17T06:41:34.65245+00:00
KW-SF-00304,Triple Strength Fish Oil,2026-09-17T06:41:34.65245+00:00
KW-SF-00305,Triple Strength Fish Oil,2026-09-17T06:41:34.65245+00:00
KW-SF-00306,Triple Strength Fish Oil,2026-09-17T06:41:34.65245+00:00
KW-SF-00307,Triple Strength Fish Oil,2026-09-17T06:41:34.65245+00:00
KW-SF-00308,Triple Strength Fish Oil,2026-09-17T06:41:34.65245+00:00
KW-SF-00309,Triple Strength Fish Oil,2026-09-17T06:41:34.65245+00:00
KW-SF-00310,Triple Strength Fish Oil,2026-09-17T06:41:34.65245+00:00
KW-SF-00311,Triple Strength Fish Oil,2026-09-17T06:41:34.65245+00:00
KW-SF-00312,Triple Strength Fish Oil,2026-09-17T06:41:34.65245+00:00
KW-SF-00313,Triple Strength Fish Oil,2026-09-17T06:41:34.65245+00:00
KW-SF-00314,Triple Strength Fish Oil,2026-09-17T06:41:34.65245+00:00
KW-SF-00315,Triple Strength Fish Oil,2026-09-17T06:41:34.65245+00:00
KW-SF-00316,Triple Strength Fish Oil,2026-09-17T06:41:34.65245+00:00
KW-SF-00317,Triple Strength Fish Oil,2026-09-17T06:41:34.65245+00:00
KW-SF-00318,Triple Strength Fish Oil,2026-09-17T06:41:34.65245+00:00
KW-SF-00319,Triple Strength Fish Oil,2026-09-17T06:41:34.65245+00:00
KW-SF-00320,Triple Strength Fish Oil,2026-09-17T06:41:34.65245+00:00
KW-SF-00321,Triple Strength Fish Oil,2026-09-17T06:41:34.65245+00:00
KW-SF-00322,Triple Strength Fish Oil,2026-09-17T06:41:34.65245+00:00
KW-SF-00323,Triple Strength Fish Oil,2026-09-17T06:41:34.65245+00:00
KW-SF-00324,Triple Strength Fish Oil,2026-09-17T06:41:34.65245+00:00
KW-SF-00325,Triple Strength Fish Oil,2026-09-17T06:41:34.65245+00:00
KW-SF-00326,Triple Strength Fish Oil,2026-09-17T06:41:34.65245+00:00
KW-SF-00327,Triple Strength Fish Oil,2026-09-17T06:41:34.65245+00:00
KW-SF-00328,Triple Strength Fish Oil,2026-09-17T06:41:34.65245+00:00
KW-SF-00329,Triple Strength Fish Oil,2026-09-17T06:41:34.65245+00:00
KW-SF-00330,Triple Strength Fish Oil,2026-09-17T06:41:34.65245+00:00
KW-SF-00331,Triple Strength Fish Oil,2026-09-17T06:41:34.65245+00:00
KW-SF-00332,Triple Strength Fish Oil,2026-09-17T06:41:34.65245+00:00
KW-SF-00333,Triple Strength Fish Oil,2026-09-17T06:41:34.65245+00:00
KW-SF-00334,Triple Strength Fish Oil,2026-09-17T06:41:34.65245+00:00
KW-SF-00335,Triple Strength Fish Oil,2026-09-17T06:41:34.65245+00:00
KW-SF-00336,Triple Strength Fish Oil,2026-09-17T06:41:34.65245+00:00
KW-SF-00337,Triple Strength Fish Oil,2026-09-17T06:41:34.65245+00:00
KW-SF-00338,Triple Strength Fish Oil,2026-09-17T06:41:34.65245+00:00
KW-SF-00339,Triple Strength Fish Oil,2026-09-17T06:41:34.65245+00:00
KW-SF-00340,Triple Strength Fish Oil,2026-09-17T06:41:34.65245+00:00
KW-SF-00341,Triple Strength Fish Oil,2026-09-17T06:41:34.65245+00:00
KW-SF-00342,Triple Strength Fish Oil,2026-09-17T06:41:34.65245+00:00
KW-SF-00343,Triple Strength Fish Oil,2026-09-17T06:41:34.65245+00:00
KW-SF-00344,Triple Strength Fish Oil,2026-09-17T06:41:34.65245+00:00
KW-SF-00345,Triple Strength Fish Oil,2026-09-17T06:41:34.65245+00:00
KW-SF-00346,Triple Strength Fish Oil,2026-09-17T06:41:34.65245+00:00
KW-SF-00347,Triple Strength Fish Oil,2026-09-17T06:41:34.65245+00:00
KW-SF-00348,Triple Strength Fish Oil,2026-09-17T06:41:34.65245+00:00
KW-SF-00349,Triple Strength Fish Oil,2026-09-17T06:41:34.65245+00:00
KW-SF-00350,Triple Strength Fish Oil,2026-09-17T06:41:34.65245+00:00
KW-SF-00351,Triple Strength Fish Oil,2026-09-17T06:41:34.65245+00:00
KW-SF-00352,Triple Strength Fish Oil,2026-09-17T06:41:34.65245+00:00
KW-SF-00353,Triple Strength Fish Oil,2026-09-17T06:41:34.65245+00:00
KW-SF-00354,Triple Strength Fish Oil,2026-09-17T06:41:34.65245+00:00
KW-SF-00355,Triple Strength Fish Oil,2026-09-17T06:41:34.65245+00:00
KW-SF-00356,Triple Strength Fish Oil,2026-09-17T06:41:34.65245+00:00
KW-SF-00357,Triple Strength Fish Oil,2026-09-17T06:41:34.65245+00:00
KW-SF-00358,Triple Strength Fish Oil,2026-09-17T06:41:34.65245+00:00
KW-SF-00359,Triple Strength Fish Oil,2026-09-17T06:41:34.65245+00:00
KW-SF-00360,Triple Strength Fish Oil,2026-09-17T06:41:34.65245+00:00
KW-SF-00361,Triple Strength Fish Oil,2026-09-17T06:41:34.65245+00:00
KW-SF-00362,Triple Strength Fish Oil,2026-09-17T06:41:34.65245+00:00
KW-SF-00363,Triple Strength Fish Oil,2026-09-17T06:41:34.65245+00:00
KW-SF-00364,Triple Strength Fish Oil,2026-09-17T06:41:34.65245+00:00
KW-SF-00365,Triple Strength Fish Oil,2026-09-17T06:41:34.65245+00:00
KW-SF-00366,Triple Strength Fish Oil,2026-09-17T06:41:34.65245+00:00
KW-SF-00367,Triple Strength Fish Oil,2026-09-17T06:41:34.65245+00:00
KW-SF-00368,Triple Strength Fish Oil,2026-09-17T06:41:34.65245+00:00
KW-SF-00369,Triple Strength Fish Oil,2026-09-17T06:41:34.65245+00:00
KW-SF-00370,Triple Strength Fish Oil,2026-09-17T06:41:34.65245+00:00
KW-SF-00371,Triple Strength Fish Oil,2026-09-17T06:41:34.65245+00:00
KW-SF-00372,Triple Strength Fish Oil,2026-09-17T06:41:34.65245+00:00
KW-SF-00373,Triple Strength Fish Oil,2026-09-17T06:41:34.65245+00:00
KW-SF-00374,Triple Strength Fish Oil,2026-09-17T06:41:34.65245+00:00
KW-SF-00375,Triple Strength Fish Oil,2026-09-17T06:41:34.65245+00:00
KW-SF-00376,Triple Strength Fish Oil,2026-09-17T06:41:34.65245+00:00
KW-SF-00377,Triple Strength Fish Oil,2026-09-17T06:41:34.65245+00:00
KW-SF-00378,Triple Strength Fish Oil,2026-09-17T06:41:34.65245+00:00
KW-SF-00379,Triple Strength Fish Oil,2026-09-17T06:41:34.65245+00:00
KW-SF-00380,Triple Strength Fish Oil,2026-09-17T06:41:34.65245+00:00
KW-SF-00381,Triple Strength Fish Oil,2026-09-17T06:41:34.65245+00:00
KW-SF-00382,Triple Strength Fish Oil,2026-09-17T06:41:34.65245+00:00
KW-SF-00383,Triple Strength Fish Oil,2026-09-17T06:41:34.65245+00:00
KW-SF-00384,Triple Strength Fish Oil,2026-09-17T06:41:34.65245+00:00
KW-SF-00385,Triple Strength Fish Oil,2026-09-17T06:41:34.65245+00:00
KW-SF-00386,Triple Strength Fish Oil,2026-09-17T06:41:34.65245+00:00
KW-SF-00387,Triple Strength Fish Oil,2026-09-17T06:41:34.65245+00:00
KW-SF-00388,Triple Strength Fish Oil,2026-09-17T06:41:34.65245+00:00
KW-SF-00389,Triple Strength Fish Oil,2026-09-17T06:41:34.65245+00:00
KW-SF-00390,Triple Strength Fish Oil,2026-09-17T06:41:34.65245+00:00
KW-SF-00391,Triple Strength Fish Oil,2026-09-17T06:41:34.65245+00:00
KW-SF-00392,Triple Strength Fish Oil,2026-09-17T06:41:34.65245+00:00
KW-SF-00393,Triple Strength Fish Oil,2026-09-17T06:41:34.65245+00:00
KW-SF-00394,Triple Strength Fish Oil,2026-09-17T06:41:34.65245+00:00
KW-SF-00395,Triple Strength Fish Oil,2026-09-17T06:41:34.65245+00:00
KW-SF-00396,Triple Strength Fish Oil,2026-09-17T06:41:34.65245+00:00
KW-SF-00397,Triple Strength Fish Oil,2026-09-17T06:41:34.65245+00:00
KW-SF-00398,Triple Strength Fish Oil,2026-09-17T06:41:34.65245+00:00
KW-SF-00399,Triple Strength Fish Oil,2026-09-17T06:41:34.65245+00:00
KW-SF-00400,Triple Strength Fish Oil,2026-09-17T06:41:34.65245+00:00
KW-SF-00401,Triple Strength Fish Oil,2026-09-17T06:41:34.65245+00:00
KW-SF-00402,Triple Strength Fish Oil,2026-09-17T06:41:34.65245+00:00
KW-SF-00403,Triple Strength Fish Oil,2026-09-17T06:41:34.65245+00:00
KW-SF-00404,Triple Strength Fish Oil,2026-09-17T06:41:34.65245+00:00
KW-SF-00405,Triple Strength Fish Oil,2026-09-17T06:41:34.65245+00:00
KW-SF-00406,Triple Strength Fish Oil,2026-09-17T06:41:34.65245+00:00
KW-SF-00407,Triple Strength Fish Oil,2026-09-17T06:41:34.65245+00:00
KW-SF-00408,Triple Strength Fish Oil,2026-09-17T06:41:34.65245+00:00
KW-SF-00409,Triple Strength Fish Oil,2026-09-17T06:41:34.65245+00:00
KW-SF-00410,Triple Strength Fish Oil,2026-09-17T06:41:34.65245+00:00
KW-AS-00001,KSM-66 Ashwagandha,2026-09-17T06:41:34.65245+00:00
KW-AS-00002,KSM-66 Ashwagandha,2026-09-17T06:41:34.65245+00:00
KW-AS-00003,KSM-66 Ashwagandha,2026-09-17T06:41:34.65245+00:00
KW-AS-00004,KSM-66 Ashwagandha,2026-09-17T06:41:34.65245+00:00
KW-AS-00005,KSM-66 Ashwagandha,2026-09-17T06:41:34.65245+00:00
KW-AS-00006,KSM-66 Ashwagandha,2026-09-17T06:41:34.65245+00:00
KW-AS-00007,KSM-66 Ashwagandha,2026-09-17T06:41:34.65245+00:00
KW-AS-00008,KSM-66 Ashwagandha,2026-09-17T06:41:34.65245+00:00
KW-AS-00009,KSM-66 Ashwagandha,2026-09-17T06:41:34.65245+00:00
KW-AS-00010,KSM-66 Ashwagandha,2026-09-17T06:41:34.65245+00:00
KW-AS-00011,KSM-66 Ashwagandha,2026-09-17T06:41:34.65245+00:00
KW-AS-00012,KSM-66 Ashwagandha,2026-09-17T06:41:34.65245+00:00
KW-AS-00013,KSM-66 Ashwagandha,2026-09-17T06:41:34.65245+00:00
KW-AS-00014,KSM-66 Ashwagandha,2026-09-17T06:41:34.65245+00:00
KW-AS-00015,KSM-66 Ashwagandha,2026-09-17T06:41:34.65245+00:00
KW-AS-00016,KSM-66 Ashwagandha,2026-09-17T06:41:34.65245+00:00
KW-AS-00017,KSM-66 Ashwagandha,2026-09-17T06:41:34.65245+00:00
KW-AS-00018,KSM-66 Ashwagandha,2026-09-17T06:41:34.65245+00:00
KW-AS-00019,KSM-66 Ashwagandha,2026-09-17T06:41:34.65245+00:00
KW-AS-00020,KSM-66 Ashwagandha,2026-09-17T06:41:34.65245+00:00
KW-AS-00021,KSM-66 Ashwagandha,2026-09-17T06:41:34.65245+00:00
KW-AS-00022,KSM-66 Ashwagandha,2026-09-17T06:41:34.65245+00:00
KW-AS-00023,KSM-66 Ashwagandha,2026-09-17T06:41:34.65245+00:00
KW-AS-00024,KSM-66 Ashwagandha,2026-09-17T06:41:34.65245+00:00
KW-AS-00025,KSM-66 Ashwagandha,2026-09-17T06:41:34.65245+00:00
KW-AS-00026,KSM-66 Ashwagandha,2026-09-17T06:41:34.65245+00:00
KW-AS-00027,KSM-66 Ashwagandha,2026-09-17T06:41:34.65245+00:00
KW-AS-00028,KSM-66 Ashwagandha,2026-09-17T06:41:34.65245+00:00
KW-AS-00029,KSM-66 Ashwagandha,2026-09-17T06:41:34.65245+00:00
KW-AS-00030,KSM-66 Ashwagandha,2026-09-17T06:41:34.65245+00:00
KW-AS-00031,KSM-66 Ashwagandha,2026-09-17T06:41:34.65245+00:00
KW-AS-00032,KSM-66 Ashwagandha,2026-09-17T06:41:34.65245+00:00
KW-AS-00033,KSM-66 Ashwagandha,2026-09-17T06:41:34.65245+00:00
KW-AS-00034,KSM-66 Ashwagandha,2026-09-17T06:41:34.65245+00:00
KW-AS-00035,KSM-66 Ashwagandha,2026-09-17T06:41:34.65245+00:00
KW-AS-00036,KSM-66 Ashwagandha,2026-09-17T06:41:34.65245+00:00
KW-AS-00037,KSM-66 Ashwagandha,2026-09-17T06:41:34.65245+00:00
KW-AS-00038,KSM-66 Ashwagandha,2026-09-17T06:41:34.65245+00:00
KW-AS-00039,KSM-66 Ashwagandha,2026-09-17T06:41:34.65245+00:00
KW-AS-00040,KSM-66 Ashwagandha,2026-09-17T06:41:34.65245+00:00
KW-AS-00041,KSM-66 Ashwagandha,2026-09-17T06:41:34.65245+00:00
KW-AS-00042,KSM-66 Ashwagandha,2026-09-17T06:41:34.65245+00:00
KW-AS-00043,KSM-66 Ashwagandha,2026-09-17T06:41:34.65245+00:00
KW-AS-00044,KSM-66 Ashwagandha,2026-09-17T06:41:34.65245+00:00
KW-AS-00045,KSM-66 Ashwagandha,2026-09-17T06:41:34.65245+00:00
KW-AS-00046,KSM-66 Ashwagandha,2026-09-17T06:41:34.65245+00:00
KW-AS-00047,KSM-66 Ashwagandha,2026-09-17T06:41:34.65245+00:00
KW-AS-00048,KSM-66 Ashwagandha,2026-09-17T06:41:34.65245+00:00
KW-AS-00049,KSM-66 Ashwagandha,2026-09-17T06:41:34.65245+00:00
KW-AS-00050,KSM-66 Ashwagandha,2026-09-17T06:41:34.65245+00:00
KW-AS-00051,KSM-66 Ashwagandha,2026-09-17T06:41:34.65245+00:00
KW-AS-00052,KSM-66 Ashwagandha,2026-09-17T06:41:34.65245+00:00
KW-AS-00053,KSM-66 Ashwagandha,2026-09-17T06:41:34.65245+00:00
KW-AS-00054,KSM-66 Ashwagandha,2026-09-17T06:41:34.65245+00:00
KW-AS-00055,KSM-66 Ashwagandha,2026-09-17T06:41:34.65245+00:00
KW-AS-00056,KSM-66 Ashwagandha,2026-09-17T06:41:34.65245+00:00
KW-AS-00057,KSM-66 Ashwagandha,2026-09-17T06:41:34.65245+00:00
KW-AS-00058,KSM-66 Ashwagandha,2026-09-17T06:41:34.65245+00:00
KW-AS-00059,KSM-66 Ashwagandha,2026-09-17T06:41:34.65245+00:00
KW-AS-00060,KSM-66 Ashwagandha,2026-09-17T06:41:34.65245+00:00
KW-AS-00061,KSM-66 Ashwagandha,2026-09-17T06:41:34.65245+00:00
KW-AS-00062,KSM-66 Ashwagandha,2026-09-17T06:41:34.65245+00:00
KW-AS-00063,KSM-66 Ashwagandha,2026-09-17T06:41:34.65245+00:00
KW-AS-00064,KSM-66 Ashwagandha,2026-09-17T06:41:34.65245+00:00
KW-AS-00065,KSM-66 Ashwagandha,2026-09-17T06:41:34.65245+00:00
KW-AS-00066,KSM-66 Ashwagandha,2026-09-17T06:41:34.65245+00:00
KW-AS-00067,KSM-66 Ashwagandha,2026-09-17T06:41:34.65245+00:00
KW-AS-00068,KSM-66 Ashwagandha,2026-09-17T06:41:34.65245+00:00
KW-AS-00069,KSM-66 Ashwagandha,2026-09-17T06:41:34.65245+00:00
KW-AS-00070,KSM-66 Ashwagandha,2026-09-17T06:41:34.65245+00:00
KW-AS-00071,KSM-66 Ashwagandha,2026-09-17T06:41:34.65245+00:00
KW-AS-00072,KSM-66 Ashwagandha,2026-09-17T06:41:34.65245+00:00
KW-AS-00073,KSM-66 Ashwagandha,2026-09-17T06:41:34.65245+00:00
KW-AS-00074,KSM-66 Ashwagandha,2026-09-17T06:41:34.65245+00:00
KW-AS-00075,KSM-66 Ashwagandha,2026-09-17T06:41:34.65245+00:00
KW-AS-00076,KSM-66 Ashwagandha,2026-09-17T06:41:34.65245+00:00
KW-AS-00077,KSM-66 Ashwagandha,2026-09-17T06:41:34.65245+00:00
KW-AS-00078,KSM-66 Ashwagandha,2026-09-17T06:41:34.65245+00:00
KW-AS-00079,KSM-66 Ashwagandha,2026-09-17T06:41:34.65245+00:00
KW-AS-00080,KSM-66 Ashwagandha,2026-09-17T06:41:34.65245+00:00
KW-AS-00081,KSM-66 Ashwagandha,2026-09-17T06:41:34.65245+00:00
KW-AS-00082,KSM-66 Ashwagandha,2026-09-17T06:41:34.65245+00:00
KW-AS-00083,KSM-66 Ashwagandha,2026-09-17T06:41:34.65245+00:00
KW-AS-00084,KSM-66 Ashwagandha,2026-09-17T06:41:34.65245+00:00
KW-AS-00085,KSM-66 Ashwagandha,2026-09-17T06:41:34.65245+00:00
KW-AS-00086,KSM-66 Ashwagandha,2026-09-17T06:41:34.65245+00:00
KW-AS-00087,KSM-66 Ashwagandha,2026-09-17T06:41:34.65245+00:00
KW-AS-00088,KSM-66 Ashwagandha,2026-09-17T06:41:34.65245+00:00
KW-AS-00089,KSM-66 Ashwagandha,2026-09-17T06:41:34.65245+00:00
KW-AS-00090,KSM-66 Ashwagandha,2026-09-17T06:41:34.65245+00:00
KW-AS-00091,KSM-66 Ashwagandha,2026-09-17T06:41:34.65245+00:00
KW-AS-00092,KSM-66 Ashwagandha,2026-09-17T06:41:34.65245+00:00
KW-AS-00093,KSM-66 Ashwagandha,2026-09-17T06:41:34.65245+00:00
KW-AS-00094,KSM-66 Ashwagandha,2026-09-17T06:41:34.65245+00:00
KW-AS-00095,KSM-66 Ashwagandha,2026-09-17T06:41:34.65245+00:00
KW-AS-00096,KSM-66 Ashwagandha,2026-09-17T06:41:34.65245+00:00
KW-AS-00097,KSM-66 Ashwagandha,2026-09-17T06:41:34.65245+00:00
KW-AS-00098,KSM-66 Ashwagandha,2026-09-17T06:41:34.65245+00:00
KW-AS-00099,KSM-66 Ashwagandha,2026-09-17T06:41:34.65245+00:00
KW-AS-00100,KSM-66 Ashwagandha,2026-09-17T06:41:34.65245+00:00
KW-AS-00101,KSM-66 Ashwagandha,2026-09-17T06:41:34.65245+00:00
KW-AS-00102,KSM-66 Ashwagandha,2026-09-17T06:41:34.65245+00:00
KW-AS-00103,KSM-66 Ashwagandha,2026-09-17T06:41:34.65245+00:00
KW-AS-00104,KSM-66 Ashwagandha,2026-09-17T06:41:34.65245+00:00
KW-AS-00105,KSM-66 Ashwagandha,2026-09-17T06:41:34.65245+00:00
KW-AS-00106,KSM-66 Ashwagandha,2026-09-17T06:41:34.65245+00:00
KW-AS-00107,KSM-66 Ashwagandha,2026-09-17T06:41:34.65245+00:00
KW-AS-00108,KSM-66 Ashwagandha,2026-09-17T06:41:34.65245+00:00
KW-AS-00109,KSM-66 Ashwagandha,2026-09-17T06:41:34.65245+00:00
KW-AS-00110,KSM-66 Ashwagandha,2026-09-17T06:41:34.65245+00:00
KW-AS-00111,KSM-66 Ashwagandha,2026-09-17T06:41:34.65245+00:00
KW-AS-00112,KSM-66 Ashwagandha,2026-09-17T06:41:34.65245+00:00
KW-AS-00113,KSM-66 Ashwagandha,2026-09-17T06:41:34.65245+00:00
KW-AS-00114,KSM-66 Ashwagandha,2026-09-17T06:41:34.65245+00:00
KW-AS-00115,KSM-66 Ashwagandha,2026-09-17T06:41:34.65245+00:00
KW-AS-00116,KSM-66 Ashwagandha,2026-09-17T06:41:34.65245+00:00
KW-AS-00117,KSM-66 Ashwagandha,2026-09-17T06:41:34.65245+00:00
KW-AS-00118,KSM-66 Ashwagandha,2026-09-17T06:41:34.65245+00:00
KW-AS-00119,KSM-66 Ashwagandha,2026-09-17T06:41:34.65245+00:00
KW-AS-00120,KSM-66 Ashwagandha,2026-09-17T06:41:34.65245+00:00
KW-AS-00121,KSM-66 Ashwagandha,2026-09-17T06:41:34.65245+00:00
KW-AS-00122,KSM-66 Ashwagandha,2026-09-17T06:41:34.65245+00:00
KW-AS-00123,KSM-66 Ashwagandha,2026-09-17T06:41:34.65245+00:00
KW-AS-00124,KSM-66 Ashwagandha,2026-09-17T06:41:34.65245+00:00
KW-AS-00125,KSM-66 Ashwagandha,2026-09-17T06:41:34.65245+00:00
KW-AS-00126,KSM-66 Ashwagandha,2026-09-17T06:41:34.65245+00:00
KW-AS-00127,KSM-66 Ashwagandha,2026-09-17T06:41:34.65245+00:00
KW-AS-00128,KSM-66 Ashwagandha,2026-09-17T06:41:34.65245+00:00
KW-AS-00129,KSM-66 Ashwagandha,2026-09-17T06:41:34.65245+00:00
KW-AS-00130,KSM-66 Ashwagandha,2026-09-17T06:41:34.65245+00:00
KW-AS-00131,KSM-66 Ashwagandha,2026-09-17T06:41:34.65245+00:00
KW-AS-00132,KSM-66 Ashwagandha,2026-09-17T06:41:34.65245+00:00
KW-AS-00133,KSM-66 Ashwagandha,2026-09-17T06:41:34.65245+00:00
KW-AS-00134,KSM-66 Ashwagandha,2026-09-17T06:41:34.65245+00:00
KW-AS-00135,KSM-66 Ashwagandha,2026-09-17T06:41:34.65245+00:00
KW-AS-00136,KSM-66 Ashwagandha,2026-09-17T06:41:34.65245+00:00
KW-AS-00137,KSM-66 Ashwagandha,2026-09-17T06:41:34.65245+00:00
KW-AS-00138,KSM-66 Ashwagandha,2026-09-17T06:41:34.65245+00:00
KW-AS-00139,KSM-66 Ashwagandha,2026-09-17T06:41:34.65245+00:00
KW-AS-00140,KSM-66 Ashwagandha,2026-09-17T06:41:34.65245+00:00
KW-AS-00141,KSM-66 Ashwagandha,2026-09-17T06:41:34.65245+00:00
KW-AS-00142,KSM-66 Ashwagandha,2026-09-17T06:41:34.65245+00:00
KW-AS-00143,KSM-66 Ashwagandha,2026-09-17T06:41:34.65245+00:00
KW-AS-00144,KSM-66 Ashwagandha,2026-09-17T06:41:34.65245+00:00
KW-AS-00145,KSM-66 Ashwagandha,2026-09-17T06:41:34.65245+00:00
KW-AS-00146,KSM-66 Ashwagandha,2026-09-17T06:41:34.65245+00:00
KW-AS-00147,KSM-66 Ashwagandha,2026-09-17T06:41:34.65245+00:00
KW-AS-00148,KSM-66 Ashwagandha,2026-09-17T06:41:34.65245+00:00
KW-AS-00149,KSM-66 Ashwagandha,2026-09-17T06:41:34.65245+00:00
KW-AS-00150,KSM-66 Ashwagandha,2026-09-17T06:41:34.65245+00:00
KW-AS-00151,KSM-66 Ashwagandha,2026-09-17T06:41:34.65245+00:00
KW-AS-00152,KSM-66 Ashwagandha,2026-09-17T06:41:34.65245+00:00
KW-AS-00153,KSM-66 Ashwagandha,2026-09-17T06:41:34.65245+00:00
KW-AS-00154,KSM-66 Ashwagandha,2026-09-17T06:41:34.65245+00:00
KW-AS-00155,KSM-66 Ashwagandha,2026-09-17T06:41:34.65245+00:00
KW-AS-00156,KSM-66 Ashwagandha,2026-09-17T06:41:34.65245+00:00
KW-AS-00157,KSM-66 Ashwagandha,2026-09-17T06:41:34.65245+00:00
KW-AS-00158,KSM-66 Ashwagandha,2026-09-17T06:41:34.65245+00:00
KW-AS-00159,KSM-66 Ashwagandha,2026-09-17T06:41:34.65245+00:00
KW-AS-00160,KSM-66 Ashwagandha,2026-09-17T06:41:34.65245+00:00
KW-AS-00161,KSM-66 Ashwagandha,2026-09-17T06:41:34.65245+00:00
KW-AS-00162,KSM-66 Ashwagandha,2026-09-17T06:41:34.65245+00:00
KW-AS-00163,KSM-66 Ashwagandha,2026-09-17T06:41:34.65245+00:00
KW-AS-00164,KSM-66 Ashwagandha,2026-09-17T06:41:34.65245+00:00
KW-AS-00165,KSM-66 Ashwagandha,2026-09-17T06:41:34.65245+00:00
KW-AS-00166,KSM-66 Ashwagandha,2026-09-17T06:41:34.65245+00:00
KW-AS-00167,KSM-66 Ashwagandha,2026-09-17T06:41:34.65245+00:00
KW-AS-00168,KSM-66 Ashwagandha,2026-09-17T06:41:34.65245+00:00
KW-AS-00169,KSM-66 Ashwagandha,2026-09-17T06:41:34.65245+00:00
KW-AS-00170,KSM-66 Ashwagandha,2026-09-17T06:41:34.65245+00:00
KW-AS-00171,KSM-66 Ashwagandha,2026-09-17T06:41:34.65245+00:00
KW-AS-00172,KSM-66 Ashwagandha,2026-09-17T06:41:34.65245+00:00
KW-AS-00173,KSM-66 Ashwagandha,2026-09-17T06:41:34.65245+00:00
KW-AS-00174,KSM-66 Ashwagandha,2026-09-17T06:41:34.65245+00:00
KW-AS-00175,KSM-66 Ashwagandha,2026-09-17T06:41:34.65245+00:00
KW-AS-00176,KSM-66 Ashwagandha,2026-09-17T06:41:34.65245+00:00
KW-AS-00177,KSM-66 Ashwagandha,2026-09-17T06:41:34.65245+00:00
KW-AS-00178,KSM-66 Ashwagandha,2026-09-17T06:41:34.65245+00:00
KW-AS-00179,KSM-66 Ashwagandha,2026-09-17T06:41:34.65245+00:00
KW-AS-00180,KSM-66 Ashwagandha,2026-09-17T06:41:34.65245+00:00
KW-AS-00181,KSM-66 Ashwagandha,2026-09-17T06:41:34.65245+00:00
KW-AS-00182,KSM-66 Ashwagandha,2026-09-17T06:41:34.65245+00:00
KW-AS-00183,KSM-66 Ashwagandha,2026-09-17T06:41:34.65245+00:00
KW-AS-00184,KSM-66 Ashwagandha,2026-09-17T06:41:34.65245+00:00
KW-AS-00185,KSM-66 Ashwagandha,2026-09-17T06:41:34.65245+00:00
KW-AS-00186,KSM-66 Ashwagandha,2026-09-17T06:41:34.65245+00:00
KW-AS-00187,KSM-66 Ashwagandha,2026-09-17T06:41:34.65245+00:00
KW-AS-00188,KSM-66 Ashwagandha,2026-09-17T06:41:34.65245+00:00
KW-AS-00189,KSM-66 Ashwagandha,2026-09-17T06:41:34.65245+00:00
KW-AS-00190,KSM-66 Ashwagandha,2026-09-17T06:41:34.65245+00:00
KW-AS-00191,KSM-66 Ashwagandha,2026-09-17T06:41:34.65245+00:00
KW-AS-00192,KSM-66 Ashwagandha,2026-09-17T06:41:34.65245+00:00
KW-AS-00193,KSM-66 Ashwagandha,2026-09-17T06:41:34.65245+00:00
KW-AS-00194,KSM-66 Ashwagandha,2026-09-17T06:41:34.65245+00:00
KW-AS-00195,KSM-66 Ashwagandha,2026-09-17T06:41:34.65245+00:00
KW-AS-00196,KSM-66 Ashwagandha,2026-09-17T06:41:34.65245+00:00
KW-AS-00197,KSM-66 Ashwagandha,2026-09-17T06:41:34.65245+00:00
KW-AS-00198,KSM-66 Ashwagandha,2026-09-17T06:41:34.65245+00:00
KW-AS-00199,KSM-66 Ashwagandha,2026-09-17T06:41:34.65245+00:00
KW-AS-00200,KSM-66 Ashwagandha,2026-09-17T06:41:34.65245+00:00
KW-AS-00201,KSM-66 Ashwagandha,2026-09-17T06:41:34.65245+00:00
KW-AS-00202,KSM-66 Ashwagandha,2026-09-17T06:41:34.65245+00:00
KW-AS-00203,KSM-66 Ashwagandha,2026-09-17T06:41:34.65245+00:00
KW-AS-00204,KSM-66 Ashwagandha,2026-09-17T06:41:34.65245+00:00
KW-AS-00205,KSM-66 Ashwagandha,2026-09-17T06:41:34.65245+00:00
KW-AS-00206,KSM-66 Ashwagandha,2026-09-17T06:41:34.65245+00:00
KW-AS-00207,KSM-66 Ashwagandha,2026-09-17T06:41:34.65245+00:00
KW-AS-00208,KSM-66 Ashwagandha,2026-09-17T06:41:34.65245+00:00
KW-AS-00209,KSM-66 Ashwagandha,2026-09-17T06:41:34.65245+00:00
KW-AS-00210,KSM-66 Ashwagandha,2026-09-17T06:41:34.65245+00:00
KW-AS-00211,KSM-66 Ashwagandha,2026-09-17T06:41:34.65245+00:00
KW-AS-00212,KSM-66 Ashwagandha,2026-09-17T06:41:34.65245+00:00
KW-AS-00213,KSM-66 Ashwagandha,2026-09-17T06:41:34.65245+00:00
KW-AS-00214,KSM-66 Ashwagandha,2026-09-17T06:41:34.65245+00:00
KW-AS-00215,KSM-66 Ashwagandha,2026-09-17T06:41:34.65245+00:00
KW-AS-00216,KSM-66 Ashwagandha,2026-09-17T06:41:34.65245+00:00
KW-AS-00217,KSM-66 Ashwagandha,2026-09-17T06:41:34.65245+00:00
KW-AS-00218,KSM-66 Ashwagandha,2026-09-17T06:41:34.65245+00:00
KW-AS-00219,KSM-66 Ashwagandha,2026-09-17T06:41:34.65245+00:00
KW-AS-00220,KSM-66 Ashwagandha,2026-09-17T06:41:34.65245+00:00
KW-AS-00221,KSM-66 Ashwagandha,2026-09-17T06:41:34.65245+00:00
KW-AS-00222,KSM-66 Ashwagandha,2026-09-17T06:41:34.65245+00:00
KW-AS-00223,KSM-66 Ashwagandha,2026-09-17T06:41:34.65245+00:00
KW-AS-00224,KSM-66 Ashwagandha,2026-09-17T06:41:34.65245+00:00
KW-AS-00225,KSM-66 Ashwagandha,2026-09-17T06:41:34.65245+00:00
KW-AS-00226,KSM-66 Ashwagandha,2026-09-17T06:41:34.65245+00:00
KW-AS-00227,KSM-66 Ashwagandha,2026-09-17T06:41:34.65245+00:00
KW-AS-00228,KSM-66 Ashwagandha,2026-09-17T06:41:34.65245+00:00
KW-AS-00229,KSM-66 Ashwagandha,2026-09-17T06:41:34.65245+00:00
KW-AS-00230,KSM-66 Ashwagandha,2026-09-17T06:41:34.65245+00:00
KW-AS-00231,KSM-66 Ashwagandha,2026-09-17T06:41:34.65245+00:00
KW-AS-00232,KSM-66 Ashwagandha,2026-09-17T06:41:34.65245+00:00
KW-AS-00233,KSM-66 Ashwagandha,2026-09-17T06:41:34.65245+00:00
KW-AS-00234,KSM-66 Ashwagandha,2026-09-17T06:41:34.65245+00:00
KW-AS-00235,KSM-66 Ashwagandha,2026-09-17T06:41:34.65245+00:00
KW-AS-00236,KSM-66 Ashwagandha,2026-09-17T06:41:34.65245+00:00
KW-AS-00237,KSM-66 Ashwagandha,2026-09-17T06:41:34.65245+00:00
KW-AS-00238,KSM-66 Ashwagandha,2026-09-17T06:41:34.65245+00:00
KW-AS-00239,KSM-66 Ashwagandha,2026-09-17T06:41:34.65245+00:00
KW-AS-00240,KSM-66 Ashwagandha,2026-09-17T06:41:34.65245+00:00
KW-AS-00241,KSM-66 Ashwagandha,2026-09-17T06:41:34.65245+00:00
KW-AS-00242,KSM-66 Ashwagandha,2026-09-17T06:41:34.65245+00:00
KW-AS-00243,KSM-66 Ashwagandha,2026-09-17T06:41:34.65245+00:00
KW-AS-00244,KSM-66 Ashwagandha,2026-09-17T06:41:34.65245+00:00
KW-AS-00245,KSM-66 Ashwagandha,2026-09-17T06:41:34.65245+00:00
KW-AS-00246,KSM-66 Ashwagandha,2026-09-17T06:41:34.65245+00:00
KW-AS-00247,KSM-66 Ashwagandha,2026-09-17T06:41:34.65245+00:00
KW-AS-00248,KSM-66 Ashwagandha,2026-09-17T06:41:34.65245+00:00
KW-AS-00249,KSM-66 Ashwagandha,2026-09-17T06:41:34.65245+00:00
KW-AS-00250,KSM-66 Ashwagandha,2026-09-17T06:41:34.65245+00:00
KW-AS-00251,KSM-66 Ashwagandha,2026-09-17T06:41:34.65245+00:00
KW-AS-00252,KSM-66 Ashwagandha,2026-09-17T06:41:34.65245+00:00
KW-AS-00253,KSM-66 Ashwagandha,2026-09-17T06:41:34.65245+00:00
KW-AS-00254,KSM-66 Ashwagandha,2026-09-17T06:41:34.65245+00:00
KW-AS-00255,KSM-66 Ashwagandha,2026-09-17T06:41:34.65245+00:00
KW-AS-00256,KSM-66 Ashwagandha,2026-09-17T06:41:34.65245+00:00
KW-AS-00257,KSM-66 Ashwagandha,2026-09-17T06:41:34.65245+00:00
KW-AS-00258,KSM-66 Ashwagandha,2026-09-17T06:41:34.65245+00:00
KW-AS-00259,KSM-66 Ashwagandha,2026-09-17T06:41:34.65245+00:00
KW-AS-00260,KSM-66 Ashwagandha,2026-09-17T06:41:34.65245+00:00
KW-AS-00261,KSM-66 Ashwagandha,2026-09-17T06:41:34.65245+00:00
KW-AS-00262,KSM-66 Ashwagandha,2026-09-17T06:41:34.65245+00:00
KW-AS-00263,KSM-66 Ashwagandha,2026-09-17T06:41:34.65245+00:00
KW-AS-00264,KSM-66 Ashwagandha,2026-09-17T06:41:34.65245+00:00
KW-AS-00265,KSM-66 Ashwagandha,2026-09-17T06:41:34.65245+00:00
KW-AS-00266,KSM-66 Ashwagandha,2026-09-17T06:41:34.65245+00:00
KW-AS-00267,KSM-66 Ashwagandha,2026-09-17T06:41:34.65245+00:00
KW-AS-00268,KSM-66 Ashwagandha,2026-09-17T06:41:34.65245+00:00
KW-AS-00269,KSM-66 Ashwagandha,2026-09-17T06:41:34.65245+00:00
KW-AS-00270,KSM-66 Ashwagandha,2026-09-17T06:41:34.65245+00:00
KW-AS-00271,KSM-66 Ashwagandha,2026-09-17T06:41:34.65245+00:00
KW-AS-00272,KSM-66 Ashwagandha,2026-09-17T06:41:34.65245+00:00
KW-AS-00273,KSM-66 Ashwagandha,2026-09-17T06:41:34.65245+00:00
KW-AS-00274,KSM-66 Ashwagandha,2026-09-17T06:41:34.65245+00:00
KW-AS-00275,KSM-66 Ashwagandha,2026-09-17T06:41:34.65245+00:00
KW-AS-00276,KSM-66 Ashwagandha,2026-09-17T06:41:34.65245+00:00
KW-AS-00277,KSM-66 Ashwagandha,2026-09-17T06:41:34.65245+00:00
KW-AS-00278,KSM-66 Ashwagandha,2026-09-17T06:41:34.65245+00:00
KW-AS-00279,KSM-66 Ashwagandha,2026-09-17T06:41:34.65245+00:00
KW-AS-00280,KSM-66 Ashwagandha,2026-09-17T06:41:34.65245+00:00
KW-AS-00281,KSM-66 Ashwagandha,2026-09-17T06:41:34.65245+00:00
KW-AS-00282,KSM-66 Ashwagandha,2026-09-17T06:41:34.65245+00:00
KW-AS-00283,KSM-66 Ashwagandha,2026-09-17T06:41:34.65245+00:00
KW-AS-00284,KSM-66 Ashwagandha,2026-09-17T06:41:34.65245+00:00
KW-AS-00285,KSM-66 Ashwagandha,2026-09-17T06:41:34.65245+00:00
KW-AS-00286,KSM-66 Ashwagandha,2026-09-17T06:41:34.65245+00:00
KW-AS-00287,KSM-66 Ashwagandha,2026-09-17T06:41:34.65245+00:00
KW-AS-00288,KSM-66 Ashwagandha,2026-09-17T06:41:34.65245+00:00
KW-AS-00289,KSM-66 Ashwagandha,2026-09-17T06:41:34.65245+00:00
KW-AS-00290,KSM-66 Ashwagandha,2026-09-17T06:41:34.65245+00:00
KW-AS-00291,KSM-66 Ashwagandha,2026-09-17T06:41:34.65245+00:00
KW-AS-00292,KSM-66 Ashwagandha,2026-09-17T06:41:34.65245+00:00
KW-AS-00293,KSM-66 Ashwagandha,2026-09-17T06:41:34.65245+00:00
KW-AS-00294,KSM-66 Ashwagandha,2026-09-17T06:41:34.65245+00:00
KW-AS-00295,KSM-66 Ashwagandha,2026-09-17T06:41:34.65245+00:00
KW-AS-00296,KSM-66 Ashwagandha,2026-09-17T06:41:34.65245+00:00
KW-AS-00297,KSM-66 Ashwagandha,2026-09-17T06:41:34.65245+00:00
KW-AS-00298,KSM-66 Ashwagandha,2026-09-17T06:41:34.65245+00:00
KW-AS-00299,KSM-66 Ashwagandha,2026-09-17T06:41:34.65245+00:00
KW-AS-00300,KSM-66 Ashwagandha,2026-09-17T06:41:34.65245+00:00
KW-AS-00301,KSM-66 Ashwagandha,2026-09-17T06:41:34.65245+00:00
KW-AS-00302,KSM-66 Ashwagandha,2026-09-17T06:41:34.65245+00:00
KW-AS-00303,KSM-66 Ashwagandha,2026-09-17T06:41:34.65245+00:00
KW-AS-00304,KSM-66 Ashwagandha,2026-09-17T06:41:34.65245+00:00
KW-AS-00305,KSM-66 Ashwagandha,2026-09-17T06:41:34.65245+00:00
KW-AS-00306,KSM-66 Ashwagandha,2026-09-17T06:41:34.65245+00:00
KW-AS-00307,KSM-66 Ashwagandha,2026-09-17T06:41:34.65245+00:00
KW-AS-00308,KSM-66 Ashwagandha,2026-09-17T06:41:34.65245+00:00
KW-AS-00309,KSM-66 Ashwagandha,2026-09-17T06:41:34.65245+00:00
KW-AS-00310,KSM-66 Ashwagandha,2026-09-17T06:41:34.65245+00:00
KW-AS-00311,KSM-66 Ashwagandha,2026-09-17T06:41:34.65245+00:00
KW-AS-00312,KSM-66 Ashwagandha,2026-09-17T06:41:34.65245+00:00
KW-AS-00313,KSM-66 Ashwagandha,2026-09-17T06:41:34.65245+00:00
KW-AS-00314,KSM-66 Ashwagandha,2026-09-17T06:41:34.65245+00:00
KW-AS-00315,KSM-66 Ashwagandha,2026-09-17T06:41:34.65245+00:00
KW-AS-00316,KSM-66 Ashwagandha,2026-09-17T06:41:34.65245+00:00
KW-AS-00317,KSM-66 Ashwagandha,2026-09-17T06:41:34.65245+00:00
KW-AS-00318,KSM-66 Ashwagandha,2026-09-17T06:41:34.65245+00:00
KW-AS-00319,KSM-66 Ashwagandha,2026-09-17T06:41:34.65245+00:00
KW-AS-00320,KSM-66 Ashwagandha,2026-09-17T06:41:34.65245+00:00
KW-AS-00321,KSM-66 Ashwagandha,2026-09-17T06:41:34.65245+00:00
KW-AS-00322,KSM-66 Ashwagandha,2026-09-17T06:41:34.65245+00:00
KW-AS-00323,KSM-66 Ashwagandha,2026-09-17T06:41:34.65245+00:00
KW-AS-00324,KSM-66 Ashwagandha,2026-09-17T06:41:34.65245+00:00
KW-AS-00325,KSM-66 Ashwagandha,2026-09-17T06:41:34.65245+00:00
KW-AS-00326,KSM-66 Ashwagandha,2026-09-17T06:41:34.65245+00:00
KW-AS-00327,KSM-66 Ashwagandha,2026-09-17T06:41:34.65245+00:00
KW-AS-00328,KSM-66 Ashwagandha,2026-09-17T06:41:34.65245+00:00
KW-AS-00329,KSM-66 Ashwagandha,2026-09-17T06:41:34.65245+00:00
KW-AS-00330,KSM-66 Ashwagandha,2026-09-17T06:41:34.65245+00:00
KW-AS-00331,KSM-66 Ashwagandha,2026-09-17T06:41:34.65245+00:00
KW-AS-00332,KSM-66 Ashwagandha,2026-09-17T06:41:34.65245+00:00
KW-AS-00333,KSM-66 Ashwagandha,2026-09-17T06:41:34.65245+00:00
KW-AS-00334,KSM-66 Ashwagandha,2026-09-17T06:41:34.65245+00:00
KW-AS-00335,KSM-66 Ashwagandha,2026-09-17T06:41:34.65245+00:00
KW-AS-00336,KSM-66 Ashwagandha,2026-09-17T06:41:34.65245+00:00
KW-AS-00337,KSM-66 Ashwagandha,2026-09-17T06:41:34.65245+00:00
KW-AS-00338,KSM-66 Ashwagandha,2026-09-17T06:41:34.65245+00:00
KW-AS-00339,KSM-66 Ashwagandha,2026-09-17T06:41:34.65245+00:00
KW-AS-00340,KSM-66 Ashwagandha,2026-09-17T06:41:34.65245+00:00
KW-AS-00341,KSM-66 Ashwagandha,2026-09-17T06:41:34.65245+00:00
KW-AS-00342,KSM-66 Ashwagandha,2026-09-17T06:41:34.65245+00:00
KW-AS-00343,KSM-66 Ashwagandha,2026-09-17T06:41:34.65245+00:00
KW-AS-00344,KSM-66 Ashwagandha,2026-09-17T06:41:34.65245+00:00
KW-AS-00345,KSM-66 Ashwagandha,2026-09-17T06:41:34.65245+00:00
KW-AS-00346,KSM-66 Ashwagandha,2026-09-17T06:41:34.65245+00:00
KW-AS-00347,KSM-66 Ashwagandha,2026-09-17T06:41:34.65245+00:00
KW-AS-00348,KSM-66 Ashwagandha,2026-09-17T06:41:34.65245+00:00
KW-AS-00349,KSM-66 Ashwagandha,2026-09-17T06:41:34.65245+00:00
KW-AS-00350,KSM-66 Ashwagandha,2026-09-17T06:41:34.65245+00:00
KW-AS-00351,KSM-66 Ashwagandha,2026-09-17T06:41:34.65245+00:00
KW-AS-00352,KSM-66 Ashwagandha,2026-09-17T06:41:34.65245+00:00
KW-AS-00353,KSM-66 Ashwagandha,2026-09-17T06:41:34.65245+00:00
KW-AS-00354,KSM-66 Ashwagandha,2026-09-17T06:41:34.65245+00:00
KW-AS-00355,KSM-66 Ashwagandha,2026-09-17T06:41:34.65245+00:00
KW-AS-00356,KSM-66 Ashwagandha,2026-09-17T06:41:34.65245+00:00
KW-AS-00357,KSM-66 Ashwagandha,2026-09-17T06:41:34.65245+00:00
KW-AS-00358,KSM-66 Ashwagandha,2026-09-17T06:41:34.65245+00:00
KW-AS-00359,KSM-66 Ashwagandha,2026-09-17T06:41:34.65245+00:00
KW-AS-00360,KSM-66 Ashwagandha,2026-09-17T06:41:34.65245+00:00
KW-AS-00361,KSM-66 Ashwagandha,2026-09-17T06:41:34.65245+00:00
KW-AS-00362,KSM-66 Ashwagandha,2026-09-17T06:41:34.65245+00:00
KW-AS-00363,KSM-66 Ashwagandha,2026-09-17T06:41:34.65245+00:00
KW-AS-00364,KSM-66 Ashwagandha,2026-09-17T06:41:34.65245+00:00
KW-AS-00365,KSM-66 Ashwagandha,2026-09-17T06:41:34.65245+00:00
KW-AS-00366,KSM-66 Ashwagandha,2026-09-17T06:41:34.65245+00:00
KW-AS-00367,KSM-66 Ashwagandha,2026-09-17T06:41:34.65245+00:00
KW-AS-00368,KSM-66 Ashwagandha,2026-09-17T06:41:34.65245+00:00
KW-AS-00369,KSM-66 Ashwagandha,2026-09-17T06:41:34.65245+00:00
KW-AS-00370,KSM-66 Ashwagandha,2026-09-17T06:41:34.65245+00:00
KW-AS-00371,KSM-66 Ashwagandha,2026-09-17T06:41:34.65245+00:00
KW-AS-00372,KSM-66 Ashwagandha,2026-09-17T06:41:34.65245+00:00
KW-AS-00373,KSM-66 Ashwagandha,2026-09-17T06:41:34.65245+00:00
KW-AS-00374,KSM-66 Ashwagandha,2026-09-17T06:41:34.65245+00:00
KW-AS-00375,KSM-66 Ashwagandha,2026-09-17T06:41:34.65245+00:00
KW-AS-00376,KSM-66 Ashwagandha,2026-09-17T06:41:34.65245+00:00
KW-AS-00377,KSM-66 Ashwagandha,2026-09-17T06:41:34.65245+00:00
KW-AS-00378,KSM-66 Ashwagandha,2026-09-17T06:41:34.65245+00:00
KW-AS-00379,KSM-66 Ashwagandha,2026-09-17T06:41:34.65245+00:00
KW-AS-00380,KSM-66 Ashwagandha,2026-09-17T06:41:34.65245+00:00
KW-AS-00381,KSM-66 Ashwagandha,2026-09-17T06:41:34.65245+00:00
KW-AS-00382,KSM-66 Ashwagandha,2026-09-17T06:41:34.65245+00:00
KW-AS-00383,KSM-66 Ashwagandha,2026-09-17T06:41:34.65245+00:00
KW-AS-00384,KSM-66 Ashwagandha,2026-09-17T06:41:34.65245+00:00
KW-AS-00385,KSM-66 Ashwagandha,2026-09-17T06:41:34.65245+00:00
KW-AS-00386,KSM-66 Ashwagandha,2026-09-17T06:41:34.65245+00:00
KW-AS-00387,KSM-66 Ashwagandha,2026-09-17T06:41:34.65245+00:00
KW-AS-00388,KSM-66 Ashwagandha,2026-09-17T06:41:34.65245+00:00
KW-AS-00389,KSM-66 Ashwagandha,2026-09-17T06:41:34.65245+00:00
KW-AS-00390,KSM-66 Ashwagandha,2026-09-17T06:41:34.65245+00:00
KW-AS-00391,KSM-66 Ashwagandha,2026-09-17T06:41:34.65245+00:00
KW-AS-00392,KSM-66 Ashwagandha,2026-09-17T06:41:34.65245+00:00
KW-AS-00393,KSM-66 Ashwagandha,2026-09-17T06:41:34.65245+00:00
KW-AS-00394,KSM-66 Ashwagandha,2026-09-17T06:41:34.65245+00:00
KW-AS-00395,KSM-66 Ashwagandha,2026-09-17T06:41:34.65245+00:00
KW-AS-00396,KSM-66 Ashwagandha,2026-09-17T06:41:34.65245+00:00
KW-AS-00397,KSM-66 Ashwagandha,2026-09-17T06:41:34.65245+00:00
KW-AS-00398,KSM-66 Ashwagandha,2026-09-17T06:41:34.65245+00:00
KW-AS-00399,KSM-66 Ashwagandha,2026-09-17T06:41:34.65245+00:00
KW-AS-00400,KSM-66 Ashwagandha,2026-09-17T06:41:34.65245+00:00
KW-CT-00001,Fat Burner,2026-09-17T06:41:34.65245+00:00
KW-CT-00002,Fat Burner,2026-09-17T06:41:34.65245+00:00
KW-CT-00003,Fat Burner,2026-09-17T06:41:34.65245+00:00
KW-CT-00004,Fat Burner,2026-09-17T06:41:34.65245+00:00
KW-CT-00005,Fat Burner,2026-09-17T06:41:34.65245+00:00
KW-CT-00006,Fat Burner,2026-09-17T06:41:34.65245+00:00
KW-CT-00007,Fat Burner,2026-09-17T06:41:34.65245+00:00
KW-CT-00008,Fat Burner,2026-09-17T06:41:34.65245+00:00
KW-CT-00009,Fat Burner,2026-09-17T06:41:34.65245+00:00
KW-CT-00010,Fat Burner,2026-09-17T06:41:34.65245+00:00
KW-CT-00011,Fat Burner,2026-09-17T06:41:34.65245+00:00
KW-CT-00012,Fat Burner,2026-09-17T06:41:34.65245+00:00
KW-CT-00013,Fat Burner,2026-09-17T06:41:34.65245+00:00
KW-CT-00014,Fat Burner,2026-09-17T06:41:34.65245+00:00
KW-CT-00015,Fat Burner,2026-09-17T06:41:34.65245+00:00
KW-CT-00016,Fat Burner,2026-09-17T06:41:34.65245+00:00
KW-CT-00017,Fat Burner,2026-09-17T06:41:34.65245+00:00
KW-CT-00018,Fat Burner,2026-09-17T06:41:34.65245+00:00
KW-CT-00019,Fat Burner,2026-09-17T06:41:34.65245+00:00
KW-CT-00020,Fat Burner,2026-09-17T06:41:34.65245+00:00
KW-CT-00021,Fat Burner,2026-09-17T06:41:34.65245+00:00
KW-CT-00022,Fat Burner,2026-09-17T06:41:34.65245+00:00
KW-CT-00023,Fat Burner,2026-09-17T06:41:34.65245+00:00
KW-CT-00024,Fat Burner,2026-09-17T06:41:34.65245+00:00
KW-CT-00025,Fat Burner,2026-09-17T06:41:34.65245+00:00
KW-CT-00026,Fat Burner,2026-09-17T06:41:34.65245+00:00
KW-CT-00027,Fat Burner,2026-09-17T06:41:34.65245+00:00
KW-CT-00028,Fat Burner,2026-09-17T06:41:34.65245+00:00
KW-CT-00029,Fat Burner,2026-09-17T06:41:34.65245+00:00
KW-CT-00030,Fat Burner,2026-09-17T06:41:34.65245+00:00
KW-CT-00031,Fat Burner,2026-09-17T06:41:34.65245+00:00
KW-CT-00032,Fat Burner,2026-09-17T06:41:34.65245+00:00
KW-CT-00033,Fat Burner,2026-09-17T06:41:34.65245+00:00
KW-CT-00034,Fat Burner,2026-09-17T06:41:34.65245+00:00
KW-CT-00035,Fat Burner,2026-09-17T06:41:34.65245+00:00
KW-CT-00036,Fat Burner,2026-09-17T06:41:34.65245+00:00
KW-CT-00037,Fat Burner,2026-09-17T06:41:34.65245+00:00
KW-CT-00038,Fat Burner,2026-09-17T06:41:34.65245+00:00
KW-CT-00039,Fat Burner,2026-09-17T06:41:34.65245+00:00
KW-CT-00040,Fat Burner,2026-09-17T06:41:34.65245+00:00
KW-CT-00041,Fat Burner,2026-09-17T06:41:34.65245+00:00
KW-CT-00042,Fat Burner,2026-09-17T06:41:34.65245+00:00
KW-CT-00043,Fat Burner,2026-09-17T06:41:34.65245+00:00
KW-CT-00044,Fat Burner,2026-09-17T06:41:34.65245+00:00
KW-CT-00045,Fat Burner,2026-09-17T06:41:34.65245+00:00
KW-CT-00046,Fat Burner,2026-09-17T06:41:34.65245+00:00
KW-CT-00047,Fat Burner,2026-09-17T06:41:34.65245+00:00
KW-CT-00048,Fat Burner,2026-09-17T06:41:34.65245+00:00
KW-CT-00049,Fat Burner,2026-09-17T06:41:34.65245+00:00
KW-CT-00050,Fat Burner,2026-09-17T06:41:34.65245+00:00
KW-CT-00051,Fat Burner,2026-09-17T06:41:34.65245+00:00
KW-CT-00052,Fat Burner,2026-09-17T06:41:34.65245+00:00
KW-CT-00053,Fat Burner,2026-09-17T06:41:34.65245+00:00
KW-CT-00054,Fat Burner,2026-09-17T06:41:34.65245+00:00
KW-CT-00055,Fat Burner,2026-09-17T06:41:34.65245+00:00
KW-CT-00056,Fat Burner,2026-09-17T06:41:34.65245+00:00
KW-CT-00057,Fat Burner,2026-09-17T06:41:34.65245+00:00
KW-CT-00058,Fat Burner,2026-09-17T06:41:34.65245+00:00
KW-CT-00059,Fat Burner,2026-09-17T06:41:34.65245+00:00
KW-CT-00060,Fat Burner,2026-09-17T06:41:34.65245+00:00
KW-CT-00061,Fat Burner,2026-09-17T06:41:34.65245+00:00
KW-CT-00062,Fat Burner,2026-09-17T06:41:34.65245+00:00
KW-CT-00063,Fat Burner,2026-09-17T06:41:34.65245+00:00
KW-CT-00064,Fat Burner,2026-09-17T06:41:34.65245+00:00
KW-CT-00065,Fat Burner,2026-09-17T06:41:34.65245+00:00
KW-CT-00066,Fat Burner,2026-09-17T06:41:34.65245+00:00
KW-CT-00067,Fat Burner,2026-09-17T06:41:34.65245+00:00
KW-CT-00068,Fat Burner,2026-09-17T06:41:34.65245+00:00
KW-CT-00069,Fat Burner,2026-09-17T06:41:34.65245+00:00
KW-CT-00070,Fat Burner,2026-09-17T06:41:34.65245+00:00
KW-CT-00071,Fat Burner,2026-09-17T06:41:34.65245+00:00
KW-CT-00072,Fat Burner,2026-09-17T06:41:34.65245+00:00
KW-CT-00073,Fat Burner,2026-09-17T06:41:34.65245+00:00
KW-CT-00074,Fat Burner,2026-09-17T06:41:34.65245+00:00
KW-CT-00075,Fat Burner,2026-09-17T06:41:34.65245+00:00
KW-CT-00076,Fat Burner,2026-09-17T06:41:34.65245+00:00
KW-CT-00077,Fat Burner,2026-09-17T06:41:34.65245+00:00
KW-CT-00078,Fat Burner,2026-09-17T06:41:34.65245+00:00
KW-CT-00079,Fat Burner,2026-09-17T06:41:34.65245+00:00
KW-CT-00080,Fat Burner,2026-09-17T06:41:34.65245+00:00
KW-CT-00081,Fat Burner,2026-09-17T06:41:34.65245+00:00
KW-CT-00082,Fat Burner,2026-09-17T06:41:34.65245+00:00
KW-CT-00083,Fat Burner,2026-09-17T06:41:34.65245+00:00
KW-CT-00084,Fat Burner,2026-09-17T06:41:34.65245+00:00
KW-CT-00085,Fat Burner,2026-09-17T06:41:34.65245+00:00
KW-CT-00086,Fat Burner,2026-09-17T06:41:34.65245+00:00
KW-CT-00087,Fat Burner,2026-09-17T06:41:34.65245+00:00
KW-CT-00088,Fat Burner,2026-09-17T06:41:34.65245+00:00
KW-CT-00089,Fat Burner,2026-09-17T06:41:34.65245+00:00
KW-CT-00090,Fat Burner,2026-09-17T06:41:34.65245+00:00
KW-CT-00091,Fat Burner,2026-09-17T06:41:34.65245+00:00
KW-CT-00092,Fat Burner,2026-09-17T06:41:34.65245+00:00
KW-CT-00093,Fat Burner,2026-09-17T06:41:34.65245+00:00
KW-CT-00094,Fat Burner,2026-09-17T06:41:34.65245+00:00
KW-CT-00095,Fat Burner,2026-09-17T06:41:34.65245+00:00
KW-CT-00096,Fat Burner,2026-09-17T06:41:34.65245+00:00
KW-CT-00097,Fat Burner,2026-09-17T06:41:34.65245+00:00
KW-CT-00098,Fat Burner,2026-09-17T06:41:34.65245+00:00
KW-CT-00099,Fat Burner,2026-09-17T06:41:34.65245+00:00
KW-CT-00100,Fat Burner,2026-09-17T06:41:34.65245+00:00
KW-CT-00101,Fat Burner,2026-09-17T06:41:34.65245+00:00
KW-CT-00102,Fat Burner,2026-09-17T06:41:34.65245+00:00
KW-CT-00103,Fat Burner,2026-09-17T06:41:34.65245+00:00
KW-CT-00104,Fat Burner,2026-09-17T06:41:34.65245+00:00
KW-CT-00105,Fat Burner,2026-09-17T06:41:34.65245+00:00
KW-CT-00106,Fat Burner,2026-09-17T06:41:34.65245+00:00
KW-CT-00107,Fat Burner,2026-09-17T06:41:34.65245+00:00
KW-CT-00108,Fat Burner,2026-09-17T06:41:34.65245+00:00
KW-CT-00109,Fat Burner,2026-09-17T06:41:34.65245+00:00
KW-CT-00110,Fat Burner,2026-09-17T06:41:34.65245+00:00
KW-CT-00111,Fat Burner,2026-09-17T06:41:34.65245+00:00
KW-CT-00112,Fat Burner,2026-09-17T06:41:34.65245+00:00
KW-CT-00113,Fat Burner,2026-09-17T06:41:34.65245+00:00
KW-CT-00114,Fat Burner,2026-09-17T06:41:34.65245+00:00
KW-CT-00115,Fat Burner,2026-09-17T06:41:34.65245+00:00
KW-CT-00116,Fat Burner,2026-09-17T06:41:34.65245+00:00
KW-CT-00117,Fat Burner,2026-09-17T06:41:34.65245+00:00
KW-CT-00118,Fat Burner,2026-09-17T06:41:34.65245+00:00
KW-CT-00119,Fat Burner,2026-09-17T06:41:34.65245+00:00
KW-CT-00120,Fat Burner,2026-09-17T06:41:34.65245+00:00
KW-CT-00121,Fat Burner,2026-09-17T06:41:34.65245+00:00
KW-CT-00122,Fat Burner,2026-09-17T06:41:34.65245+00:00
KW-CT-00123,Fat Burner,2026-09-17T06:41:34.65245+00:00
KW-CT-00124,Fat Burner,2026-09-17T06:41:34.65245+00:00
KW-CT-00125,Fat Burner,2026-09-17T06:41:34.65245+00:00
KW-CT-00126,Fat Burner,2026-09-17T06:41:34.65245+00:00
KW-CT-00127,Fat Burner,2026-09-17T06:41:34.65245+00:00
KW-CT-00128,Fat Burner,2026-09-17T06:41:34.65245+00:00
KW-CT-00129,Fat Burner,2026-09-17T06:41:34.65245+00:00
KW-CT-00130,Fat Burner,2026-09-17T06:41:34.65245+00:00
KW-CT-00131,Fat Burner,2026-09-17T06:41:34.65245+00:00
KW-CT-00132,Fat Burner,2026-09-17T06:41:34.65245+00:00
KW-CT-00133,Fat Burner,2026-09-17T06:41:34.65245+00:00
KW-CT-00134,Fat Burner,2026-09-17T06:41:34.65245+00:00
KW-CT-00135,Fat Burner,2026-09-17T06:41:34.65245+00:00
KW-CT-00136,Fat Burner,2026-09-17T06:41:34.65245+00:00
KW-CT-00137,Fat Burner,2026-09-17T06:41:34.65245+00:00
KW-CT-00138,Fat Burner,2026-09-17T06:41:34.65245+00:00
KW-CT-00139,Fat Burner,2026-09-17T06:41:34.65245+00:00
KW-CT-00140,Fat Burner,2026-09-17T06:41:34.65245+00:00
KW-CT-00141,Fat Burner,2026-09-17T06:41:34.65245+00:00
KW-CT-00142,Fat Burner,2026-09-17T06:41:34.65245+00:00
KW-CT-00143,Fat Burner,2026-09-17T06:41:34.65245+00:00
KW-CT-00144,Fat Burner,2026-09-17T06:41:34.65245+00:00
KW-CT-00145,Fat Burner,2026-09-17T06:41:34.65245+00:00
KW-CT-00146,Fat Burner,2026-09-17T06:41:34.65245+00:00
KW-CT-00147,Fat Burner,2026-09-17T06:41:34.65245+00:00
KW-CT-00148,Fat Burner,2026-09-17T06:41:34.65245+00:00
KW-CT-00149,Fat Burner,2026-09-17T06:41:34.65245+00:00
KW-CT-00150,Fat Burner,2026-09-17T06:41:34.65245+00:00
KW-CT-00151,Fat Burner,2026-09-17T06:41:34.65245+00:00
KW-CT-00152,Fat Burner,2026-09-17T06:41:34.65245+00:00
KW-CT-00153,Fat Burner,2026-09-17T06:41:34.65245+00:00
KW-CT-00154,Fat Burner,2026-09-17T06:41:34.65245+00:00
KW-CT-00155,Fat Burner,2026-09-17T06:41:34.65245+00:00
KW-CT-00156,Fat Burner,2026-09-17T06:41:34.65245+00:00
KW-CT-00157,Fat Burner,2026-09-17T06:41:34.65245+00:00
KW-CT-00158,Fat Burner,2026-09-17T06:41:34.65245+00:00
KW-CT-00159,Fat Burner,2026-09-17T06:41:34.65245+00:00
KW-CT-00160,Fat Burner,2026-09-17T06:41:34.65245+00:00
KW-CT-00161,Fat Burner,2026-09-17T06:41:34.65245+00:00
KW-CT-00162,Fat Burner,2026-09-17T06:41:34.65245+00:00
KW-CT-00163,Fat Burner,2026-09-17T06:41:34.65245+00:00
KW-CT-00164,Fat Burner,2026-09-17T06:41:34.65245+00:00
KW-CT-00165,Fat Burner,2026-09-17T06:41:34.65245+00:00
KW-CT-00166,Fat Burner,2026-09-17T06:41:34.65245+00:00
KW-CT-00167,Fat Burner,2026-09-17T06:41:34.65245+00:00
KW-CT-00168,Fat Burner,2026-09-17T06:41:34.65245+00:00
KW-CT-00169,Fat Burner,2026-09-17T06:41:34.65245+00:00
KW-CT-00170,Fat Burner,2026-09-17T06:41:34.65245+00:00
KW-CT-00171,Fat Burner,2026-09-17T06:41:34.65245+00:00
KW-CT-00172,Fat Burner,2026-09-17T06:41:34.65245+00:00
KW-CT-00173,Fat Burner,2026-09-17T06:41:34.65245+00:00
KW-CT-00174,Fat Burner,2026-09-17T06:41:34.65245+00:00
KW-CT-00175,Fat Burner,2026-09-17T06:41:34.65245+00:00
KW-CT-00176,Fat Burner,2026-09-17T06:41:34.65245+00:00
KW-CT-00177,Fat Burner,2026-09-17T06:41:34.65245+00:00
KW-CT-00178,Fat Burner,2026-09-17T06:41:34.65245+00:00
KW-CT-00179,Fat Burner,2026-09-17T06:41:34.65245+00:00
KW-CT-00180,Fat Burner,2026-09-17T06:41:34.65245+00:00
KW-CT-00181,Fat Burner,2026-09-17T06:41:34.65245+00:00
KW-CT-00182,Fat Burner,2026-09-17T06:41:34.65245+00:00
KW-CT-00183,Fat Burner,2026-09-17T06:41:34.65245+00:00
KW-CT-00184,Fat Burner,2026-09-17T06:41:34.65245+00:00
KW-CT-00185,Fat Burner,2026-09-17T06:41:34.65245+00:00
KW-CT-00186,Fat Burner,2026-09-17T06:41:34.65245+00:00
KW-CT-00187,Fat Burner,2026-09-17T06:41:34.65245+00:00
KW-CT-00188,Fat Burner,2026-09-17T06:41:34.65245+00:00
KW-CT-00189,Fat Burner,2026-09-17T06:41:34.65245+00:00
KW-CT-00190,Fat Burner,2026-09-17T06:41:34.65245+00:00
KW-CT-00191,Fat Burner,2026-09-17T06:41:35.36873+00:00
KW-CT-00192,Fat Burner,2026-09-17T06:41:35.36873+00:00
KW-CT-00193,Fat Burner,2026-09-17T06:41:35.36873+00:00
KW-CT-00194,Fat Burner,2026-09-17T06:41:35.36873+00:00
KW-CT-00195,Fat Burner,2026-09-17T06:41:35.36873+00:00
KW-CT-00196,Fat Burner,2026-09-17T06:41:35.36873+00:00
KW-CT-00197,Fat Burner,2026-09-17T06:41:35.36873+00:00
KW-CT-00198,Fat Burner,2026-09-17T06:41:35.36873+00:00
KW-CT-00199,Fat Burner,2026-09-17T06:41:35.36873+00:00
KW-CT-00200,Fat Burner,2026-09-17T06:41:35.36873+00:00
KW-CT-00201,Fat Burner,2026-09-17T06:41:35.36873+00:00
KW-CT-00202,Fat Burner,2026-09-17T06:41:35.36873+00:00
KW-CT-00203,Fat Burner,2026-09-17T06:41:35.36873+00:00
KW-CT-00204,Fat Burner,2026-09-17T06:41:35.36873+00:00
KW-CT-00205,Fat Burner,2026-09-17T06:41:35.36873+00:00
KW-CT-00206,Fat Burner,2026-09-17T06:41:35.36873+00:00
KW-CT-00207,Fat Burner,2026-09-17T06:41:35.36873+00:00
KW-CT-00208,Fat Burner,2026-09-17T06:41:35.36873+00:00
KW-CT-00209,Fat Burner,2026-09-17T06:41:35.36873+00:00
KW-CT-00210,Fat Burner,2026-09-17T06:41:35.36873+00:00
KW-CT-00211,Fat Burner,2026-09-17T06:41:35.36873+00:00
KW-CT-00212,Fat Burner,2026-09-17T06:41:35.36873+00:00
KW-CT-00213,Fat Burner,2026-09-17T06:41:35.36873+00:00
KW-CT-00214,Fat Burner,2026-09-17T06:41:35.36873+00:00
KW-CT-00215,Fat Burner,2026-09-17T06:41:35.36873+00:00
KW-CT-00216,Fat Burner,2026-09-17T06:41:35.36873+00:00
KW-CT-00217,Fat Burner,2026-09-17T06:41:35.36873+00:00
KW-CT-00218,Fat Burner,2026-09-17T06:41:35.36873+00:00
KW-CT-00219,Fat Burner,2026-09-17T06:41:35.36873+00:00
KW-CT-00220,Fat Burner,2026-09-17T06:41:35.36873+00:00
KW-CT-00221,Fat Burner,2026-09-17T06:41:35.36873+00:00
KW-CT-00222,Fat Burner,2026-09-17T06:41:35.36873+00:00
KW-CT-00223,Fat Burner,2026-09-17T06:41:35.36873+00:00
KW-CT-00224,Fat Burner,2026-09-17T06:41:35.36873+00:00
KW-CT-00225,Fat Burner,2026-09-17T06:41:35.36873+00:00
KW-CT-00226,Fat Burner,2026-09-17T06:41:35.36873+00:00
KW-CT-00227,Fat Burner,2026-09-17T06:41:35.36873+00:00
KW-CT-00228,Fat Burner,2026-09-17T06:41:35.36873+00:00
KW-CT-00229,Fat Burner,2026-09-17T06:41:35.36873+00:00
KW-CT-00230,Fat Burner,2026-09-17T06:41:35.36873+00:00
KW-CT-00231,Fat Burner,2026-09-17T06:41:35.36873+00:00
KW-CT-00232,Fat Burner,2026-09-17T06:41:35.36873+00:00
KW-CT-00233,Fat Burner,2026-09-17T06:41:35.36873+00:00
KW-CT-00234,Fat Burner,2026-09-17T06:41:35.36873+00:00
KW-CT-00235,Fat Burner,2026-09-17T06:41:35.36873+00:00
KW-CT-00236,Fat Burner,2026-09-17T06:41:35.36873+00:00
KW-CT-00237,Fat Burner,2026-09-17T06:41:35.36873+00:00
KW-CT-00238,Fat Burner,2026-09-17T06:41:35.36873+00:00
KW-CT-00239,Fat Burner,2026-09-17T06:41:35.36873+00:00
KW-CT-00240,Fat Burner,2026-09-17T06:41:35.36873+00:00
KW-CT-00241,Fat Burner,2026-09-17T06:41:35.36873+00:00
KW-CT-00242,Fat Burner,2026-09-17T06:41:35.36873+00:00
KW-CT-00243,Fat Burner,2026-09-17T06:41:35.36873+00:00
KW-CT-00244,Fat Burner,2026-09-17T06:41:35.36873+00:00
KW-CT-00245,Fat Burner,2026-09-17T06:41:35.36873+00:00
KW-CT-00246,Fat Burner,2026-09-17T06:41:35.36873+00:00
KW-CT-00247,Fat Burner,2026-09-17T06:41:35.36873+00:00
KW-CT-00248,Fat Burner,2026-09-17T06:41:35.36873+00:00
KW-CT-00249,Fat Burner,2026-09-17T06:41:35.36873+00:00
KW-CT-00250,Fat Burner,2026-09-17T06:41:35.36873+00:00
KW-CT-00251,Fat Burner,2026-09-17T06:41:35.36873+00:00
KW-CT-00252,Fat Burner,2026-09-17T06:41:35.36873+00:00
KW-CT-00253,Fat Burner,2026-09-17T06:41:35.36873+00:00
KW-CT-00254,Fat Burner,2026-09-17T06:41:35.36873+00:00
KW-CT-00255,Fat Burner,2026-09-17T06:41:35.36873+00:00
KW-CT-00256,Fat Burner,2026-09-17T06:41:35.36873+00:00
KW-CT-00257,Fat Burner,2026-09-17T06:41:35.36873+00:00
KW-CT-00258,Fat Burner,2026-09-17T06:41:35.36873+00:00
KW-CT-00259,Fat Burner,2026-09-17T06:41:35.36873+00:00
KW-CT-00260,Fat Burner,2026-09-17T06:41:35.36873+00:00
KW-CT-00261,Fat Burner,2026-09-17T06:41:35.36873+00:00
KW-CT-00262,Fat Burner,2026-09-17T06:41:35.36873+00:00
KW-CT-00263,Fat Burner,2026-09-17T06:41:35.36873+00:00
KW-CT-00264,Fat Burner,2026-09-17T06:41:35.36873+00:00
KW-CT-00265,Fat Burner,2026-09-17T06:41:35.36873+00:00
KW-CT-00266,Fat Burner,2026-09-17T06:41:35.36873+00:00
KW-CT-00267,Fat Burner,2026-09-17T06:41:35.36873+00:00
KW-CT-00268,Fat Burner,2026-09-17T06:41:35.36873+00:00
KW-CT-00269,Fat Burner,2026-09-17T06:41:35.36873+00:00
KW-CT-00270,Fat Burner,2026-09-17T06:41:35.36873+00:00
KW-CT-00271,Fat Burner,2026-09-17T06:41:35.36873+00:00
KW-CT-00272,Fat Burner,2026-09-17T06:41:35.36873+00:00
KW-CT-00273,Fat Burner,2026-09-17T06:41:35.36873+00:00
KW-CT-00274,Fat Burner,2026-09-17T06:41:35.36873+00:00
KW-CT-00275,Fat Burner,2026-09-17T06:41:35.36873+00:00
KW-CT-00276,Fat Burner,2026-09-17T06:41:35.36873+00:00
KW-CT-00277,Fat Burner,2026-09-17T06:41:35.36873+00:00
KW-CT-00278,Fat Burner,2026-09-17T06:41:35.36873+00:00
KW-CT-00279,Fat Burner,2026-09-17T06:41:35.36873+00:00
KW-CT-00280,Fat Burner,2026-09-17T06:41:35.36873+00:00
KW-CT-00281,Fat Burner,2026-09-17T06:41:35.36873+00:00
KW-CT-00282,Fat Burner,2026-09-17T06:41:35.36873+00:00
KW-CT-00283,Fat Burner,2026-09-17T06:41:35.36873+00:00
KW-CT-00284,Fat Burner,2026-09-17T06:41:35.36873+00:00
KW-CT-00285,Fat Burner,2026-09-17T06:41:35.36873+00:00
KW-CT-00286,Fat Burner,2026-09-17T06:41:35.36873+00:00
KW-CT-00287,Fat Burner,2026-09-17T06:41:35.36873+00:00
KW-CT-00288,Fat Burner,2026-09-17T06:41:35.36873+00:00
KW-CT-00289,Fat Burner,2026-09-17T06:41:35.36873+00:00
KW-CT-00290,Fat Burner,2026-09-17T06:41:35.36873+00:00
KW-CT-00291,Fat Burner,2026-09-17T06:41:35.36873+00:00
KW-CT-00292,Fat Burner,2026-09-17T06:41:35.36873+00:00
KW-CT-00293,Fat Burner,2026-09-17T06:41:35.36873+00:00
KW-CT-00294,Fat Burner,2026-09-17T06:41:35.36873+00:00
KW-CT-00295,Fat Burner,2026-09-17T06:41:35.36873+00:00
KW-CT-00296,Fat Burner,2026-09-17T06:41:35.36873+00:00
KW-CT-00297,Fat Burner,2026-09-17T06:41:35.36873+00:00
KW-CT-00298,Fat Burner,2026-09-17T06:41:35.36873+00:00
KW-CT-00299,Fat Burner,2026-09-17T06:41:35.36873+00:00
KW-CT-00300,Fat Burner,2026-09-17T06:41:35.36873+00:00
KW-CT-00301,Fat Burner,2026-09-17T06:41:35.36873+00:00
KW-CT-00302,Fat Burner,2026-09-17T06:41:35.36873+00:00
KW-CT-00303,Fat Burner,2026-09-17T06:41:35.36873+00:00
KW-CT-00304,Fat Burner,2026-09-17T06:41:35.36873+00:00
KW-CT-00305,Fat Burner,2026-09-17T06:41:35.36873+00:00
KW-CT-00306,Fat Burner,2026-09-17T06:41:35.36873+00:00
KW-CT-00307,Fat Burner,2026-09-17T06:41:35.36873+00:00
KW-CT-00308,Fat Burner,2026-09-17T06:41:35.36873+00:00
KW-CT-00309,Fat Burner,2026-09-17T06:41:35.36873+00:00
KW-CT-00310,Fat Burner,2026-09-17T06:41:35.36873+00:00
KW-CT-00311,Fat Burner,2026-09-17T06:41:35.36873+00:00
KW-CT-00312,Fat Burner,2026-09-17T06:41:35.36873+00:00
KW-CT-00313,Fat Burner,2026-09-17T06:41:35.36873+00:00
KW-CT-00314,Fat Burner,2026-09-17T06:41:35.36873+00:00
KW-CT-00315,Fat Burner,2026-09-17T06:41:35.36873+00:00
KW-CT-00316,Fat Burner,2026-09-17T06:41:35.36873+00:00
KW-CT-00317,Fat Burner,2026-09-17T06:41:35.36873+00:00
KW-CT-00318,Fat Burner,2026-09-17T06:41:35.36873+00:00
KW-CT-00319,Fat Burner,2026-09-17T06:41:35.36873+00:00
KW-CT-00320,Fat Burner,2026-09-17T06:41:35.36873+00:00
KW-CT-00321,Fat Burner,2026-09-17T06:41:35.36873+00:00
KW-CT-00322,Fat Burner,2026-09-17T06:41:35.36873+00:00
KW-CT-00323,Fat Burner,2026-09-17T06:41:35.36873+00:00
KW-CT-00324,Fat Burner,2026-09-17T06:41:35.36873+00:00
KW-CT-00325,Fat Burner,2026-09-17T06:41:35.36873+00:00
KW-CT-00326,Fat Burner,2026-09-17T06:41:35.36873+00:00
KW-CT-00327,Fat Burner,2026-09-17T06:41:35.36873+00:00
KW-CT-00328,Fat Burner,2026-09-17T06:41:35.36873+00:00
KW-CT-00329,Fat Burner,2026-09-17T06:41:35.36873+00:00
KW-CT-00330,Fat Burner,2026-09-17T06:41:35.36873+00:00
KW-CT-00331,Fat Burner,2026-09-17T06:41:35.36873+00:00
KW-CT-00332,Fat Burner,2026-09-17T06:41:35.36873+00:00
KW-CT-00333,Fat Burner,2026-09-17T06:41:35.36873+00:00
KW-CT-00334,Fat Burner,2026-09-17T06:41:35.36873+00:00
KW-CT-00335,Fat Burner,2026-09-17T06:41:35.36873+00:00
KW-CT-00336,Fat Burner,2026-09-17T06:41:35.36873+00:00
KW-CT-00337,Fat Burner,2026-09-17T06:41:35.36873+00:00
KW-CT-00338,Fat Burner,2026-09-17T06:41:35.36873+00:00
KW-CT-00339,Fat Burner,2026-09-17T06:41:35.36873+00:00
KW-CT-00340,Fat Burner,2026-09-17T06:41:35.36873+00:00
KW-CT-00341,Fat Burner,2026-09-17T06:41:35.36873+00:00
KW-CT-00342,Fat Burner,2026-09-17T06:41:35.36873+00:00
KW-CT-00343,Fat Burner,2026-09-17T06:41:35.36873+00:00
KW-CT-00344,Fat Burner,2026-09-17T06:41:35.36873+00:00
KW-CT-00345,Fat Burner,2026-09-17T06:41:35.36873+00:00
KW-CT-00346,Fat Burner,2026-09-17T06:41:35.36873+00:00
KW-CT-00347,Fat Burner,2026-09-17T06:41:35.36873+00:00
KW-CT-00348,Fat Burner,2026-09-17T06:41:35.36873+00:00
KW-CT-00349,Fat Burner,2026-09-17T06:41:35.36873+00:00
KW-CT-00350,Fat Burner,2026-09-17T06:41:35.36873+00:00
KW-CT-00351,Fat Burner,2026-09-17T06:41:35.36873+00:00
KW-CT-00352,Fat Burner,2026-09-17T06:41:35.36873+00:00
KW-CT-00353,Fat Burner,2026-09-17T06:41:35.36873+00:00
KW-CT-00354,Fat Burner,2026-09-17T06:41:35.36873+00:00
KW-CT-00355,Fat Burner,2026-09-17T06:41:35.36873+00:00
KW-CT-00356,Fat Burner,2026-09-17T06:41:35.36873+00:00
KW-CT-00357,Fat Burner,2026-09-17T06:41:35.36873+00:00
KW-CT-00358,Fat Burner,2026-09-17T06:41:35.36873+00:00
KW-CT-00359,Fat Burner,2026-09-17T06:41:35.36873+00:00
KW-CT-00360,Fat Burner,2026-09-17T06:41:35.36873+00:00
KW-CT-00361,Fat Burner,2026-09-17T06:41:35.36873+00:00
KW-CT-00362,Fat Burner,2026-09-17T06:41:35.36873+00:00
KW-CT-00363,Fat Burner,2026-09-17T06:41:35.36873+00:00
KW-CT-00364,Fat Burner,2026-09-17T06:41:35.36873+00:00
KW-CT-00365,Fat Burner,2026-09-17T06:41:35.36873+00:00
KW-CT-00366,Fat Burner,2026-09-17T06:41:35.36873+00:00
KW-CT-00367,Fat Burner,2026-09-17T06:41:35.36873+00:00
KW-CT-00368,Fat Burner,2026-09-17T06:41:35.36873+00:00
KW-CT-00369,Fat Burner,2026-09-17T06:41:35.36873+00:00
KW-CT-00370,Fat Burner,2026-09-17T06:41:35.36873+00:00
KW-CT-00371,Fat Burner,2026-09-17T06:41:35.36873+00:00
KW-CT-00372,Fat Burner,2026-09-17T06:41:35.36873+00:00
KW-CT-00373,Fat Burner,2026-09-17T06:41:35.36873+00:00
KW-CT-00374,Fat Burner,2026-09-17T06:41:35.36873+00:00
KW-CT-00375,Fat Burner,2026-09-17T06:41:35.36873+00:00
KW-CT-00376,Fat Burner,2026-09-17T06:41:35.36873+00:00
KW-CT-00377,Fat Burner,2026-09-17T06:41:35.36873+00:00
KW-CT-00378,Fat Burner,2026-09-17T06:41:35.36873+00:00
KW-CT-00379,Fat Burner,2026-09-17T06:41:35.36873+00:00
KW-CT-00380,Fat Burner,2026-09-17T06:41:35.36873+00:00
KW-CT-00381,Fat Burner,2026-09-17T06:41:35.36873+00:00
KW-CT-00382,Fat Burner,2026-09-17T06:41:35.36873+00:00
KW-CT-00383,Fat Burner,2026-09-17T06:41:35.36873+00:00
KW-CT-00384,Fat Burner,2026-09-17T06:41:35.36873+00:00
KW-CT-00385,Fat Burner,2026-09-17T06:41:35.36873+00:00
KW-CT-00386,Fat Burner,2026-09-17T06:41:35.36873+00:00
KW-CT-00387,Fat Burner,2026-09-17T06:41:35.36873+00:00
KW-CT-00388,Fat Burner,2026-09-17T06:41:35.36873+00:00
KW-CT-00389,Fat Burner,2026-09-17T06:41:35.36873+00:00
KW-CT-00390,Fat Burner,2026-09-17T06:41:35.36873+00:00
KW-CT-00391,Fat Burner,2026-09-17T06:41:35.36873+00:00
KW-CT-00392,Fat Burner,2026-09-17T06:41:35.36873+00:00
KW-CT-00393,Fat Burner,2026-09-17T06:41:35.36873+00:00
KW-CT-00394,Fat Burner,2026-09-17T06:41:35.36873+00:00
KW-CT-00395,Fat Burner,2026-09-17T06:41:35.36873+00:00
KW-CT-00396,Fat Burner,2026-09-17T06:41:35.36873+00:00
KW-CT-00397,Fat Burner,2026-09-17T06:41:35.36873+00:00
KW-CT-00398,Fat Burner,2026-09-17T06:41:35.36873+00:00
KW-CT-00399,Fat Burner,2026-09-17T06:41:35.36873+00:00
KW-CT-00400,Fat Burner,2026-09-17T06:41:35.36873+00:00
KW-CT-00401,Fat Burner,2026-09-17T06:41:35.36873+00:00
KW-CT-00402,Fat Burner,2026-09-17T06:41:35.36873+00:00
KW-CT-00403,Fat Burner,2026-09-17T06:41:35.36873+00:00
KW-CT-00404,Fat Burner,2026-09-17T06:41:35.36873+00:00
KW-CT-00405,Fat Burner,2026-09-17T06:41:35.36873+00:00
KW-FO-00001,Single Strength Fish Oil,2026-09-17T06:41:35.36873+00:00
KW-FO-00002,Single Strength Fish Oil,2026-09-17T06:41:35.36873+00:00
KW-FO-00003,Single Strength Fish Oil,2026-09-17T06:41:35.36873+00:00
KW-FO-00004,Single Strength Fish Oil,2026-09-17T06:41:35.36873+00:00
KW-FO-00005,Single Strength Fish Oil,2026-09-17T06:41:35.36873+00:00
KW-FO-00006,Single Strength Fish Oil,2026-09-17T06:41:35.36873+00:00
KW-FO-00007,Single Strength Fish Oil,2026-09-17T06:41:35.36873+00:00
KW-FO-00008,Single Strength Fish Oil,2026-09-17T06:41:35.36873+00:00
KW-FO-00009,Single Strength Fish Oil,2026-09-17T06:41:35.36873+00:00
KW-FO-00010,Single Strength Fish Oil,2026-09-17T06:41:35.36873+00:00
KW-FO-00011,Single Strength Fish Oil,2026-09-17T06:41:35.36873+00:00
KW-FO-00012,Single Strength Fish Oil,2026-09-17T06:41:35.36873+00:00
KW-FO-00013,Single Strength Fish Oil,2026-09-17T06:41:35.36873+00:00
KW-FO-00014,Single Strength Fish Oil,2026-09-17T06:41:35.36873+00:00
KW-FO-00015,Single Strength Fish Oil,2026-09-17T06:41:35.36873+00:00
KW-FO-00016,Single Strength Fish Oil,2026-09-17T06:41:35.36873+00:00
KW-FO-00017,Single Strength Fish Oil,2026-09-17T06:41:35.36873+00:00
KW-FO-00018,Single Strength Fish Oil,2026-09-17T06:41:35.36873+00:00
KW-FO-00019,Single Strength Fish Oil,2026-09-17T06:41:35.36873+00:00
KW-FO-00020,Single Strength Fish Oil,2026-09-17T06:41:35.36873+00:00
KW-FO-00021,Single Strength Fish Oil,2026-09-17T06:41:35.36873+00:00
KW-FO-00022,Single Strength Fish Oil,2026-09-17T06:41:35.36873+00:00
KW-FO-00023,Single Strength Fish Oil,2026-09-17T06:41:35.36873+00:00
KW-FO-00024,Single Strength Fish Oil,2026-09-17T06:41:35.36873+00:00
KW-FO-00025,Single Strength Fish Oil,2026-09-17T06:41:35.36873+00:00
KW-FO-00026,Single Strength Fish Oil,2026-09-17T06:41:35.36873+00:00
KW-FO-00027,Single Strength Fish Oil,2026-09-17T06:41:35.36873+00:00
KW-FO-00028,Single Strength Fish Oil,2026-09-17T06:41:35.36873+00:00
KW-FO-00029,Single Strength Fish Oil,2026-09-17T06:41:35.36873+00:00
KW-FO-00030,Single Strength Fish Oil,2026-09-17T06:41:35.36873+00:00
KW-FO-00031,Single Strength Fish Oil,2026-09-17T06:41:35.36873+00:00
KW-FO-00032,Single Strength Fish Oil,2026-09-17T06:41:35.36873+00:00
KW-FO-00033,Single Strength Fish Oil,2026-09-17T06:41:35.36873+00:00
KW-FO-00034,Single Strength Fish Oil,2026-09-17T06:41:35.36873+00:00
KW-FO-00035,Single Strength Fish Oil,2026-09-17T06:41:35.36873+00:00
KW-FO-00036,Single Strength Fish Oil,2026-09-17T06:41:35.36873+00:00
KW-FO-00037,Single Strength Fish Oil,2026-09-17T06:41:35.36873+00:00
KW-FO-00038,Single Strength Fish Oil,2026-09-17T06:41:35.36873+00:00
KW-FO-00039,Single Strength Fish Oil,2026-09-17T06:41:35.36873+00:00
KW-FO-00040,Single Strength Fish Oil,2026-09-17T06:41:35.36873+00:00
KW-FO-00041,Single Strength Fish Oil,2026-09-17T06:41:35.36873+00:00
KW-FO-00042,Single Strength Fish Oil,2026-09-17T06:41:35.36873+00:00
KW-FO-00043,Single Strength Fish Oil,2026-09-17T06:41:35.36873+00:00
KW-FO-00044,Single Strength Fish Oil,2026-09-17T06:41:35.36873+00:00
KW-FO-00045,Single Strength Fish Oil,2026-09-17T06:41:35.36873+00:00
KW-FO-00046,Single Strength Fish Oil,2026-09-17T06:41:35.36873+00:00
KW-FO-00047,Single Strength Fish Oil,2026-09-17T06:41:35.36873+00:00
KW-FO-00048,Single Strength Fish Oil,2026-09-17T06:41:35.36873+00:00
KW-FO-00049,Single Strength Fish Oil,2026-09-17T06:41:35.36873+00:00
KW-FO-00050,Single Strength Fish Oil,2026-09-17T06:41:35.36873+00:00
KW-FO-00051,Single Strength Fish Oil,2026-09-17T06:41:35.36873+00:00
KW-FO-00052,Single Strength Fish Oil,2026-09-17T06:41:35.36873+00:00
KW-FO-00053,Single Strength Fish Oil,2026-09-17T06:41:35.36873+00:00
KW-FO-00054,Single Strength Fish Oil,2026-09-17T06:41:35.36873+00:00
KW-FO-00055,Single Strength Fish Oil,2026-09-17T06:41:35.36873+00:00
KW-FO-00056,Single Strength Fish Oil,2026-09-17T06:41:35.36873+00:00
KW-FO-00057,Single Strength Fish Oil,2026-09-17T06:41:35.36873+00:00
KW-FO-00058,Single Strength Fish Oil,2026-09-17T06:41:35.36873+00:00
KW-FO-00059,Single Strength Fish Oil,2026-09-17T06:41:35.36873+00:00
KW-FO-00060,Single Strength Fish Oil,2026-09-17T06:41:35.36873+00:00
KW-FO-00061,Single Strength Fish Oil,2026-09-17T06:41:35.36873+00:00
KW-FO-00062,Single Strength Fish Oil,2026-09-17T06:41:35.36873+00:00
KW-FO-00063,Single Strength Fish Oil,2026-09-17T06:41:35.36873+00:00
KW-FO-00064,Single Strength Fish Oil,2026-09-17T06:41:35.36873+00:00
KW-FO-00065,Single Strength Fish Oil,2026-09-17T06:41:35.36873+00:00
KW-FO-00066,Single Strength Fish Oil,2026-09-17T06:41:35.36873+00:00
KW-FO-00067,Single Strength Fish Oil,2026-09-17T06:41:35.36873+00:00
KW-FO-00068,Single Strength Fish Oil,2026-09-17T06:41:35.36873+00:00
KW-FO-00069,Single Strength Fish Oil,2026-09-17T06:41:35.36873+00:00
KW-FO-00070,Single Strength Fish Oil,2026-09-17T06:41:35.36873+00:00
KW-FO-00071,Single Strength Fish Oil,2026-09-17T06:41:35.36873+00:00
KW-FO-00072,Single Strength Fish Oil,2026-09-17T06:41:35.36873+00:00
KW-FO-00073,Single Strength Fish Oil,2026-09-17T06:41:35.36873+00:00
KW-FO-00074,Single Strength Fish Oil,2026-09-17T06:41:35.36873+00:00
KW-FO-00075,Single Strength Fish Oil,2026-09-17T06:41:35.36873+00:00
KW-FO-00076,Single Strength Fish Oil,2026-09-17T06:41:35.36873+00:00
KW-FO-00077,Single Strength Fish Oil,2026-09-17T06:41:35.36873+00:00
KW-FO-00078,Single Strength Fish Oil,2026-09-17T06:41:35.36873+00:00
KW-FO-00079,Single Strength Fish Oil,2026-09-17T06:41:35.36873+00:00
KW-FO-00080,Single Strength Fish Oil,2026-09-17T06:41:35.36873+00:00
KW-FO-00081,Single Strength Fish Oil,2026-09-17T06:41:35.36873+00:00
KW-FO-00082,Single Strength Fish Oil,2026-09-17T06:41:35.36873+00:00
KW-FO-00083,Single Strength Fish Oil,2026-09-17T06:41:35.36873+00:00
KW-FO-00084,Single Strength Fish Oil,2026-09-17T06:41:35.36873+00:00
KW-FO-00085,Single Strength Fish Oil,2026-09-17T06:41:35.36873+00:00
KW-FO-00086,Single Strength Fish Oil,2026-09-17T06:41:35.36873+00:00
KW-FO-00087,Single Strength Fish Oil,2026-09-17T06:41:35.36873+00:00
KW-FO-00088,Single Strength Fish Oil,2026-09-17T06:41:35.36873+00:00
KW-FO-00089,Single Strength Fish Oil,2026-09-17T06:41:35.36873+00:00
KW-FO-00090,Single Strength Fish Oil,2026-09-17T06:41:35.36873+00:00
KW-FO-00091,Single Strength Fish Oil,2026-09-17T06:41:35.36873+00:00
KW-FO-00092,Single Strength Fish Oil,2026-09-17T06:41:35.36873+00:00
KW-FO-00093,Single Strength Fish Oil,2026-09-17T06:41:35.36873+00:00
KW-FO-00094,Single Strength Fish Oil,2026-09-17T06:41:35.36873+00:00
KW-FO-00095,Single Strength Fish Oil,2026-09-17T06:41:35.36873+00:00
KW-FO-00096,Single Strength Fish Oil,2026-09-17T06:41:35.36873+00:00
KW-FO-00097,Single Strength Fish Oil,2026-09-17T06:41:35.36873+00:00
KW-FO-00098,Single Strength Fish Oil,2026-09-17T06:41:35.36873+00:00
KW-FO-00099,Single Strength Fish Oil,2026-09-17T06:41:35.36873+00:00
KW-FO-00100,Single Strength Fish Oil,2026-09-17T06:41:35.36873+00:00
KW-FO-00101,Single Strength Fish Oil,2026-09-17T06:41:35.36873+00:00
KW-FO-00102,Single Strength Fish Oil,2026-09-17T06:41:35.36873+00:00
KW-FO-00103,Single Strength Fish Oil,2026-09-17T06:41:35.36873+00:00
KW-FO-00104,Single Strength Fish Oil,2026-09-17T06:41:35.36873+00:00
KW-FO-00105,Single Strength Fish Oil,2026-09-17T06:41:35.36873+00:00
KW-FO-00106,Single Strength Fish Oil,2026-09-17T06:41:35.36873+00:00
KW-FO-00107,Single Strength Fish Oil,2026-09-17T06:41:35.36873+00:00
KW-FO-00108,Single Strength Fish Oil,2026-09-17T06:41:35.36873+00:00
KW-FO-00109,Single Strength Fish Oil,2026-09-17T06:41:35.36873+00:00
KW-FO-00110,Single Strength Fish Oil,2026-09-17T06:41:35.36873+00:00
KW-FO-00111,Single Strength Fish Oil,2026-09-17T06:41:35.36873+00:00
KW-FO-00112,Single Strength Fish Oil,2026-09-17T06:41:35.36873+00:00
KW-FO-00113,Single Strength Fish Oil,2026-09-17T06:41:35.36873+00:00
KW-FO-00114,Single Strength Fish Oil,2026-09-17T06:41:35.36873+00:00
KW-FO-00115,Single Strength Fish Oil,2026-09-17T06:41:35.36873+00:00
KW-FO-00116,Single Strength Fish Oil,2026-09-17T06:41:35.36873+00:00
KW-FO-00117,Single Strength Fish Oil,2026-09-17T06:41:35.36873+00:00
KW-FO-00118,Single Strength Fish Oil,2026-09-17T06:41:35.36873+00:00
KW-FO-00119,Single Strength Fish Oil,2026-09-17T06:41:35.36873+00:00
KW-FO-00120,Single Strength Fish Oil,2026-09-17T06:41:35.36873+00:00
KW-FO-00121,Single Strength Fish Oil,2026-09-17T06:41:35.36873+00:00
KW-FO-00122,Single Strength Fish Oil,2026-09-17T06:41:35.36873+00:00
KW-FO-00123,Single Strength Fish Oil,2026-09-17T06:41:35.36873+00:00
KW-FO-00124,Single Strength Fish Oil,2026-09-17T06:41:35.36873+00:00
KW-FO-00125,Single Strength Fish Oil,2026-09-17T06:41:35.36873+00:00
KW-FO-00126,Single Strength Fish Oil,2026-09-17T06:41:35.36873+00:00
KW-FO-00127,Single Strength Fish Oil,2026-09-17T06:41:35.36873+00:00
KW-FO-00128,Single Strength Fish Oil,2026-09-17T06:41:35.36873+00:00
KW-FO-00129,Single Strength Fish Oil,2026-09-17T06:41:35.36873+00:00
KW-FO-00130,Single Strength Fish Oil,2026-09-17T06:41:35.36873+00:00
KW-FO-00131,Single Strength Fish Oil,2026-09-17T06:41:35.36873+00:00
KW-FO-00132,Single Strength Fish Oil,2026-09-17T06:41:35.36873+00:00
KW-FO-00133,Single Strength Fish Oil,2026-09-17T06:41:35.36873+00:00
KW-FO-00134,Single Strength Fish Oil,2026-09-17T06:41:35.36873+00:00
KW-FO-00135,Single Strength Fish Oil,2026-09-17T06:41:35.36873+00:00
KW-FO-00136,Single Strength Fish Oil,2026-09-17T06:41:35.36873+00:00
KW-FO-00137,Single Strength Fish Oil,2026-09-17T06:41:35.36873+00:00
KW-FO-00138,Single Strength Fish Oil,2026-09-17T06:41:35.36873+00:00
KW-FO-00139,Single Strength Fish Oil,2026-09-17T06:41:35.36873+00:00
KW-FO-00140,Single Strength Fish Oil,2026-09-17T06:41:35.36873+00:00
KW-FO-00141,Single Strength Fish Oil,2026-09-17T06:41:35.36873+00:00
KW-FO-00142,Single Strength Fish Oil,2026-09-17T06:41:35.36873+00:00
KW-FO-00143,Single Strength Fish Oil,2026-09-17T06:41:35.36873+00:00
KW-FO-00144,Single Strength Fish Oil,2026-09-17T06:41:35.36873+00:00
KW-FO-00145,Single Strength Fish Oil,2026-09-17T06:41:35.36873+00:00
KW-FO-00146,Single Strength Fish Oil,2026-09-17T06:41:35.36873+00:00
KW-FO-00147,Single Strength Fish Oil,2026-09-17T06:41:35.36873+00:00
KW-FO-00148,Single Strength Fish Oil,2026-09-17T06:41:35.36873+00:00
KW-FO-00149,Single Strength Fish Oil,2026-09-17T06:41:35.36873+00:00
KW-FO-00150,Single Strength Fish Oil,2026-09-17T06:41:35.36873+00:00
KW-FO-00151,Single Strength Fish Oil,2026-09-17T06:41:35.36873+00:00
KW-FO-00152,Single Strength Fish Oil,2026-09-17T06:41:35.36873+00:00
KW-FO-00153,Single Strength Fish Oil,2026-09-17T06:41:35.36873+00:00
KW-FO-00154,Single Strength Fish Oil,2026-09-17T06:41:35.36873+00:00
KW-FO-00155,Single Strength Fish Oil,2026-09-17T06:41:35.36873+00:00
KW-FO-00156,Single Strength Fish Oil,2026-09-17T06:41:35.36873+00:00
KW-FO-00157,Single Strength Fish Oil,2026-09-17T06:41:35.36873+00:00
KW-FO-00158,Single Strength Fish Oil,2026-09-17T06:41:35.36873+00:00
KW-FO-00159,Single Strength Fish Oil,2026-09-17T06:41:35.36873+00:00
KW-FO-00160,Single Strength Fish Oil,2026-09-17T06:41:35.36873+00:00
KW-FO-00161,Single Strength Fish Oil,2026-09-17T06:41:35.36873+00:00
KW-FO-00162,Single Strength Fish Oil,2026-09-17T06:41:35.36873+00:00
KW-FO-00163,Single Strength Fish Oil,2026-09-17T06:41:35.36873+00:00
KW-FO-00164,Single Strength Fish Oil,2026-09-17T06:41:35.36873+00:00
KW-FO-00165,Single Strength Fish Oil,2026-09-17T06:41:35.36873+00:00
KW-FO-00166,Single Strength Fish Oil,2026-09-17T06:41:35.36873+00:00
KW-FO-00167,Single Strength Fish Oil,2026-09-17T06:41:35.36873+00:00
KW-FO-00168,Single Strength Fish Oil,2026-09-17T06:41:35.36873+00:00
KW-FO-00169,Single Strength Fish Oil,2026-09-17T06:41:35.36873+00:00
KW-FO-00170,Single Strength Fish Oil,2026-09-17T06:41:35.36873+00:00
KW-FO-00171,Single Strength Fish Oil,2026-09-17T06:41:35.36873+00:00
KW-FO-00172,Single Strength Fish Oil,2026-09-17T06:41:35.36873+00:00
KW-FO-00173,Single Strength Fish Oil,2026-09-17T06:41:35.36873+00:00
KW-FO-00174,Single Strength Fish Oil,2026-09-17T06:41:35.36873+00:00
KW-FO-00175,Single Strength Fish Oil,2026-09-17T06:41:35.36873+00:00
KW-FO-00176,Single Strength Fish Oil,2026-09-17T06:41:35.36873+00:00
KW-FO-00177,Single Strength Fish Oil,2026-09-17T06:41:35.36873+00:00
KW-FO-00178,Single Strength Fish Oil,2026-09-17T06:41:35.36873+00:00
KW-FO-00179,Single Strength Fish Oil,2026-09-17T06:41:35.36873+00:00
KW-FO-00180,Single Strength Fish Oil,2026-09-17T06:41:35.36873+00:00
KW-FO-00181,Single Strength Fish Oil,2026-09-17T06:41:35.36873+00:00
KW-FO-00182,Single Strength Fish Oil,2026-09-17T06:41:35.36873+00:00
KW-FO-00183,Single Strength Fish Oil,2026-09-17T06:41:35.36873+00:00
KW-FO-00184,Single Strength Fish Oil,2026-09-17T06:41:35.36873+00:00
KW-FO-00185,Single Strength Fish Oil,2026-09-17T06:41:35.36873+00:00
KW-FO-00186,Single Strength Fish Oil,2026-09-17T06:41:35.36873+00:00
KW-FO-00187,Single Strength Fish Oil,2026-09-17T06:41:35.36873+00:00
KW-FO-00188,Single Strength Fish Oil,2026-09-17T06:41:35.36873+00:00
KW-FO-00189,Single Strength Fish Oil,2026-09-17T06:41:35.36873+00:00
KW-FO-00190,Single Strength Fish Oil,2026-09-17T06:41:35.36873+00:00
KW-FO-00191,Single Strength Fish Oil,2026-09-17T06:41:35.36873+00:00
KW-FO-00192,Single Strength Fish Oil,2026-09-17T06:41:35.36873+00:00
KW-FO-00193,Single Strength Fish Oil,2026-09-17T06:41:35.36873+00:00
KW-FO-00194,Single Strength Fish Oil,2026-09-17T06:41:35.36873+00:00
KW-FO-00195,Single Strength Fish Oil,2026-09-17T06:41:35.36873+00:00
KW-FO-00196,Single Strength Fish Oil,2026-09-17T06:41:35.36873+00:00
KW-FO-00197,Single Strength Fish Oil,2026-09-17T06:41:35.36873+00:00
KW-FO-00198,Single Strength Fish Oil,2026-09-17T06:41:35.36873+00:00
KW-FO-00199,Single Strength Fish Oil,2026-09-17T06:41:35.36873+00:00
KW-FO-00200,Single Strength Fish Oil,2026-09-17T06:41:35.36873+00:00
KW-FO-00201,Single Strength Fish Oil,2026-09-17T06:41:35.36873+00:00
KW-FO-00202,Single Strength Fish Oil,2026-09-17T06:41:35.36873+00:00
KW-FO-00203,Single Strength Fish Oil,2026-09-17T06:41:35.36873+00:00
KW-FO-00204,Single Strength Fish Oil,2026-09-17T06:41:35.36873+00:00
KW-FO-00205,Single Strength Fish Oil,2026-09-17T06:41:35.36873+00:00
KW-FO-00206,Single Strength Fish Oil,2026-09-17T06:41:35.36873+00:00
KW-FO-00207,Single Strength Fish Oil,2026-09-17T06:41:35.36873+00:00
KW-FO-00208,Single Strength Fish Oil,2026-09-17T06:41:35.36873+00:00
KW-FO-00209,Single Strength Fish Oil,2026-09-17T06:41:35.36873+00:00
KW-FO-00210,Single Strength Fish Oil,2026-09-17T06:41:35.36873+00:00
KW-FO-00211,Single Strength Fish Oil,2026-09-17T06:41:35.36873+00:00
KW-FO-00212,Single Strength Fish Oil,2026-09-17T06:41:35.36873+00:00
KW-FO-00213,Single Strength Fish Oil,2026-09-17T06:41:35.36873+00:00
KW-FO-00214,Single Strength Fish Oil,2026-09-17T06:41:35.36873+00:00
KW-FO-00215,Single Strength Fish Oil,2026-09-17T06:41:35.36873+00:00
KW-FO-00216,Single Strength Fish Oil,2026-09-17T06:41:35.36873+00:00
KW-FO-00217,Single Strength Fish Oil,2026-09-17T06:41:35.36873+00:00
KW-FO-00218,Single Strength Fish Oil,2026-09-17T06:41:35.36873+00:00
KW-FO-00219,Single Strength Fish Oil,2026-09-17T06:41:35.36873+00:00
KW-FO-00220,Single Strength Fish Oil,2026-09-17T06:41:35.36873+00:00
KW-FO-00221,Single Strength Fish Oil,2026-09-17T06:41:35.36873+00:00
KW-FO-00222,Single Strength Fish Oil,2026-09-17T06:41:35.36873+00:00
KW-FO-00223,Single Strength Fish Oil,2026-09-17T06:41:35.36873+00:00
KW-FO-00224,Single Strength Fish Oil,2026-09-17T06:41:35.36873+00:00
KW-FO-00225,Single Strength Fish Oil,2026-09-17T06:41:35.36873+00:00
KW-FO-00226,Single Strength Fish Oil,2026-09-17T06:41:35.36873+00:00
KW-FO-00227,Single Strength Fish Oil,2026-09-17T06:41:35.36873+00:00
KW-FO-00228,Single Strength Fish Oil,2026-09-17T06:41:35.36873+00:00
KW-FO-00229,Single Strength Fish Oil,2026-09-17T06:41:35.36873+00:00
KW-FO-00230,Single Strength Fish Oil,2026-09-17T06:41:35.36873+00:00
KW-FO-00231,Single Strength Fish Oil,2026-09-17T06:41:35.36873+00:00
KW-FO-00232,Single Strength Fish Oil,2026-09-17T06:41:35.36873+00:00
KW-FO-00233,Single Strength Fish Oil,2026-09-17T06:41:35.36873+00:00
KW-FO-00234,Single Strength Fish Oil,2026-09-17T06:41:35.36873+00:00
KW-FO-00235,Single Strength Fish Oil,2026-09-17T06:41:35.36873+00:00
KW-FO-00236,Single Strength Fish Oil,2026-09-17T06:41:35.36873+00:00
KW-FO-00237,Single Strength Fish Oil,2026-09-17T06:41:35.36873+00:00
KW-FO-00238,Single Strength Fish Oil,2026-09-17T06:41:35.36873+00:00
KW-FO-00239,Single Strength Fish Oil,2026-09-17T06:41:35.36873+00:00
KW-FO-00240,Single Strength Fish Oil,2026-09-17T06:41:35.36873+00:00
KW-FO-00241,Single Strength Fish Oil,2026-09-17T06:41:35.36873+00:00
KW-FO-00242,Single Strength Fish Oil,2026-09-17T06:41:35.36873+00:00
KW-FO-00243,Single Strength Fish Oil,2026-09-17T06:41:35.36873+00:00
KW-FO-00244,Single Strength Fish Oil,2026-09-17T06:41:35.36873+00:00
KW-FO-00245,Single Strength Fish Oil,2026-09-17T06:41:35.36873+00:00
KW-FO-00246,Single Strength Fish Oil,2026-09-17T06:41:35.36873+00:00
KW-FO-00247,Single Strength Fish Oil,2026-09-17T06:41:35.36873+00:00
KW-FO-00248,Single Strength Fish Oil,2026-09-17T06:41:35.36873+00:00
KW-FO-00249,Single Strength Fish Oil,2026-09-17T06:41:35.36873+00:00
KW-FO-00250,Single Strength Fish Oil,2026-09-17T06:41:35.36873+00:00
KW-FO-00251,Single Strength Fish Oil,2026-09-17T06:41:35.36873+00:00
KW-FO-00252,Single Strength Fish Oil,2026-09-17T06:41:35.36873+00:00
KW-FO-00253,Single Strength Fish Oil,2026-09-17T06:41:35.36873+00:00
KW-FO-00254,Single Strength Fish Oil,2026-09-17T06:41:35.36873+00:00
KW-FO-00255,Single Strength Fish Oil,2026-09-17T06:41:35.36873+00:00
KW-FO-00256,Single Strength Fish Oil,2026-09-17T06:41:35.36873+00:00
KW-FO-00257,Single Strength Fish Oil,2026-09-17T06:41:35.36873+00:00
KW-FO-00258,Single Strength Fish Oil,2026-09-17T06:41:35.36873+00:00
KW-FO-00259,Single Strength Fish Oil,2026-09-17T06:41:35.36873+00:00
KW-FO-00260,Single Strength Fish Oil,2026-09-17T06:41:35.36873+00:00
KW-FO-00261,Single Strength Fish Oil,2026-09-17T06:41:35.36873+00:00
KW-FO-00262,Single Strength Fish Oil,2026-09-17T06:41:35.36873+00:00
KW-FO-00263,Single Strength Fish Oil,2026-09-17T06:41:35.36873+00:00
KW-FO-00264,Single Strength Fish Oil,2026-09-17T06:41:35.36873+00:00
KW-FO-00265,Single Strength Fish Oil,2026-09-17T06:41:35.36873+00:00
KW-FO-00266,Single Strength Fish Oil,2026-09-17T06:41:35.36873+00:00
KW-FO-00267,Single Strength Fish Oil,2026-09-17T06:41:35.36873+00:00
KW-FO-00268,Single Strength Fish Oil,2026-09-17T06:41:35.36873+00:00
KW-FO-00269,Single Strength Fish Oil,2026-09-17T06:41:35.36873+00:00
KW-FO-00270,Single Strength Fish Oil,2026-09-17T06:41:35.36873+00:00
KW-FO-00271,Single Strength Fish Oil,2026-09-17T06:41:35.36873+00:00
KW-FO-00272,Single Strength Fish Oil,2026-09-17T06:41:35.36873+00:00
KW-FO-00273,Single Strength Fish Oil,2026-09-17T06:41:35.36873+00:00
KW-FO-00274,Single Strength Fish Oil,2026-09-17T06:41:35.36873+00:00
KW-FO-00275,Single Strength Fish Oil,2026-09-17T06:41:35.36873+00:00
KW-FO-00276,Single Strength Fish Oil,2026-09-17T06:41:35.36873+00:00
KW-FO-00277,Single Strength Fish Oil,2026-09-17T06:41:35.36873+00:00
KW-FO-00278,Single Strength Fish Oil,2026-09-17T06:41:35.36873+00:00
KW-FO-00279,Single Strength Fish Oil,2026-09-17T06:41:35.36873+00:00
KW-FO-00280,Single Strength Fish Oil,2026-09-17T06:41:35.36873+00:00
KW-FO-00281,Single Strength Fish Oil,2026-09-17T06:41:35.36873+00:00
KW-FO-00282,Single Strength Fish Oil,2026-09-17T06:41:35.36873+00:00
KW-FO-00283,Single Strength Fish Oil,2026-09-17T06:41:35.36873+00:00
KW-FO-00284,Single Strength Fish Oil,2026-09-17T06:41:35.36873+00:00
KW-FO-00285,Single Strength Fish Oil,2026-09-17T06:41:35.36873+00:00
KW-FO-00286,Single Strength Fish Oil,2026-09-17T06:41:35.36873+00:00
KW-FO-00287,Single Strength Fish Oil,2026-09-17T06:41:35.36873+00:00
KW-FO-00288,Single Strength Fish Oil,2026-09-17T06:41:35.36873+00:00
KW-FO-00289,Single Strength Fish Oil,2026-09-17T06:41:35.36873+00:00
KW-FO-00290,Single Strength Fish Oil,2026-09-17T06:41:35.36873+00:00
KW-FO-00291,Single Strength Fish Oil,2026-09-17T06:41:35.36873+00:00
KW-FO-00292,Single Strength Fish Oil,2026-09-17T06:41:35.36873+00:00
KW-FO-00293,Single Strength Fish Oil,2026-09-17T06:41:35.36873+00:00
KW-FO-00294,Single Strength Fish Oil,2026-09-17T06:41:35.36873+00:00
KW-FO-00295,Single Strength Fish Oil,2026-09-17T06:41:35.36873+00:00
KW-FO-00296,Single Strength Fish Oil,2026-09-17T06:41:35.36873+00:00
KW-FO-00297,Single Strength Fish Oil,2026-09-17T06:41:35.36873+00:00
KW-FO-00298,Single Strength Fish Oil,2026-09-17T06:41:35.36873+00:00
KW-FO-00299,Single Strength Fish Oil,2026-09-17T06:41:35.36873+00:00
KW-FO-00300,Single Strength Fish Oil,2026-09-17T06:41:35.36873+00:00
KW-FO-00301,Single Strength Fish Oil,2026-09-17T06:41:35.36873+00:00
KW-FO-00302,Single Strength Fish Oil,2026-09-17T06:41:35.36873+00:00
KW-FO-00303,Single Strength Fish Oil,2026-09-17T06:41:35.36873+00:00
KW-FO-00304,Single Strength Fish Oil,2026-09-17T06:41:35.36873+00:00
KW-FO-00305,Single Strength Fish Oil,2026-09-17T06:41:35.36873+00:00
KW-FO-00306,Single Strength Fish Oil,2026-09-17T06:41:35.36873+00:00
KW-FO-00307,Single Strength Fish Oil,2026-09-17T06:41:35.36873+00:00
KW-FO-00308,Single Strength Fish Oil,2026-09-17T06:41:35.36873+00:00
KW-FO-00309,Single Strength Fish Oil,2026-09-17T06:41:35.36873+00:00
KW-FO-00310,Single Strength Fish Oil,2026-09-17T06:41:35.36873+00:00
KW-FO-00311,Single Strength Fish Oil,2026-09-17T06:41:35.36873+00:00
KW-FO-00312,Single Strength Fish Oil,2026-09-17T06:41:35.36873+00:00
KW-FO-00313,Single Strength Fish Oil,2026-09-17T06:41:35.36873+00:00
KW-FO-00314,Single Strength Fish Oil,2026-09-17T06:41:35.36873+00:00
KW-FO-00315,Single Strength Fish Oil,2026-09-17T06:41:35.36873+00:00
KW-FO-00316,Single Strength Fish Oil,2026-09-17T06:41:35.36873+00:00
KW-FO-00317,Single Strength Fish Oil,2026-09-17T06:41:35.36873+00:00
KW-FO-00318,Single Strength Fish Oil,2026-09-17T06:41:35.36873+00:00
KW-FO-00319,Single Strength Fish Oil,2026-09-17T06:41:35.36873+00:00
KW-FO-00320,Single Strength Fish Oil,2026-09-17T06:41:35.36873+00:00
KW-FO-00321,Single Strength Fish Oil,2026-09-17T06:41:35.36873+00:00
KW-FO-00322,Single Strength Fish Oil,2026-09-17T06:41:35.36873+00:00
KW-FO-00323,Single Strength Fish Oil,2026-09-17T06:41:35.36873+00:00
KW-FO-00324,Single Strength Fish Oil,2026-09-17T06:41:35.36873+00:00
KW-FO-00325,Single Strength Fish Oil,2026-09-17T06:41:35.36873+00:00
KW-FO-00326,Single Strength Fish Oil,2026-09-17T06:41:35.36873+00:00
KW-FO-00327,Single Strength Fish Oil,2026-09-17T06:41:35.36873+00:00
KW-FO-00328,Single Strength Fish Oil,2026-09-17T06:41:35.36873+00:00
KW-FO-00329,Single Strength Fish Oil,2026-09-17T06:41:35.36873+00:00
KW-FO-00330,Single Strength Fish Oil,2026-09-17T06:41:35.36873+00:00
KW-FO-00331,Single Strength Fish Oil,2026-09-17T06:41:35.36873+00:00
KW-FO-00332,Single Strength Fish Oil,2026-09-17T06:41:35.36873+00:00
KW-FO-00333,Single Strength Fish Oil,2026-09-17T06:41:35.36873+00:00
KW-FO-00334,Single Strength Fish Oil,2026-09-17T06:41:35.36873+00:00
KW-FO-00335,Single Strength Fish Oil,2026-09-17T06:41:35.36873+00:00
KW-FO-00336,Single Strength Fish Oil,2026-09-17T06:41:35.36873+00:00
KW-FO-00337,Single Strength Fish Oil,2026-09-17T06:41:35.36873+00:00
KW-FO-00338,Single Strength Fish Oil,2026-09-17T06:41:35.36873+00:00
KW-FO-00339,Single Strength Fish Oil,2026-09-17T06:41:35.36873+00:00
KW-FO-00340,Single Strength Fish Oil,2026-09-17T06:41:35.36873+00:00
KW-FO-00341,Single Strength Fish Oil,2026-09-17T06:41:35.36873+00:00
KW-FO-00342,Single Strength Fish Oil,2026-09-17T06:41:35.36873+00:00
KW-FO-00343,Single Strength Fish Oil,2026-09-17T06:41:35.36873+00:00
KW-FO-00344,Single Strength Fish Oil,2026-09-17T06:41:35.36873+00:00
KW-FO-00345,Single Strength Fish Oil,2026-09-17T06:41:35.36873+00:00
KW-FO-00346,Single Strength Fish Oil,2026-09-17T06:41:35.36873+00:00
KW-FO-00347,Single Strength Fish Oil,2026-09-17T06:41:35.36873+00:00
KW-FO-00348,Single Strength Fish Oil,2026-09-17T06:41:35.36873+00:00
KW-FO-00349,Single Strength Fish Oil,2026-09-17T06:41:35.36873+00:00
KW-FO-00350,Single Strength Fish Oil,2026-09-17T06:41:35.36873+00:00
KW-FO-00351,Single Strength Fish Oil,2026-09-17T06:41:35.36873+00:00
KW-FO-00352,Single Strength Fish Oil,2026-09-17T06:41:35.36873+00:00
KW-FO-00353,Single Strength Fish Oil,2026-09-17T06:41:35.36873+00:00
KW-FO-00354,Single Strength Fish Oil,2026-09-17T06:41:35.36873+00:00
KW-FO-00355,Single Strength Fish Oil,2026-09-17T06:41:35.36873+00:00
KW-FO-00356,Single Strength Fish Oil,2026-09-17T06:41:35.36873+00:00
KW-FO-00357,Single Strength Fish Oil,2026-09-17T06:41:35.36873+00:00
KW-FO-00358,Single Strength Fish Oil,2026-09-17T06:41:35.36873+00:00
KW-FO-00359,Single Strength Fish Oil,2026-09-17T06:41:35.36873+00:00
KW-FO-00360,Single Strength Fish Oil,2026-09-17T06:41:35.36873+00:00
KW-FO-00361,Single Strength Fish Oil,2026-09-17T06:41:35.36873+00:00
KW-FO-00362,Single Strength Fish Oil,2026-09-17T06:41:35.36873+00:00
KW-FO-00363,Single Strength Fish Oil,2026-09-17T06:41:35.36873+00:00
KW-FO-00364,Single Strength Fish Oil,2026-09-17T06:41:35.36873+00:00
KW-FO-00365,Single Strength Fish Oil,2026-09-17T06:41:35.36873+00:00
KW-FO-00366,Single Strength Fish Oil,2026-09-17T06:41:35.36873+00:00
KW-FO-00367,Single Strength Fish Oil,2026-09-17T06:41:35.36873+00:00
KW-FO-00368,Single Strength Fish Oil,2026-09-17T06:41:35.36873+00:00
KW-FO-00369,Single Strength Fish Oil,2026-09-17T06:41:35.36873+00:00
KW-FO-00370,Single Strength Fish Oil,2026-09-17T06:41:35.36873+00:00
KW-FO-00371,Single Strength Fish Oil,2026-09-17T06:41:35.36873+00:00
KW-FO-00372,Single Strength Fish Oil,2026-09-17T06:41:35.36873+00:00
KW-FO-00373,Single Strength Fish Oil,2026-09-17T06:41:35.36873+00:00
KW-FO-00374,Single Strength Fish Oil,2026-09-17T06:41:35.36873+00:00
KW-FO-00375,Single Strength Fish Oil,2026-09-17T06:41:35.36873+00:00
KW-FO-00376,Single Strength Fish Oil,2026-09-17T06:41:35.36873+00:00
KW-FO-00377,Single Strength Fish Oil,2026-09-17T06:41:35.36873+00:00
KW-FO-00378,Single Strength Fish Oil,2026-09-17T06:41:35.36873+00:00
KW-FO-00379,Single Strength Fish Oil,2026-09-17T06:41:35.36873+00:00
KW-FO-00380,Single Strength Fish Oil,2026-09-17T06:41:35.36873+00:00
KW-FO-00381,Single Strength Fish Oil,2026-09-17T06:41:35.36873+00:00
KW-FO-00382,Single Strength Fish Oil,2026-09-17T06:41:35.36873+00:00
KW-FO-00383,Single Strength Fish Oil,2026-09-17T06:41:35.36873+00:00
KW-FO-00384,Single Strength Fish Oil,2026-09-17T06:41:35.36873+00:00
KW-FO-00385,Single Strength Fish Oil,2026-09-17T06:41:35.36873+00:00
KW-FO-00386,Single Strength Fish Oil,2026-09-17T06:41:35.36873+00:00
KW-FO-00387,Single Strength Fish Oil,2026-09-17T06:41:35.36873+00:00
KW-FO-00388,Single Strength Fish Oil,2026-09-17T06:41:35.36873+00:00
KW-FO-00389,Single Strength Fish Oil,2026-09-17T06:41:35.36873+00:00
KW-FO-00390,Single Strength Fish Oil,2026-09-17T06:41:35.36873+00:00
KW-FO-00391,Single Strength Fish Oil,2026-09-17T06:41:35.36873+00:00
KW-FO-00392,Single Strength Fish Oil,2026-09-17T06:41:35.36873+00:00
KW-FO-00393,Single Strength Fish Oil,2026-09-17T06:41:35.36873+00:00
KW-FO-00394,Single Strength Fish Oil,2026-09-17T06:41:35.36873+00:00
KW-FO-00395,Single Strength Fish Oil,2026-09-17T06:41:35.36873+00:00
KW-FO-00396,Single Strength Fish Oil,2026-09-17T06:41:35.36873+00:00
KW-FO-00397,Single Strength Fish Oil,2026-09-17T06:41:35.36873+00:00
KW-FO-00398,Single Strength Fish Oil,2026-09-17T06:41:35.36873+00:00
KW-FO-00399,Single Strength Fish Oil,2026-09-17T06:41:35.36873+00:00
KW-FO-00400,Single Strength Fish Oil,2026-09-17T06:41:35.36873+00:00
KW-FO-00401,Single Strength Fish Oil,2026-09-17T06:41:35.36873+00:00
KW-FO-00402,Single Strength Fish Oil,2026-09-17T06:41:35.36873+00:00
KW-FO-00403,Single Strength Fish Oil,2026-09-17T06:41:35.36873+00:00
KW-FO-00404,Single Strength Fish Oil,2026-09-17T06:41:35.36873+00:00
KW-FO-00405,Single Strength Fish Oil,2026-09-17T06:41:35.36873+00:00
KW-FO-00406,Single Strength Fish Oil,2026-09-17T06:41:35.36873+00:00
KW-FO-00407,Single Strength Fish Oil,2026-09-17T06:41:35.36873+00:00
KW-FO-00408,Single Strength Fish Oil,2026-09-17T06:41:35.36873+00:00
KW-FO-00409,Single Strength Fish Oil,2026-09-17T06:41:35.36873+00:00
KW-FO-00410,Single Strength Fish Oil,2026-09-17T06:41:35.36873+00:00
KW-HJ-00001,Joint Support,2026-09-17T06:41:35.36873+00:00
KW-HJ-00002,Joint Support,2026-09-17T06:41:35.36873+00:00
KW-HJ-00003,Joint Support,2026-09-17T06:41:35.36873+00:00
KW-HJ-00004,Joint Support,2026-09-17T06:41:35.36873+00:00
KW-HJ-00005,Joint Support,2026-09-17T06:41:35.36873+00:00
KW-HJ-00006,Joint Support,2026-09-17T06:41:35.36873+00:00
KW-HJ-00007,Joint Support,2026-09-17T06:41:35.36873+00:00
KW-HJ-00008,Joint Support,2026-09-17T06:41:35.36873+00:00
KW-HJ-00009,Joint Support,2026-09-17T06:41:35.36873+00:00
KW-HJ-00010,Joint Support,2026-09-17T06:41:35.36873+00:00
KW-HJ-00011,Joint Support,2026-09-17T06:41:35.36873+00:00
KW-HJ-00012,Joint Support,2026-09-17T06:41:35.36873+00:00
KW-HJ-00013,Joint Support,2026-09-17T06:41:35.36873+00:00
KW-HJ-00014,Joint Support,2026-09-17T06:41:35.36873+00:00
KW-HJ-00015,Joint Support,2026-09-17T06:41:35.36873+00:00
KW-HJ-00016,Joint Support,2026-09-17T06:41:35.36873+00:00
KW-HJ-00017,Joint Support,2026-09-17T06:41:35.36873+00:00
KW-HJ-00018,Joint Support,2026-09-17T06:41:35.36873+00:00
KW-HJ-00019,Joint Support,2026-09-17T06:41:35.36873+00:00
KW-HJ-00020,Joint Support,2026-09-17T06:41:35.36873+00:00
KW-HJ-00021,Joint Support,2026-09-17T06:41:35.36873+00:00
KW-HJ-00022,Joint Support,2026-09-17T06:41:35.36873+00:00
KW-HJ-00023,Joint Support,2026-09-17T06:41:35.36873+00:00
KW-HJ-00024,Joint Support,2026-09-17T06:41:35.36873+00:00
KW-HJ-00025,Joint Support,2026-09-17T06:41:35.36873+00:00
KW-HJ-00026,Joint Support,2026-09-17T06:41:35.36873+00:00
KW-HJ-00027,Joint Support,2026-09-17T06:41:35.36873+00:00
KW-HJ-00028,Joint Support,2026-09-17T06:41:35.36873+00:00
KW-HJ-00029,Joint Support,2026-09-17T06:41:35.36873+00:00
KW-HJ-00030,Joint Support,2026-09-17T06:41:35.36873+00:00
KW-HJ-00031,Joint Support,2026-09-17T06:41:35.36873+00:00
KW-HJ-00032,Joint Support,2026-09-17T06:41:35.36873+00:00
KW-HJ-00033,Joint Support,2026-09-17T06:41:35.36873+00:00
KW-HJ-00034,Joint Support,2026-09-17T06:41:35.36873+00:00
KW-HJ-00035,Joint Support,2026-09-17T06:41:35.36873+00:00
KW-HJ-00036,Joint Support,2026-09-17T06:41:35.36873+00:00
KW-HJ-00037,Joint Support,2026-09-17T06:41:35.36873+00:00
KW-HJ-00038,Joint Support,2026-09-17T06:41:35.36873+00:00
KW-HJ-00039,Joint Support,2026-09-17T06:41:35.36873+00:00
KW-HJ-00040,Joint Support,2026-09-17T06:41:35.36873+00:00
KW-HJ-00041,Joint Support,2026-09-17T06:41:35.36873+00:00
KW-HJ-00042,Joint Support,2026-09-17T06:41:35.36873+00:00
KW-HJ-00043,Joint Support,2026-09-17T06:41:35.36873+00:00
KW-HJ-00044,Joint Support,2026-09-17T06:41:35.36873+00:00
KW-HJ-00045,Joint Support,2026-09-17T06:41:35.36873+00:00
KW-HJ-00046,Joint Support,2026-09-17T06:41:35.36873+00:00
KW-HJ-00047,Joint Support,2026-09-17T06:41:35.36873+00:00
KW-HJ-00048,Joint Support,2026-09-17T06:41:35.36873+00:00
KW-HJ-00049,Joint Support,2026-09-17T06:41:35.36873+00:00
KW-HJ-00050,Joint Support,2026-09-17T06:41:35.36873+00:00
KW-HJ-00051,Joint Support,2026-09-17T06:41:35.36873+00:00
KW-HJ-00052,Joint Support,2026-09-17T06:41:35.36873+00:00
KW-HJ-00053,Joint Support,2026-09-17T06:41:35.36873+00:00
KW-HJ-00054,Joint Support,2026-09-17T06:41:35.36873+00:00
KW-HJ-00055,Joint Support,2026-09-17T06:41:35.36873+00:00
KW-HJ-00056,Joint Support,2026-09-17T06:41:35.36873+00:00
KW-HJ-00057,Joint Support,2026-09-17T06:41:35.36873+00:00
KW-HJ-00058,Joint Support,2026-09-17T06:41:35.36873+00:00
KW-HJ-00059,Joint Support,2026-09-17T06:41:35.36873+00:00
KW-HJ-00060,Joint Support,2026-09-17T06:41:35.36873+00:00
KW-HJ-00061,Joint Support,2026-09-17T06:41:35.36873+00:00
KW-HJ-00062,Joint Support,2026-09-17T06:41:35.36873+00:00
KW-HJ-00063,Joint Support,2026-09-17T06:41:35.36873+00:00
KW-HJ-00064,Joint Support,2026-09-17T06:41:35.36873+00:00
KW-HJ-00065,Joint Support,2026-09-17T06:41:35.36873+00:00
KW-HJ-00066,Joint Support,2026-09-17T06:41:35.36873+00:00
KW-HJ-00067,Joint Support,2026-09-17T06:41:35.36873+00:00
KW-HJ-00068,Joint Support,2026-09-17T06:41:35.36873+00:00
KW-HJ-00069,Joint Support,2026-09-17T06:41:35.36873+00:00
KW-HJ-00070,Joint Support,2026-09-17T06:41:35.36873+00:00
KW-HJ-00071,Joint Support,2026-09-17T06:41:35.36873+00:00
KW-HJ-00072,Joint Support,2026-09-17T06:41:35.36873+00:00
KW-HJ-00073,Joint Support,2026-09-17T06:41:35.36873+00:00
KW-HJ-00074,Joint Support,2026-09-17T06:41:35.36873+00:00
KW-HJ-00075,Joint Support,2026-09-17T06:41:35.36873+00:00
KW-HJ-00076,Joint Support,2026-09-17T06:41:35.36873+00:00
KW-HJ-00077,Joint Support,2026-09-17T06:41:35.36873+00:00
KW-HJ-00078,Joint Support,2026-09-17T06:41:35.36873+00:00
KW-HJ-00079,Joint Support,2026-09-17T06:41:35.36873+00:00
KW-HJ-00080,Joint Support,2026-09-17T06:41:35.36873+00:00
KW-HJ-00081,Joint Support,2026-09-17T06:41:35.36873+00:00
KW-HJ-00082,Joint Support,2026-09-17T06:41:35.36873+00:00
KW-HJ-00083,Joint Support,2026-09-17T06:41:35.36873+00:00
KW-HJ-00084,Joint Support,2026-09-17T06:41:35.36873+00:00
KW-HJ-00085,Joint Support,2026-09-17T06:41:35.36873+00:00
KW-HJ-00086,Joint Support,2026-09-17T06:41:35.36873+00:00
KW-HJ-00087,Joint Support,2026-09-17T06:41:35.36873+00:00
KW-HJ-00088,Joint Support,2026-09-17T06:41:35.36873+00:00
KW-HJ-00089,Joint Support,2026-09-17T06:41:35.36873+00:00
KW-HJ-00090,Joint Support,2026-09-17T06:41:35.36873+00:00
KW-HJ-00091,Joint Support,2026-09-17T06:41:35.36873+00:00
KW-HJ-00092,Joint Support,2026-09-17T06:41:35.36873+00:00
KW-HJ-00093,Joint Support,2026-09-17T06:41:35.36873+00:00
KW-HJ-00094,Joint Support,2026-09-17T06:41:35.36873+00:00
KW-HJ-00095,Joint Support,2026-09-17T06:41:35.36873+00:00
KW-HJ-00096,Joint Support,2026-09-17T06:41:35.36873+00:00
KW-HJ-00097,Joint Support,2026-09-17T06:41:35.36873+00:00
KW-HJ-00098,Joint Support,2026-09-17T06:41:35.36873+00:00
KW-HJ-00099,Joint Support,2026-09-17T06:41:35.36873+00:00
KW-HJ-00100,Joint Support,2026-09-17T06:41:35.36873+00:00
KW-HJ-00101,Joint Support,2026-09-17T06:41:35.36873+00:00
KW-HJ-00102,Joint Support,2026-09-17T06:41:35.36873+00:00
KW-HJ-00103,Joint Support,2026-09-17T06:41:35.36873+00:00
KW-HJ-00104,Joint Support,2026-09-17T06:41:35.36873+00:00
KW-HJ-00105,Joint Support,2026-09-17T06:41:35.36873+00:00
KW-HJ-00106,Joint Support,2026-09-17T06:41:35.36873+00:00
KW-HJ-00107,Joint Support,2026-09-17T06:41:35.36873+00:00
KW-HJ-00108,Joint Support,2026-09-17T06:41:35.36873+00:00
KW-HJ-00109,Joint Support,2026-09-17T06:41:35.36873+00:00
KW-HJ-00110,Joint Support,2026-09-17T06:41:35.36873+00:00
KW-HJ-00111,Joint Support,2026-09-17T06:41:35.36873+00:00
KW-HJ-00112,Joint Support,2026-09-17T06:41:35.36873+00:00
KW-HJ-00113,Joint Support,2026-09-17T06:41:35.36873+00:00
KW-HJ-00114,Joint Support,2026-09-17T06:41:35.36873+00:00
KW-HJ-00115,Joint Support,2026-09-17T06:41:35.36873+00:00
KW-HJ-00116,Joint Support,2026-09-17T06:41:35.36873+00:00
KW-HJ-00117,Joint Support,2026-09-17T06:41:35.36873+00:00
KW-HJ-00118,Joint Support,2026-09-17T06:41:35.36873+00:00
KW-HJ-00119,Joint Support,2026-09-17T06:41:35.36873+00:00
KW-HJ-00120,Joint Support,2026-09-17T06:41:35.36873+00:00
KW-HJ-00121,Joint Support,2026-09-17T06:41:35.36873+00:00
KW-HJ-00122,Joint Support,2026-09-17T06:41:35.36873+00:00
KW-HJ-00123,Joint Support,2026-09-17T06:41:35.36873+00:00
KW-HJ-00124,Joint Support,2026-09-17T06:41:35.36873+00:00
KW-HJ-00125,Joint Support,2026-09-17T06:41:35.36873+00:00
KW-HJ-00126,Joint Support,2026-09-17T06:41:35.36873+00:00
KW-HJ-00127,Joint Support,2026-09-17T06:41:35.36873+00:00
KW-HJ-00128,Joint Support,2026-09-17T06:41:35.36873+00:00
KW-HJ-00129,Joint Support,2026-09-17T06:41:35.36873+00:00
KW-HJ-00130,Joint Support,2026-09-17T06:41:35.36873+00:00
KW-HJ-00131,Joint Support,2026-09-17T06:41:35.36873+00:00
KW-HJ-00132,Joint Support,2026-09-17T06:41:35.36873+00:00
KW-HJ-00133,Joint Support,2026-09-17T06:41:35.36873+00:00
KW-HJ-00134,Joint Support,2026-09-17T06:41:35.36873+00:00
KW-HJ-00135,Joint Support,2026-09-17T06:41:35.36873+00:00
KW-HJ-00136,Joint Support,2026-09-17T06:41:35.36873+00:00
KW-HJ-00137,Joint Support,2026-09-17T06:41:35.36873+00:00
KW-HJ-00138,Joint Support,2026-09-17T06:41:35.36873+00:00
KW-HJ-00139,Joint Support,2026-09-17T06:41:35.36873+00:00
KW-HJ-00140,Joint Support,2026-09-17T06:41:35.36873+00:00
KW-HJ-00141,Joint Support,2026-09-17T06:41:35.36873+00:00
KW-HJ-00142,Joint Support,2026-09-17T06:41:35.36873+00:00
KW-HJ-00143,Joint Support,2026-09-17T06:41:35.36873+00:00
KW-HJ-00144,Joint Support,2026-09-17T06:41:35.36873+00:00
KW-HJ-00145,Joint Support,2026-09-17T06:41:35.36873+00:00
KW-HJ-00146,Joint Support,2026-09-17T06:41:35.36873+00:00
KW-HJ-00147,Joint Support,2026-09-17T06:41:35.36873+00:00
KW-HJ-00148,Joint Support,2026-09-17T06:41:35.36873+00:00
KW-HJ-00149,Joint Support,2026-09-17T06:41:35.36873+00:00
KW-HJ-00150,Joint Support,2026-09-17T06:41:35.36873+00:00
KW-HJ-00151,Joint Support,2026-09-17T06:41:35.36873+00:00
KW-HJ-00152,Joint Support,2026-09-17T06:41:35.36873+00:00
KW-HJ-00153,Joint Support,2026-09-17T06:41:35.36873+00:00
KW-HJ-00154,Joint Support,2026-09-17T06:41:35.36873+00:00
KW-HJ-00155,Joint Support,2026-09-17T06:41:35.36873+00:00
KW-HJ-00156,Joint Support,2026-09-17T06:41:35.36873+00:00
KW-HJ-00157,Joint Support,2026-09-17T06:41:35.36873+00:00
KW-HJ-00158,Joint Support,2026-09-17T06:41:35.36873+00:00
KW-HJ-00159,Joint Support,2026-09-17T06:41:35.36873+00:00
KW-HJ-00160,Joint Support,2026-09-17T06:41:35.36873+00:00
KW-HJ-00161,Joint Support,2026-09-17T06:41:35.36873+00:00
KW-HJ-00162,Joint Support,2026-09-17T06:41:35.36873+00:00
KW-HJ-00163,Joint Support,2026-09-17T06:41:35.36873+00:00
KW-HJ-00164,Joint Support,2026-09-17T06:41:35.36873+00:00
KW-HJ-00165,Joint Support,2026-09-17T06:41:35.36873+00:00
KW-HJ-00166,Joint Support,2026-09-17T06:41:35.36873+00:00
KW-HJ-00167,Joint Support,2026-09-17T06:41:35.36873+00:00
KW-HJ-00168,Joint Support,2026-09-17T06:41:35.36873+00:00
KW-HJ-00169,Joint Support,2026-09-17T06:41:35.36873+00:00
KW-HJ-00170,Joint Support,2026-09-17T06:41:35.36873+00:00
KW-HJ-00171,Joint Support,2026-09-17T06:41:35.36873+00:00
KW-HJ-00172,Joint Support,2026-09-17T06:41:35.36873+00:00
KW-HJ-00173,Joint Support,2026-09-17T06:41:35.36873+00:00
KW-HJ-00174,Joint Support,2026-09-17T06:41:35.36873+00:00
KW-HJ-00175,Joint Support,2026-09-17T06:41:35.36873+00:00
KW-HJ-00176,Joint Support,2026-09-17T06:41:35.36873+00:00
KW-HJ-00177,Joint Support,2026-09-17T06:41:35.36873+00:00
KW-HJ-00178,Joint Support,2026-09-17T06:41:35.36873+00:00
KW-HJ-00179,Joint Support,2026-09-17T06:41:35.36873+00:00
KW-HJ-00180,Joint Support,2026-09-17T06:41:35.36873+00:00
KW-HJ-00181,Joint Support,2026-09-17T06:41:35.36873+00:00
KW-HJ-00182,Joint Support,2026-09-17T06:41:35.36873+00:00
KW-HJ-00183,Joint Support,2026-09-17T06:41:35.36873+00:00
KW-HJ-00184,Joint Support,2026-09-17T06:41:35.36873+00:00
KW-HJ-00185,Joint Support,2026-09-17T06:41:35.36873+00:00
KW-HJ-00186,Joint Support,2026-09-17T06:41:35.36873+00:00
KW-HJ-00187,Joint Support,2026-09-17T06:41:35.36873+00:00
KW-HJ-00188,Joint Support,2026-09-17T06:41:35.36873+00:00
KW-HJ-00189,Joint Support,2026-09-17T06:41:35.36873+00:00
KW-HJ-00190,Joint Support,2026-09-17T06:41:35.36873+00:00
KW-HJ-00191,Joint Support,2026-09-17T06:41:35.36873+00:00
KW-HJ-00192,Joint Support,2026-09-17T06:41:35.36873+00:00
KW-HJ-00193,Joint Support,2026-09-17T06:41:35.36873+00:00
KW-HJ-00194,Joint Support,2026-09-17T06:41:35.36873+00:00
KW-HJ-00195,Joint Support,2026-09-17T06:41:35.36873+00:00
KW-HJ-00196,Joint Support,2026-09-17T06:41:35.36873+00:00
KW-HJ-00197,Joint Support,2026-09-17T06:41:35.36873+00:00
KW-HJ-00198,Joint Support,2026-09-17T06:41:35.36873+00:00
KW-HJ-00199,Joint Support,2026-09-17T06:41:35.36873+00:00
KW-HJ-00200,Joint Support,2026-09-17T06:41:35.36873+00:00
KW-HJ-00201,Joint Support,2026-09-17T06:41:35.36873+00:00
KW-HJ-00202,Joint Support,2026-09-17T06:41:35.36873+00:00
KW-HJ-00203,Joint Support,2026-09-17T06:41:35.36873+00:00
KW-HJ-00204,Joint Support,2026-09-17T06:41:35.36873+00:00
KW-HJ-00205,Joint Support,2026-09-17T06:41:35.36873+00:00
KW-HJ-00206,Joint Support,2026-09-17T06:41:35.36873+00:00
KW-HJ-00207,Joint Support,2026-09-17T06:41:35.36873+00:00
KW-HJ-00208,Joint Support,2026-09-17T06:41:35.36873+00:00
KW-HJ-00209,Joint Support,2026-09-17T06:41:35.36873+00:00
KW-HJ-00210,Joint Support,2026-09-17T06:41:35.36873+00:00
KW-HJ-00211,Joint Support,2026-09-17T06:41:35.36873+00:00
KW-HJ-00212,Joint Support,2026-09-17T06:41:35.36873+00:00
KW-HJ-00213,Joint Support,2026-09-17T06:41:35.36873+00:00
KW-HJ-00214,Joint Support,2026-09-17T06:41:35.36873+00:00
KW-HJ-00215,Joint Support,2026-09-17T06:41:35.36873+00:00
KW-HJ-00216,Joint Support,2026-09-17T06:41:35.36873+00:00
KW-HJ-00217,Joint Support,2026-09-17T06:41:35.36873+00:00
KW-HJ-00218,Joint Support,2026-09-17T06:41:35.36873+00:00
KW-HJ-00219,Joint Support,2026-09-17T06:41:35.36873+00:00
KW-HJ-00220,Joint Support,2026-09-17T06:41:35.36873+00:00
KW-HJ-00221,Joint Support,2026-09-17T06:41:35.36873+00:00
KW-HJ-00222,Joint Support,2026-09-17T06:41:35.36873+00:00
KW-HJ-00223,Joint Support,2026-09-17T06:41:35.36873+00:00
KW-HJ-00224,Joint Support,2026-09-17T06:41:35.36873+00:00
KW-HJ-00225,Joint Support,2026-09-17T06:41:35.36873+00:00
KW-HJ-00226,Joint Support,2026-09-17T06:41:35.36873+00:00
KW-HJ-00227,Joint Support,2026-09-17T06:41:35.36873+00:00
KW-HJ-00228,Joint Support,2026-09-17T06:41:35.36873+00:00
KW-HJ-00229,Joint Support,2026-09-17T06:41:35.36873+00:00
KW-HJ-00230,Joint Support,2026-09-17T06:41:35.36873+00:00
KW-HJ-00231,Joint Support,2026-09-17T06:41:35.36873+00:00
KW-HJ-00232,Joint Support,2026-09-17T06:41:35.36873+00:00
KW-HJ-00233,Joint Support,2026-09-17T06:41:35.36873+00:00
KW-HJ-00234,Joint Support,2026-09-17T06:41:35.36873+00:00
KW-HJ-00235,Joint Support,2026-09-17T06:41:35.36873+00:00
KW-HJ-00236,Joint Support,2026-09-17T06:41:35.36873+00:00
KW-HJ-00237,Joint Support,2026-09-17T06:41:35.36873+00:00
KW-HJ-00238,Joint Support,2026-09-17T06:41:35.36873+00:00
KW-HJ-00239,Joint Support,2026-09-17T06:41:35.36873+00:00
KW-HJ-00240,Joint Support,2026-09-17T06:41:35.36873+00:00
KW-HJ-00241,Joint Support,2026-09-17T06:41:35.36873+00:00
KW-HJ-00242,Joint Support,2026-09-17T06:41:35.36873+00:00
KW-HJ-00243,Joint Support,2026-09-17T06:41:35.36873+00:00
KW-HJ-00244,Joint Support,2026-09-17T06:41:35.36873+00:00
KW-HJ-00245,Joint Support,2026-09-17T06:41:35.36873+00:00
KW-HJ-00246,Joint Support,2026-09-17T06:41:35.36873+00:00
KW-HJ-00247,Joint Support,2026-09-17T06:41:35.36873+00:00
KW-HJ-00248,Joint Support,2026-09-17T06:41:35.36873+00:00
KW-HJ-00249,Joint Support,2026-09-17T06:41:35.36873+00:00
KW-HJ-00250,Joint Support,2026-09-17T06:41:35.36873+00:00
KW-HJ-00251,Joint Support,2026-09-17T06:41:35.36873+00:00
KW-HJ-00252,Joint Support,2026-09-17T06:41:35.36873+00:00
KW-HJ-00253,Joint Support,2026-09-17T06:41:35.36873+00:00
KW-HJ-00254,Joint Support,2026-09-17T06:41:35.36873+00:00
KW-HJ-00255,Joint Support,2026-09-17T06:41:35.36873+00:00
KW-HJ-00256,Joint Support,2026-09-17T06:41:35.36873+00:00
KW-HJ-00257,Joint Support,2026-09-17T06:41:35.36873+00:00
KW-HJ-00258,Joint Support,2026-09-17T06:41:35.36873+00:00
KW-HJ-00259,Joint Support,2026-09-17T06:41:35.36873+00:00
KW-HJ-00260,Joint Support,2026-09-17T06:41:35.36873+00:00
KW-HJ-00261,Joint Support,2026-09-17T06:41:35.36873+00:00
KW-HJ-00262,Joint Support,2026-09-17T06:41:35.36873+00:00
KW-HJ-00263,Joint Support,2026-09-17T06:41:35.36873+00:00
KW-HJ-00264,Joint Support,2026-09-17T06:41:35.36873+00:00
KW-HJ-00265,Joint Support,2026-09-17T06:41:35.36873+00:00
KW-HJ-00266,Joint Support,2026-09-17T06:41:35.36873+00:00
KW-HJ-00267,Joint Support,2026-09-17T06:41:35.36873+00:00
KW-HJ-00268,Joint Support,2026-09-17T06:41:35.36873+00:00
KW-HJ-00269,Joint Support,2026-09-17T06:41:35.36873+00:00
KW-HJ-00270,Joint Support,2026-09-17T06:41:35.36873+00:00
KW-HJ-00271,Joint Support,2026-09-17T06:41:35.36873+00:00
KW-HJ-00272,Joint Support,2026-09-17T06:41:35.36873+00:00
KW-HJ-00273,Joint Support,2026-09-17T06:41:35.36873+00:00
KW-HJ-00274,Joint Support,2026-09-17T06:41:35.36873+00:00
KW-HJ-00275,Joint Support,2026-09-17T06:41:35.36873+00:00
KW-HJ-00276,Joint Support,2026-09-17T06:41:35.36873+00:00
KW-HJ-00277,Joint Support,2026-09-17T06:41:35.36873+00:00
KW-HJ-00278,Joint Support,2026-09-17T06:41:35.36873+00:00
KW-HJ-00279,Joint Support,2026-09-17T06:41:35.36873+00:00
KW-HJ-00280,Joint Support,2026-09-17T06:41:35.36873+00:00
KW-HJ-00281,Joint Support,2026-09-17T06:41:35.36873+00:00
KW-HJ-00282,Joint Support,2026-09-17T06:41:35.36873+00:00
KW-HJ-00283,Joint Support,2026-09-17T06:41:35.36873+00:00
KW-HJ-00284,Joint Support,2026-09-17T06:41:35.36873+00:00
KW-HJ-00285,Joint Support,2026-09-17T06:41:35.36873+00:00
KW-HJ-00286,Joint Support,2026-09-17T06:41:35.36873+00:00
KW-HJ-00287,Joint Support,2026-09-17T06:41:35.36873+00:00
KW-HJ-00288,Joint Support,2026-09-17T06:41:35.36873+00:00
KW-HJ-00289,Joint Support,2026-09-17T06:41:35.36873+00:00
KW-HJ-00290,Joint Support,2026-09-17T06:41:35.36873+00:00
KW-HJ-00291,Joint Support,2026-09-17T06:41:35.36873+00:00
KW-HJ-00292,Joint Support,2026-09-17T06:41:35.36873+00:00
KW-HJ-00293,Joint Support,2026-09-17T06:41:35.36873+00:00
KW-HJ-00294,Joint Support,2026-09-17T06:41:35.36873+00:00
KW-HJ-00295,Joint Support,2026-09-17T06:41:35.36873+00:00
KW-HJ-00296,Joint Support,2026-09-17T06:41:35.36873+00:00
KW-HJ-00297,Joint Support,2026-09-17T06:41:35.36873+00:00
KW-HJ-00298,Joint Support,2026-09-17T06:41:35.36873+00:00
KW-HJ-00299,Joint Support,2026-09-17T06:41:35.36873+00:00
KW-HJ-00300,Joint Support,2026-09-17T06:41:35.36873+00:00
KW-HJ-00301,Joint Support,2026-09-17T06:41:35.36873+00:00
KW-HJ-00302,Joint Support,2026-09-17T06:41:35.36873+00:00
KW-HJ-00303,Joint Support,2026-09-17T06:41:35.36873+00:00
KW-HJ-00304,Joint Support,2026-09-17T06:41:35.36873+00:00
KW-HJ-00305,Joint Support,2026-09-17T06:41:35.36873+00:00
KW-HJ-00306,Joint Support,2026-09-17T06:41:35.36873+00:00
KW-HJ-00307,Joint Support,2026-09-17T06:41:35.36873+00:00
KW-HJ-00308,Joint Support,2026-09-17T06:41:35.36873+00:00
KW-HJ-00309,Joint Support,2026-09-17T06:41:35.36873+00:00
KW-HJ-00310,Joint Support,2026-09-17T06:41:35.36873+00:00
KW-HJ-00311,Joint Support,2026-09-17T06:41:35.36873+00:00
KW-HJ-00312,Joint Support,2026-09-17T06:41:35.36873+00:00
KW-HJ-00313,Joint Support,2026-09-17T06:41:35.36873+00:00
KW-HJ-00314,Joint Support,2026-09-17T06:41:35.36873+00:00
KW-HJ-00315,Joint Support,2026-09-17T06:41:35.36873+00:00
KW-HJ-00316,Joint Support,2026-09-17T06:41:35.36873+00:00
KW-HJ-00317,Joint Support,2026-09-17T06:41:35.36873+00:00
KW-HJ-00318,Joint Support,2026-09-17T06:41:35.36873+00:00
KW-HJ-00319,Joint Support,2026-09-17T06:41:35.36873+00:00
KW-HJ-00320,Joint Support,2026-09-17T06:41:35.36873+00:00
KW-HJ-00321,Joint Support,2026-09-17T06:41:35.36873+00:00
KW-HJ-00322,Joint Support,2026-09-17T06:41:35.36873+00:00
KW-HJ-00323,Joint Support,2026-09-17T06:41:35.36873+00:00
KW-HJ-00324,Joint Support,2026-09-17T06:41:35.36873+00:00
KW-HJ-00325,Joint Support,2026-09-17T06:41:35.36873+00:00
KW-HJ-00326,Joint Support,2026-09-17T06:41:35.36873+00:00
KW-HJ-00327,Joint Support,2026-09-17T06:41:35.36873+00:00
KW-HJ-00328,Joint Support,2026-09-17T06:41:35.36873+00:00
KW-HJ-00329,Joint Support,2026-09-17T06:41:35.36873+00:00
KW-HJ-00330,Joint Support,2026-09-17T06:41:35.36873+00:00
KW-HJ-00331,Joint Support,2026-09-17T06:41:35.36873+00:00
KW-HJ-00332,Joint Support,2026-09-17T06:41:35.36873+00:00
KW-HJ-00333,Joint Support,2026-09-17T06:41:35.36873+00:00
KW-HJ-00334,Joint Support,2026-09-17T06:41:35.36873+00:00
KW-HJ-00335,Joint Support,2026-09-17T06:41:35.36873+00:00
KW-HJ-00336,Joint Support,2026-09-17T06:41:35.36873+00:00
KW-HJ-00337,Joint Support,2026-09-17T06:41:35.36873+00:00
KW-HJ-00338,Joint Support,2026-09-17T06:41:35.36873+00:00
KW-HJ-00339,Joint Support,2026-09-17T06:41:35.36873+00:00
KW-HJ-00340,Joint Support,2026-09-17T06:41:35.36873+00:00
KW-HJ-00341,Joint Support,2026-09-17T06:41:35.36873+00:00
KW-HJ-00342,Joint Support,2026-09-17T06:41:35.36873+00:00
KW-HJ-00343,Joint Support,2026-09-17T06:41:35.36873+00:00
KW-HJ-00344,Joint Support,2026-09-17T06:41:35.36873+00:00
KW-HJ-00345,Joint Support,2026-09-17T06:41:35.36873+00:00
KW-HJ-00346,Joint Support,2026-09-17T06:41:35.36873+00:00
KW-HJ-00347,Joint Support,2026-09-17T06:41:35.36873+00:00
KW-HJ-00348,Joint Support,2026-09-17T06:41:35.36873+00:00
KW-HJ-00349,Joint Support,2026-09-17T06:41:35.36873+00:00
KW-HJ-00350,Joint Support,2026-09-17T06:41:35.36873+00:00
KW-HJ-00351,Joint Support,2026-09-17T06:41:35.36873+00:00
KW-HJ-00352,Joint Support,2026-09-17T06:41:35.36873+00:00
KW-HJ-00353,Joint Support,2026-09-17T06:41:35.36873+00:00
KW-HJ-00354,Joint Support,2026-09-17T06:41:35.36873+00:00
KW-HJ-00355,Joint Support,2026-09-17T06:41:35.36873+00:00
KW-HJ-00356,Joint Support,2026-09-17T06:41:35.36873+00:00
KW-HJ-00357,Joint Support,2026-09-17T06:41:35.36873+00:00
KW-HJ-00358,Joint Support,2026-09-17T06:41:35.36873+00:00
KW-HJ-00359,Joint Support,2026-09-17T06:41:35.36873+00:00
KW-HJ-00360,Joint Support,2026-09-17T06:41:35.36873+00:00
KW-HJ-00361,Joint Support,2026-09-17T06:41:35.36873+00:00
KW-HJ-00362,Joint Support,2026-09-17T06:41:35.36873+00:00
KW-HJ-00363,Joint Support,2026-09-17T06:41:35.36873+00:00
KW-HJ-00364,Joint Support,2026-09-17T06:41:35.36873+00:00
KW-HJ-00365,Joint Support,2026-09-17T06:41:35.36873+00:00
KW-HJ-00366,Joint Support,2026-09-17T06:41:35.36873+00:00
KW-HJ-00367,Joint Support,2026-09-17T06:41:35.36873+00:00
KW-HJ-00368,Joint Support,2026-09-17T06:41:35.36873+00:00
KW-HJ-00369,Joint Support,2026-09-17T06:41:35.36873+00:00
KW-HJ-00370,Joint Support,2026-09-17T06:41:35.36873+00:00
KW-HJ-00371,Joint Support,2026-09-17T06:41:35.36873+00:00
KW-HJ-00372,Joint Support,2026-09-17T06:41:35.36873+00:00
KW-HJ-00373,Joint Support,2026-09-17T06:41:35.36873+00:00
KW-HJ-00374,Joint Support,2026-09-17T06:41:35.36873+00:00
KW-HJ-00375,Joint Support,2026-09-17T06:41:35.36873+00:00
KW-HJ-00376,Joint Support,2026-09-17T06:41:35.759758+00:00
KW-HJ-00377,Joint Support,2026-09-17T06:41:35.759758+00:00
KW-HJ-00378,Joint Support,2026-09-17T06:41:35.759758+00:00
KW-HJ-00379,Joint Support,2026-09-17T06:41:35.759758+00:00
KW-HJ-00380,Joint Support,2026-09-17T06:41:35.759758+00:00
KW-HJ-00381,Joint Support,2026-09-17T06:41:35.759758+00:00
KW-HJ-00382,Joint Support,2026-09-17T06:41:35.759758+00:00
KW-HJ-00383,Joint Support,2026-09-17T06:41:35.759758+00:00
KW-HJ-00384,Joint Support,2026-09-17T06:41:35.759758+00:00
KW-HJ-00385,Joint Support,2026-09-17T06:41:35.759758+00:00
KW-HJ-00386,Joint Support,2026-09-17T06:41:35.759758+00:00
KW-HJ-00387,Joint Support,2026-09-17T06:41:35.759758+00:00
KW-HJ-00388,Joint Support,2026-09-17T06:41:35.759758+00:00
KW-HJ-00389,Joint Support,2026-09-17T06:41:35.759758+00:00
KW-HJ-00390,Joint Support,2026-09-17T06:41:35.759758+00:00
KW-HJ-00391,Joint Support,2026-09-17T06:41:35.759758+00:00
KW-HJ-00392,Joint Support,2026-09-17T06:41:35.759758+00:00
KW-HJ-00393,Joint Support,2026-09-17T06:41:35.759758+00:00
KW-HJ-00394,Joint Support,2026-09-17T06:41:35.759758+00:00
KW-HJ-00395,Joint Support,2026-09-17T06:41:35.759758+00:00
KW-HJ-00396,Joint Support,2026-09-17T06:41:35.759758+00:00
KW-HJ-00397,Joint Support,2026-09-17T06:41:35.759758+00:00
KW-HJ-00398,Joint Support,2026-09-17T06:41:35.759758+00:00
KW-HJ-00399,Joint Support,2026-09-17T06:41:35.759758+00:00
KW-HJ-00400,Joint Support,2026-09-17T06:41:35.759758+00:00
KW-HJ-00401,Joint Support,2026-09-17T06:41:35.759758+00:00
KW-HJ-00402,Joint Support,2026-09-17T06:41:35.759758+00:00
KW-HJ-00403,Joint Support,2026-09-17T06:41:35.759758+00:00
KW-HJ-00404,Joint Support,2026-09-17T06:41:35.759758+00:00
KW-HJ-00405,Joint Support,2026-09-17T06:41:35.759758+00:00
KW-HJ-00406,Joint Support,2026-09-17T06:41:35.759758+00:00
KW-HJ-00407,Joint Support,2026-09-17T06:41:35.759758+00:00
KW-HJ-00408,Joint Support,2026-09-17T06:41:35.759758+00:00
KW-HJ-00409,Joint Support,2026-09-17T06:41:35.759758+00:00
KW-HJ-00410,Joint Support,2026-09-17T06:41:35.759758+00:00
KW-HH-00001,DHT Blocker,2026-09-17T06:41:35.759758+00:00
KW-HH-00002,DHT Blocker,2026-09-17T06:41:35.759758+00:00
KW-HH-00003,DHT Blocker,2026-09-17T06:41:35.759758+00:00
KW-HH-00004,DHT Blocker,2026-09-17T06:41:35.759758+00:00
KW-HH-00005,DHT Blocker,2026-09-17T06:41:35.759758+00:00
KW-HH-00006,DHT Blocker,2026-09-17T06:41:35.759758+00:00
KW-HH-00007,DHT Blocker,2026-09-17T06:41:35.759758+00:00
KW-HH-00008,DHT Blocker,2026-09-17T06:41:35.759758+00:00
KW-HH-00009,DHT Blocker,2026-09-17T06:41:35.759758+00:00
KW-HH-00010,DHT Blocker,2026-09-17T06:41:35.759758+00:00
KW-HH-00011,DHT Blocker,2026-09-17T06:41:35.759758+00:00
KW-HH-00012,DHT Blocker,2026-09-17T06:41:35.759758+00:00
KW-HH-00013,DHT Blocker,2026-09-17T06:41:35.759758+00:00
KW-HH-00014,DHT Blocker,2026-09-17T06:41:35.759758+00:00
KW-HH-00015,DHT Blocker,2026-09-17T06:41:35.759758+00:00
KW-HH-00016,DHT Blocker,2026-09-17T06:41:35.759758+00:00
KW-HH-00017,DHT Blocker,2026-09-17T06:41:35.759758+00:00
KW-HH-00018,DHT Blocker,2026-09-17T06:41:35.759758+00:00
KW-HH-00019,DHT Blocker,2026-09-17T06:41:35.759758+00:00
KW-HH-00020,DHT Blocker,2026-09-17T06:41:35.759758+00:00
KW-HH-00021,DHT Blocker,2026-09-17T06:41:35.759758+00:00
KW-HH-00022,DHT Blocker,2026-09-17T06:41:35.759758+00:00
KW-HH-00023,DHT Blocker,2026-09-17T06:41:35.759758+00:00
KW-HH-00024,DHT Blocker,2026-09-17T06:41:35.759758+00:00
KW-HH-00025,DHT Blocker,2026-09-17T06:41:35.759758+00:00
KW-HH-00026,DHT Blocker,2026-09-17T06:41:35.759758+00:00
KW-HH-00027,DHT Blocker,2026-09-17T06:41:35.759758+00:00
KW-HH-00028,DHT Blocker,2026-09-17T06:41:35.759758+00:00
KW-HH-00029,DHT Blocker,2026-09-17T06:41:35.759758+00:00
KW-HH-00030,DHT Blocker,2026-09-17T06:41:35.759758+00:00
KW-HH-00031,DHT Blocker,2026-09-17T06:41:35.759758+00:00
KW-HH-00032,DHT Blocker,2026-09-17T06:41:35.759758+00:00
KW-HH-00033,DHT Blocker,2026-09-17T06:41:35.759758+00:00
KW-HH-00034,DHT Blocker,2026-09-17T06:41:35.759758+00:00
KW-HH-00035,DHT Blocker,2026-09-17T06:41:35.759758+00:00
KW-HH-00036,DHT Blocker,2026-09-17T06:41:35.759758+00:00
KW-HH-00037,DHT Blocker,2026-09-17T06:41:35.759758+00:00
KW-HH-00038,DHT Blocker,2026-09-17T06:41:35.759758+00:00
KW-HH-00039,DHT Blocker,2026-09-17T06:41:35.759758+00:00
KW-HH-00040,DHT Blocker,2026-09-17T06:41:35.759758+00:00
KW-HH-00041,DHT Blocker,2026-09-17T06:41:35.759758+00:00
KW-HH-00042,DHT Blocker,2026-09-17T06:41:35.759758+00:00
KW-HH-00043,DHT Blocker,2026-09-17T06:41:35.759758+00:00
KW-HH-00044,DHT Blocker,2026-09-17T06:41:35.759758+00:00
KW-HH-00045,DHT Blocker,2026-09-17T06:41:35.759758+00:00
KW-HH-00046,DHT Blocker,2026-09-17T06:41:35.759758+00:00
KW-HH-00047,DHT Blocker,2026-09-17T06:41:35.759758+00:00
KW-HH-00048,DHT Blocker,2026-09-17T06:41:35.759758+00:00
KW-HH-00049,DHT Blocker,2026-09-17T06:41:35.759758+00:00
KW-HH-00050,DHT Blocker,2026-09-17T06:41:35.759758+00:00
KW-HH-00051,DHT Blocker,2026-09-17T06:41:35.759758+00:00
KW-HH-00052,DHT Blocker,2026-09-17T06:41:35.759758+00:00
KW-HH-00053,DHT Blocker,2026-09-17T06:41:35.759758+00:00
KW-HH-00054,DHT Blocker,2026-09-17T06:41:35.759758+00:00
KW-HH-00055,DHT Blocker,2026-09-17T06:41:35.759758+00:00
KW-HH-00056,DHT Blocker,2026-09-17T06:41:35.759758+00:00
KW-HH-00057,DHT Blocker,2026-09-17T06:41:35.759758+00:00
KW-HH-00058,DHT Blocker,2026-09-17T06:41:35.759758+00:00
KW-HH-00059,DHT Blocker,2026-09-17T06:41:35.759758+00:00
KW-HH-00060,DHT Blocker,2026-09-17T06:41:35.759758+00:00
KW-HH-00061,DHT Blocker,2026-09-17T06:41:35.759758+00:00
KW-HH-00062,DHT Blocker,2026-09-17T06:41:35.759758+00:00
KW-HH-00063,DHT Blocker,2026-09-17T06:41:35.759758+00:00
KW-HH-00064,DHT Blocker,2026-09-17T06:41:35.759758+00:00
KW-HH-00065,DHT Blocker,2026-09-17T06:41:35.759758+00:00
KW-HH-00066,DHT Blocker,2026-09-17T06:41:35.759758+00:00
KW-HH-00067,DHT Blocker,2026-09-17T06:41:35.759758+00:00
KW-HH-00068,DHT Blocker,2026-09-17T06:41:35.759758+00:00
KW-HH-00069,DHT Blocker,2026-09-17T06:41:35.759758+00:00
KW-HH-00070,DHT Blocker,2026-09-17T06:41:35.759758+00:00
KW-HH-00071,DHT Blocker,2026-09-17T06:41:35.759758+00:00
KW-HH-00072,DHT Blocker,2026-09-17T06:41:35.759758+00:00
KW-HH-00073,DHT Blocker,2026-09-17T06:41:35.759758+00:00
KW-HH-00074,DHT Blocker,2026-09-17T06:41:35.759758+00:00
KW-HH-00075,DHT Blocker,2026-09-17T06:41:35.759758+00:00
KW-HH-00076,DHT Blocker,2026-09-17T06:41:35.759758+00:00
KW-HH-00077,DHT Blocker,2026-09-17T06:41:35.759758+00:00
KW-HH-00078,DHT Blocker,2026-09-17T06:41:35.759758+00:00
KW-HH-00079,DHT Blocker,2026-09-17T06:41:35.759758+00:00
KW-HH-00080,DHT Blocker,2026-09-17T06:41:35.759758+00:00
KW-HH-00081,DHT Blocker,2026-09-17T06:41:35.759758+00:00
KW-HH-00082,DHT Blocker,2026-09-17T06:41:35.759758+00:00
KW-HH-00083,DHT Blocker,2026-09-17T06:41:35.759758+00:00
KW-HH-00084,DHT Blocker,2026-09-17T06:41:35.759758+00:00
KW-HH-00085,DHT Blocker,2026-09-17T06:41:35.759758+00:00
KW-HH-00086,DHT Blocker,2026-09-17T06:41:35.759758+00:00
KW-HH-00087,DHT Blocker,2026-09-17T06:41:35.759758+00:00
KW-HH-00088,DHT Blocker,2026-09-17T06:41:35.759758+00:00
KW-HH-00089,DHT Blocker,2026-09-17T06:41:35.759758+00:00
KW-HH-00090,DHT Blocker,2026-09-17T06:41:35.759758+00:00
KW-HH-00091,DHT Blocker,2026-09-17T06:41:35.759758+00:00
KW-HH-00092,DHT Blocker,2026-09-17T06:41:35.759758+00:00
KW-HH-00093,DHT Blocker,2026-09-17T06:41:35.759758+00:00
KW-HH-00094,DHT Blocker,2026-09-17T06:41:35.759758+00:00
KW-HH-00095,DHT Blocker,2026-09-17T06:41:35.759758+00:00
KW-HH-00096,DHT Blocker,2026-09-17T06:41:35.759758+00:00
KW-HH-00097,DHT Blocker,2026-09-17T06:41:35.759758+00:00
KW-HH-00098,DHT Blocker,2026-09-17T06:41:35.759758+00:00
KW-HH-00099,DHT Blocker,2026-09-17T06:41:35.759758+00:00
KW-HH-00100,DHT Blocker,2026-09-17T06:41:35.759758+00:00
KW-HH-00101,DHT Blocker,2026-09-17T06:41:35.759758+00:00
KW-HH-00102,DHT Blocker,2026-09-17T06:41:35.759758+00:00
KW-HH-00103,DHT Blocker,2026-09-17T06:41:35.759758+00:00
KW-HH-00104,DHT Blocker,2026-09-17T06:41:35.759758+00:00
KW-HH-00105,DHT Blocker,2026-09-17T06:41:35.759758+00:00
KW-HH-00106,DHT Blocker,2026-09-17T06:41:35.759758+00:00
KW-HH-00107,DHT Blocker,2026-09-17T06:41:35.759758+00:00
KW-HH-00108,DHT Blocker,2026-09-17T06:41:35.759758+00:00
KW-HH-00109,DHT Blocker,2026-09-17T06:41:35.759758+00:00
KW-HH-00110,DHT Blocker,2026-09-17T06:41:35.759758+00:00
KW-HH-00111,DHT Blocker,2026-09-17T06:41:35.759758+00:00
KW-HH-00112,DHT Blocker,2026-09-17T06:41:35.759758+00:00
KW-HH-00113,DHT Blocker,2026-09-17T06:41:35.759758+00:00
KW-HH-00114,DHT Blocker,2026-09-17T06:41:35.759758+00:00
KW-HH-00115,DHT Blocker,2026-09-17T06:41:35.759758+00:00
KW-HH-00116,DHT Blocker,2026-09-17T06:41:35.759758+00:00
KW-HH-00117,DHT Blocker,2026-09-17T06:41:35.759758+00:00
KW-HH-00118,DHT Blocker,2026-09-17T06:41:35.759758+00:00
KW-HH-00119,DHT Blocker,2026-09-17T06:41:35.759758+00:00
KW-HH-00120,DHT Blocker,2026-09-17T06:41:35.759758+00:00
KW-HH-00121,DHT Blocker,2026-09-17T06:41:35.759758+00:00
KW-HH-00122,DHT Blocker,2026-09-17T06:41:35.759758+00:00
KW-HH-00123,DHT Blocker,2026-09-17T06:41:35.759758+00:00
KW-HH-00124,DHT Blocker,2026-09-17T06:41:35.759758+00:00
KW-HH-00125,DHT Blocker,2026-09-17T06:41:35.759758+00:00
KW-HH-00126,DHT Blocker,2026-09-17T06:41:35.759758+00:00
KW-HH-00127,DHT Blocker,2026-09-17T06:41:35.759758+00:00
KW-HH-00128,DHT Blocker,2026-09-17T06:41:35.759758+00:00
KW-HH-00129,DHT Blocker,2026-09-17T06:41:35.759758+00:00
KW-HH-00130,DHT Blocker,2026-09-17T06:41:35.759758+00:00
KW-HH-00131,DHT Blocker,2026-09-17T06:41:35.759758+00:00
KW-HH-00132,DHT Blocker,2026-09-17T06:41:35.759758+00:00
KW-HH-00133,DHT Blocker,2026-09-17T06:41:35.759758+00:00
KW-HH-00134,DHT Blocker,2026-09-17T06:41:35.759758+00:00
KW-HH-00135,DHT Blocker,2026-09-17T06:41:35.759758+00:00
KW-HH-00136,DHT Blocker,2026-09-17T06:41:35.759758+00:00
KW-HH-00137,DHT Blocker,2026-09-17T06:41:35.759758+00:00
KW-HH-00138,DHT Blocker,2026-09-17T06:41:35.759758+00:00
KW-HH-00139,DHT Blocker,2026-09-17T06:41:35.759758+00:00
KW-HH-00140,DHT Blocker,2026-09-17T06:41:35.759758+00:00
KW-HH-00141,DHT Blocker,2026-09-17T06:41:35.759758+00:00
KW-HH-00142,DHT Blocker,2026-09-17T06:41:35.759758+00:00
KW-HH-00143,DHT Blocker,2026-09-17T06:41:35.759758+00:00
KW-HH-00144,DHT Blocker,2026-09-17T06:41:35.759758+00:00
KW-HH-00145,DHT Blocker,2026-09-17T06:41:35.759758+00:00
KW-HH-00146,DHT Blocker,2026-09-17T06:41:35.759758+00:00
KW-HH-00147,DHT Blocker,2026-09-17T06:41:35.759758+00:00
KW-HH-00148,DHT Blocker,2026-09-17T06:41:35.759758+00:00
KW-HH-00149,DHT Blocker,2026-09-17T06:41:35.759758+00:00
KW-HH-00150,DHT Blocker,2026-09-17T06:41:35.759758+00:00
KW-HH-00151,DHT Blocker,2026-09-17T06:41:35.759758+00:00
KW-HH-00152,DHT Blocker,2026-09-17T06:41:35.759758+00:00
KW-HH-00153,DHT Blocker,2026-09-17T06:41:35.759758+00:00
KW-HH-00154,DHT Blocker,2026-09-17T06:41:35.759758+00:00
KW-HH-00155,DHT Blocker,2026-09-17T06:41:35.759758+00:00
KW-HH-00156,DHT Blocker,2026-09-17T06:41:35.759758+00:00
KW-HH-00157,DHT Blocker,2026-09-17T06:41:35.759758+00:00
KW-HH-00158,DHT Blocker,2026-09-17T06:41:35.759758+00:00
KW-HH-00159,DHT Blocker,2026-09-17T06:41:35.759758+00:00
KW-HH-00160,DHT Blocker,2026-09-17T06:41:35.759758+00:00
KW-HH-00161,DHT Blocker,2026-09-17T06:41:35.759758+00:00
KW-HH-00162,DHT Blocker,2026-09-17T06:41:35.759758+00:00
KW-HH-00163,DHT Blocker,2026-09-17T06:41:35.759758+00:00
KW-HH-00164,DHT Blocker,2026-09-17T06:41:35.759758+00:00
KW-HH-00165,DHT Blocker,2026-09-17T06:41:35.759758+00:00
KW-HH-00166,DHT Blocker,2026-09-17T06:41:35.759758+00:00
KW-HH-00167,DHT Blocker,2026-09-17T06:41:35.759758+00:00
KW-HH-00168,DHT Blocker,2026-09-17T06:41:35.759758+00:00
KW-HH-00169,DHT Blocker,2026-09-17T06:41:35.759758+00:00
KW-HH-00170,DHT Blocker,2026-09-17T06:41:35.759758+00:00
KW-HH-00171,DHT Blocker,2026-09-17T06:41:35.759758+00:00
KW-HH-00172,DHT Blocker,2026-09-17T06:41:35.759758+00:00
KW-HH-00173,DHT Blocker,2026-09-17T06:41:35.759758+00:00
KW-HH-00174,DHT Blocker,2026-09-17T06:41:35.759758+00:00
KW-HH-00175,DHT Blocker,2026-09-17T06:41:35.759758+00:00
KW-HH-00176,DHT Blocker,2026-09-17T06:41:35.759758+00:00
KW-HH-00177,DHT Blocker,2026-09-17T06:41:35.759758+00:00
KW-HH-00178,DHT Blocker,2026-09-17T06:41:35.759758+00:00
KW-HH-00179,DHT Blocker,2026-09-17T06:41:35.759758+00:00
KW-HH-00180,DHT Blocker,2026-09-17T06:41:35.759758+00:00
KW-HH-00181,DHT Blocker,2026-09-17T06:41:35.759758+00:00
KW-HH-00182,DHT Blocker,2026-09-17T06:41:35.759758+00:00
KW-HH-00183,DHT Blocker,2026-09-17T06:41:35.759758+00:00
KW-HH-00184,DHT Blocker,2026-09-17T06:41:35.759758+00:00
KW-HH-00185,DHT Blocker,2026-09-17T06:41:35.759758+00:00
KW-HH-00186,DHT Blocker,2026-09-17T06:41:35.759758+00:00
KW-HH-00187,DHT Blocker,2026-09-17T06:41:35.759758+00:00
KW-HH-00188,DHT Blocker,2026-09-17T06:41:35.759758+00:00
KW-HH-00189,DHT Blocker,2026-09-17T06:41:35.759758+00:00
KW-HH-00190,DHT Blocker,2026-09-17T06:41:35.759758+00:00
KW-HH-00191,DHT Blocker,2026-09-17T06:41:35.759758+00:00
KW-HH-00192,DHT Blocker,2026-09-17T06:41:35.759758+00:00
KW-HH-00193,DHT Blocker,2026-09-17T06:41:35.759758+00:00
KW-HH-00194,DHT Blocker,2026-09-17T06:41:35.759758+00:00
KW-HH-00195,DHT Blocker,2026-09-17T06:41:35.759758+00:00
KW-HH-00196,DHT Blocker,2026-09-17T06:41:35.759758+00:00
KW-HH-00197,DHT Blocker,2026-09-17T06:41:35.759758+00:00
KW-HH-00198,DHT Blocker,2026-09-17T06:41:35.759758+00:00
KW-HH-00199,DHT Blocker,2026-09-17T06:41:35.759758+00:00
KW-HH-00200,DHT Blocker,2026-09-17T06:41:35.759758+00:00
KW-HH-00201,DHT Blocker,2026-09-17T06:41:35.759758+00:00
KW-HH-00202,DHT Blocker,2026-09-17T06:41:35.759758+00:00
KW-HH-00203,DHT Blocker,2026-09-17T06:41:35.759758+00:00
KW-HH-00204,DHT Blocker,2026-09-17T06:41:35.759758+00:00
KW-HH-00205,DHT Blocker,2026-09-17T06:41:35.759758+00:00
KW-HH-00206,DHT Blocker,2026-09-17T06:41:35.759758+00:00
KW-HH-00207,DHT Blocker,2026-09-17T06:41:35.759758+00:00
KW-HH-00208,DHT Blocker,2026-09-17T06:41:35.759758+00:00
KW-HH-00209,DHT Blocker,2026-09-17T06:41:35.759758+00:00
KW-HH-00210,DHT Blocker,2026-09-17T06:41:35.759758+00:00
KW-HH-00211,DHT Blocker,2026-09-17T06:41:35.759758+00:00
KW-HH-00212,DHT Blocker,2026-09-17T06:41:35.759758+00:00
KW-HH-00213,DHT Blocker,2026-09-17T06:41:35.759758+00:00
KW-HH-00214,DHT Blocker,2026-09-17T06:41:35.759758+00:00
KW-HH-00215,DHT Blocker,2026-09-17T06:41:35.759758+00:00
KW-HH-00216,DHT Blocker,2026-09-17T06:41:35.759758+00:00
KW-HH-00217,DHT Blocker,2026-09-17T06:41:35.759758+00:00
KW-HH-00218,DHT Blocker,2026-09-17T06:41:35.759758+00:00
KW-HH-00219,DHT Blocker,2026-09-17T06:41:35.759758+00:00
KW-HH-00220,DHT Blocker,2026-09-17T06:41:35.759758+00:00
KW-HH-00221,DHT Blocker,2026-09-17T06:41:35.759758+00:00
KW-HH-00222,DHT Blocker,2026-09-17T06:41:35.759758+00:00
KW-HH-00223,DHT Blocker,2026-09-17T06:41:35.759758+00:00
KW-HH-00224,DHT Blocker,2026-09-17T06:41:35.759758+00:00
KW-HH-00225,DHT Blocker,2026-09-17T06:41:35.759758+00:00
KW-HH-00226,DHT Blocker,2026-09-17T06:41:35.759758+00:00
KW-HH-00227,DHT Blocker,2026-09-17T06:41:35.759758+00:00
KW-HH-00228,DHT Blocker,2026-09-17T06:41:35.759758+00:00
KW-HH-00229,DHT Blocker,2026-09-17T06:41:35.759758+00:00
KW-HH-00230,DHT Blocker,2026-09-17T06:41:35.759758+00:00
KW-HH-00231,DHT Blocker,2026-09-17T06:41:35.759758+00:00
KW-HH-00232,DHT Blocker,2026-09-17T06:41:35.759758+00:00
KW-HH-00233,DHT Blocker,2026-09-17T06:41:35.759758+00:00
KW-HH-00234,DHT Blocker,2026-09-17T06:41:35.759758+00:00
KW-HH-00235,DHT Blocker,2026-09-17T06:41:35.759758+00:00
KW-HH-00236,DHT Blocker,2026-09-17T06:41:35.759758+00:00
KW-HH-00237,DHT Blocker,2026-09-17T06:41:35.759758+00:00
KW-HH-00238,DHT Blocker,2026-09-17T06:41:35.759758+00:00
KW-HH-00239,DHT Blocker,2026-09-17T06:41:35.759758+00:00
KW-HH-00240,DHT Blocker,2026-09-17T06:41:35.759758+00:00
KW-HH-00241,DHT Blocker,2026-09-17T06:41:35.759758+00:00
KW-HH-00242,DHT Blocker,2026-09-17T06:41:35.759758+00:00
KW-HH-00243,DHT Blocker,2026-09-17T06:41:35.759758+00:00
KW-HH-00244,DHT Blocker,2026-09-17T06:41:35.759758+00:00
KW-HH-00245,DHT Blocker,2026-09-17T06:41:35.759758+00:00
KW-HH-00246,DHT Blocker,2026-09-17T06:41:35.759758+00:00
KW-HH-00247,DHT Blocker,2026-09-17T06:41:35.759758+00:00
KW-HH-00248,DHT Blocker,2026-09-17T06:41:35.759758+00:00
KW-HH-00249,DHT Blocker,2026-09-17T06:41:35.759758+00:00
KW-HH-00250,DHT Blocker,2026-09-17T06:41:35.759758+00:00
KW-HH-00251,DHT Blocker,2026-09-17T06:41:35.759758+00:00
KW-HH-00252,DHT Blocker,2026-09-17T06:41:35.759758+00:00
KW-HH-00253,DHT Blocker,2026-09-17T06:41:35.759758+00:00
KW-HH-00254,DHT Blocker,2026-09-17T06:41:35.759758+00:00
KW-HH-00255,DHT Blocker,2026-09-17T06:41:35.759758+00:00
KW-HH-00256,DHT Blocker,2026-09-17T06:41:35.759758+00:00
KW-HH-00257,DHT Blocker,2026-09-17T06:41:35.759758+00:00
KW-HH-00258,DHT Blocker,2026-09-17T06:41:35.759758+00:00
KW-HH-00259,DHT Blocker,2026-09-17T06:41:35.759758+00:00
KW-HH-00260,DHT Blocker,2026-09-17T06:41:35.759758+00:00
KW-HH-00261,DHT Blocker,2026-09-17T06:41:35.759758+00:00
KW-HH-00262,DHT Blocker,2026-09-17T06:41:35.759758+00:00
KW-HH-00263,DHT Blocker,2026-09-17T06:41:35.759758+00:00
KW-HH-00264,DHT Blocker,2026-09-17T06:41:35.759758+00:00
KW-HH-00265,DHT Blocker,2026-09-17T06:41:35.759758+00:00
KW-HH-00266,DHT Blocker,2026-09-17T06:41:35.759758+00:00
KW-HH-00267,DHT Blocker,2026-09-17T06:41:35.759758+00:00
KW-HH-00268,DHT Blocker,2026-09-17T06:41:35.759758+00:00
KW-HH-00269,DHT Blocker,2026-09-17T06:41:35.759758+00:00
KW-HH-00270,DHT Blocker,2026-09-17T06:41:35.759758+00:00
KW-HH-00271,DHT Blocker,2026-09-17T06:41:35.759758+00:00
KW-HH-00272,DHT Blocker,2026-09-17T06:41:35.759758+00:00
KW-HH-00273,DHT Blocker,2026-09-17T06:41:35.759758+00:00
KW-HH-00274,DHT Blocker,2026-09-17T06:41:35.759758+00:00
KW-HH-00275,DHT Blocker,2026-09-17T06:41:35.759758+00:00
KW-HH-00276,DHT Blocker,2026-09-17T06:41:35.759758+00:00
KW-HH-00277,DHT Blocker,2026-09-17T06:41:35.759758+00:00
KW-HH-00278,DHT Blocker,2026-09-17T06:41:35.759758+00:00
KW-HH-00279,DHT Blocker,2026-09-17T06:41:35.759758+00:00
KW-HH-00280,DHT Blocker,2026-09-17T06:41:35.759758+00:00
KW-HH-00281,DHT Blocker,2026-09-17T06:41:35.759758+00:00
KW-HH-00282,DHT Blocker,2026-09-17T06:41:35.759758+00:00
KW-HH-00283,DHT Blocker,2026-09-17T06:41:35.759758+00:00
KW-HH-00284,DHT Blocker,2026-09-17T06:41:35.759758+00:00
KW-HH-00285,DHT Blocker,2026-09-17T06:41:35.759758+00:00
KW-HH-00286,DHT Blocker,2026-09-17T06:41:35.759758+00:00
KW-HH-00287,DHT Blocker,2026-09-17T06:41:35.759758+00:00
KW-HH-00288,DHT Blocker,2026-09-17T06:41:35.759758+00:00
KW-HH-00289,DHT Blocker,2026-09-17T06:41:35.759758+00:00
KW-HH-00290,DHT Blocker,2026-09-17T06:41:35.759758+00:00
KW-HH-00291,DHT Blocker,2026-09-17T06:41:35.759758+00:00
KW-HH-00292,DHT Blocker,2026-09-17T06:41:35.759758+00:00
KW-HH-00293,DHT Blocker,2026-09-17T06:41:35.759758+00:00
KW-HH-00294,DHT Blocker,2026-09-17T06:41:35.759758+00:00
KW-HH-00295,DHT Blocker,2026-09-17T06:41:35.759758+00:00
KW-HH-00296,DHT Blocker,2026-09-17T06:41:35.759758+00:00
KW-HH-00297,DHT Blocker,2026-09-17T06:41:35.759758+00:00
KW-HH-00298,DHT Blocker,2026-09-17T06:41:35.759758+00:00
KW-HH-00299,DHT Blocker,2026-09-17T06:41:35.759758+00:00
KW-HH-00300,DHT Blocker,2026-09-17T06:41:35.759758+00:00
KW-HH-00301,DHT Blocker,2026-09-17T06:41:35.759758+00:00
KW-HH-00302,DHT Blocker,2026-09-17T06:41:35.759758+00:00
KW-HH-00303,DHT Blocker,2026-09-17T06:41:35.759758+00:00
KW-HP-00001,Liver Support Blend,2026-09-17T06:41:35.759758+00:00
KW-HP-00002,Liver Support Blend,2026-09-17T06:41:35.759758+00:00
KW-HP-00003,Liver Support Blend,2026-09-17T06:41:35.759758+00:00
KW-HP-00004,Liver Support Blend,2026-09-17T06:41:35.759758+00:00
KW-HP-00005,Liver Support Blend,2026-09-17T06:41:35.759758+00:00
KW-HP-00006,Liver Support Blend,2026-09-17T06:41:35.759758+00:00
KW-HP-00007,Liver Support Blend,2026-09-17T06:41:35.759758+00:00
KW-HP-00008,Liver Support Blend,2026-09-17T06:41:35.759758+00:00
KW-HP-00009,Liver Support Blend,2026-09-17T06:41:35.759758+00:00
KW-HP-00010,Liver Support Blend,2026-09-17T06:41:35.759758+00:00
KW-HP-00011,Liver Support Blend,2026-09-17T06:41:35.759758+00:00
KW-HP-00012,Liver Support Blend,2026-09-17T06:41:35.759758+00:00
KW-HP-00013,Liver Support Blend,2026-09-17T06:41:35.759758+00:00
KW-HP-00014,Liver Support Blend,2026-09-17T06:41:35.759758+00:00
KW-HP-00015,Liver Support Blend,2026-09-17T06:41:35.759758+00:00
KW-HP-00016,Liver Support Blend,2026-09-17T06:41:35.759758+00:00
KW-HP-00017,Liver Support Blend,2026-09-17T06:41:35.759758+00:00
KW-HP-00018,Liver Support Blend,2026-09-17T06:41:35.759758+00:00
KW-HP-00019,Liver Support Blend,2026-09-17T06:41:35.759758+00:00
KW-HP-00020,Liver Support Blend,2026-09-17T06:41:35.759758+00:00
KW-HP-00021,Liver Support Blend,2026-09-17T06:41:35.759758+00:00
KW-HP-00022,Liver Support Blend,2026-09-17T06:41:35.759758+00:00
KW-HP-00023,Liver Support Blend,2026-09-17T06:41:35.759758+00:00
KW-HP-00024,Liver Support Blend,2026-09-17T06:41:35.759758+00:00
KW-HP-00025,Liver Support Blend,2026-09-17T06:41:35.759758+00:00
KW-HP-00026,Liver Support Blend,2026-09-17T06:41:35.759758+00:00
KW-HP-00027,Liver Support Blend,2026-09-17T06:41:35.759758+00:00
KW-HP-00028,Liver Support Blend,2026-09-17T06:41:35.759758+00:00
KW-HP-00029,Liver Support Blend,2026-09-17T06:41:35.759758+00:00
KW-HP-00030,Liver Support Blend,2026-09-17T06:41:35.759758+00:00
KW-HP-00031,Liver Support Blend,2026-09-17T06:41:35.759758+00:00
KW-HP-00032,Liver Support Blend,2026-09-17T06:41:35.759758+00:00
KW-HP-00033,Liver Support Blend,2026-09-17T06:41:35.759758+00:00
KW-HP-00034,Liver Support Blend,2026-09-17T06:41:35.759758+00:00
KW-HP-00035,Liver Support Blend,2026-09-17T06:41:35.759758+00:00
KW-HP-00036,Liver Support Blend,2026-09-17T06:41:35.759758+00:00
KW-HP-00037,Liver Support Blend,2026-09-17T06:41:35.759758+00:00
KW-HP-00038,Liver Support Blend,2026-09-17T06:41:35.759758+00:00
KW-HP-00039,Liver Support Blend,2026-09-17T06:41:35.759758+00:00
KW-HP-00040,Liver Support Blend,2026-09-17T06:41:35.759758+00:00
KW-HP-00041,Liver Support Blend,2026-09-17T06:41:35.759758+00:00
KW-HP-00042,Liver Support Blend,2026-09-17T06:41:35.759758+00:00
KW-HP-00043,Liver Support Blend,2026-09-17T06:41:35.759758+00:00
KW-HP-00044,Liver Support Blend,2026-09-17T06:41:35.759758+00:00
KW-HP-00045,Liver Support Blend,2026-09-17T06:41:35.759758+00:00
KW-HP-00046,Liver Support Blend,2026-09-17T06:41:35.759758+00:00
KW-HP-00047,Liver Support Blend,2026-09-17T06:41:35.759758+00:00
KW-HP-00048,Liver Support Blend,2026-09-17T06:41:35.759758+00:00
KW-HP-00049,Liver Support Blend,2026-09-17T06:41:35.759758+00:00
KW-HP-00050,Liver Support Blend,2026-09-17T06:41:35.759758+00:00
KW-HP-00051,Liver Support Blend,2026-09-17T06:41:35.759758+00:00
KW-HP-00052,Liver Support Blend,2026-09-17T06:41:35.759758+00:00
KW-HP-00053,Liver Support Blend,2026-09-17T06:41:35.759758+00:00
KW-HP-00054,Liver Support Blend,2026-09-17T06:41:35.759758+00:00
KW-HP-00055,Liver Support Blend,2026-09-17T06:41:35.759758+00:00
KW-HP-00056,Liver Support Blend,2026-09-17T06:41:35.759758+00:00
KW-HP-00057,Liver Support Blend,2026-09-17T06:41:35.759758+00:00
KW-HP-00058,Liver Support Blend,2026-09-17T06:41:35.759758+00:00
KW-HP-00059,Liver Support Blend,2026-09-17T06:41:35.759758+00:00
KW-HP-00060,Liver Support Blend,2026-09-17T06:41:35.759758+00:00
KW-HP-00061,Liver Support Blend,2026-09-17T06:41:35.759758+00:00
KW-HP-00062,Liver Support Blend,2026-09-17T06:41:35.759758+00:00
KW-HP-00063,Liver Support Blend,2026-09-17T06:41:35.759758+00:00
KW-HP-00064,Liver Support Blend,2026-09-17T06:41:35.759758+00:00
KW-HP-00065,Liver Support Blend,2026-09-17T06:41:35.759758+00:00
KW-HP-00066,Liver Support Blend,2026-09-17T06:41:35.759758+00:00
KW-HP-00067,Liver Support Blend,2026-09-17T06:41:35.759758+00:00
KW-HP-00068,Liver Support Blend,2026-09-17T06:41:35.759758+00:00
KW-HP-00069,Liver Support Blend,2026-09-17T06:41:35.759758+00:00
KW-HP-00070,Liver Support Blend,2026-09-17T06:41:35.759758+00:00
KW-HP-00071,Liver Support Blend,2026-09-17T06:41:35.759758+00:00
KW-HP-00072,Liver Support Blend,2026-09-17T06:41:35.759758+00:00
KW-HP-00073,Liver Support Blend,2026-09-17T06:41:35.759758+00:00
KW-HP-00074,Liver Support Blend,2026-09-17T06:41:35.759758+00:00
KW-HP-00075,Liver Support Blend,2026-09-17T06:41:35.759758+00:00
KW-HP-00076,Liver Support Blend,2026-09-17T06:41:35.759758+00:00
KW-HP-00077,Liver Support Blend,2026-09-17T06:41:35.759758+00:00
KW-HP-00078,Liver Support Blend,2026-09-17T06:41:35.759758+00:00
KW-HP-00079,Liver Support Blend,2026-09-17T06:41:35.759758+00:00
KW-HP-00080,Liver Support Blend,2026-09-17T06:41:35.759758+00:00
KW-HP-00081,Liver Support Blend,2026-09-17T06:41:35.759758+00:00
KW-HP-00082,Liver Support Blend,2026-09-17T06:41:35.759758+00:00
KW-HP-00083,Liver Support Blend,2026-09-17T06:41:35.759758+00:00
KW-HP-00084,Liver Support Blend,2026-09-17T06:41:35.759758+00:00
KW-HP-00085,Liver Support Blend,2026-09-17T06:41:35.759758+00:00
KW-HP-00086,Liver Support Blend,2026-09-17T06:41:35.759758+00:00
KW-HP-00087,Liver Support Blend,2026-09-17T06:41:35.759758+00:00
KW-HP-00088,Liver Support Blend,2026-09-17T06:41:35.759758+00:00
KW-HP-00089,Liver Support Blend,2026-09-17T06:41:35.759758+00:00
KW-HP-00090,Liver Support Blend,2026-09-17T06:41:35.759758+00:00
KW-HP-00091,Liver Support Blend,2026-09-17T06:41:35.759758+00:00
KW-HP-00092,Liver Support Blend,2026-09-17T06:41:35.759758+00:00
KW-HP-00093,Liver Support Blend,2026-09-17T06:41:35.759758+00:00
KW-HP-00094,Liver Support Blend,2026-09-17T06:41:35.759758+00:00
KW-HP-00095,Liver Support Blend,2026-09-17T06:41:35.759758+00:00
KW-HP-00096,Liver Support Blend,2026-09-17T06:41:35.759758+00:00
KW-HP-00097,Liver Support Blend,2026-09-17T06:41:35.759758+00:00
KW-HP-00098,Liver Support Blend,2026-09-17T06:41:35.759758+00:00
KW-HP-00099,Liver Support Blend,2026-09-17T06:41:35.759758+00:00
KW-HP-00100,Liver Support Blend,2026-09-17T06:41:35.759758+00:00
KW-HP-00101,Liver Support Blend,2026-09-17T06:41:35.759758+00:00
KW-HP-00102,Liver Support Blend,2026-09-17T06:41:35.759758+00:00
KW-HP-00103,Liver Support Blend,2026-09-17T06:41:35.759758+00:00
KW-HP-00104,Liver Support Blend,2026-09-17T06:41:35.759758+00:00
KW-HP-00105,Liver Support Blend,2026-09-17T06:41:35.759758+00:00
KW-HP-00106,Liver Support Blend,2026-09-17T06:41:35.759758+00:00
KW-HP-00107,Liver Support Blend,2026-09-17T06:41:35.759758+00:00
KW-HP-00108,Liver Support Blend,2026-09-17T06:41:35.759758+00:00
KW-HP-00109,Liver Support Blend,2026-09-17T06:41:35.759758+00:00
KW-HP-00110,Liver Support Blend,2026-09-17T06:41:35.759758+00:00
KW-HP-00111,Liver Support Blend,2026-09-17T06:41:35.759758+00:00
KW-HP-00112,Liver Support Blend,2026-09-17T06:41:35.759758+00:00
KW-HP-00113,Liver Support Blend,2026-09-17T06:41:35.759758+00:00
KW-HP-00114,Liver Support Blend,2026-09-17T06:41:35.759758+00:00
KW-HP-00115,Liver Support Blend,2026-09-17T06:41:35.759758+00:00
KW-HP-00116,Liver Support Blend,2026-09-17T06:41:35.759758+00:00
KW-HP-00117,Liver Support Blend,2026-09-17T06:41:35.759758+00:00
KW-HP-00118,Liver Support Blend,2026-09-17T06:41:35.759758+00:00
KW-HP-00119,Liver Support Blend,2026-09-17T06:41:35.759758+00:00
KW-HP-00120,Liver Support Blend,2026-09-17T06:41:35.759758+00:00
KW-HP-00121,Liver Support Blend,2026-09-17T06:41:35.759758+00:00
KW-HP-00122,Liver Support Blend,2026-09-17T06:41:35.759758+00:00
KW-HP-00123,Liver Support Blend,2026-09-17T06:41:35.759758+00:00
KW-HP-00124,Liver Support Blend,2026-09-17T06:41:35.759758+00:00
KW-HP-00125,Liver Support Blend,2026-09-17T06:41:35.759758+00:00
KW-HP-00126,Liver Support Blend,2026-09-17T06:41:35.759758+00:00
KW-HP-00127,Liver Support Blend,2026-09-17T06:41:35.759758+00:00
KW-HP-00128,Liver Support Blend,2026-09-17T06:41:35.759758+00:00
KW-HP-00129,Liver Support Blend,2026-09-17T06:41:35.759758+00:00
KW-HP-00130,Liver Support Blend,2026-09-17T06:41:35.759758+00:00
KW-HP-00131,Liver Support Blend,2026-09-17T06:41:35.759758+00:00
KW-HP-00132,Liver Support Blend,2026-09-17T06:41:35.759758+00:00
KW-HP-00133,Liver Support Blend,2026-09-17T06:41:35.759758+00:00
KW-HP-00134,Liver Support Blend,2026-09-17T06:41:35.759758+00:00
KW-HP-00135,Liver Support Blend,2026-09-17T06:41:35.759758+00:00
KW-HP-00136,Liver Support Blend,2026-09-17T06:41:35.759758+00:00
KW-HP-00137,Liver Support Blend,2026-09-17T06:41:35.759758+00:00
KW-HP-00138,Liver Support Blend,2026-09-17T06:41:35.759758+00:00
KW-HP-00139,Liver Support Blend,2026-09-17T06:41:35.759758+00:00
KW-HP-00140,Liver Support Blend,2026-09-17T06:41:35.759758+00:00
KW-HP-00141,Liver Support Blend,2026-09-17T06:41:35.759758+00:00
KW-HP-00142,Liver Support Blend,2026-09-17T06:41:35.759758+00:00
KW-HP-00143,Liver Support Blend,2026-09-17T06:41:35.759758+00:00
KW-HP-00144,Liver Support Blend,2026-09-17T06:41:35.759758+00:00
KW-HP-00145,Liver Support Blend,2026-09-17T06:41:35.759758+00:00
KW-HP-00146,Liver Support Blend,2026-09-17T06:41:35.759758+00:00
KW-HP-00147,Liver Support Blend,2026-09-17T06:41:35.759758+00:00
KW-HP-00148,Liver Support Blend,2026-09-17T06:41:35.759758+00:00
KW-HP-00149,Liver Support Blend,2026-09-17T06:41:35.759758+00:00
KW-HP-00150,Liver Support Blend,2026-09-17T06:41:35.759758+00:00
KW-HP-00151,Liver Support Blend,2026-09-17T06:41:35.759758+00:00
KW-HP-00152,Liver Support Blend,2026-09-17T06:41:35.759758+00:00
KW-HP-00153,Liver Support Blend,2026-09-17T06:41:35.759758+00:00
KW-HP-00154,Liver Support Blend,2026-09-17T06:41:35.759758+00:00
KW-HP-00155,Liver Support Blend,2026-09-17T06:41:35.759758+00:00
KW-HP-00156,Liver Support Blend,2026-09-17T06:41:35.759758+00:00
KW-HP-00157,Liver Support Blend,2026-09-17T06:41:35.759758+00:00
KW-HP-00158,Liver Support Blend,2026-09-17T06:41:35.759758+00:00
KW-HP-00159,Liver Support Blend,2026-09-17T06:41:35.759758+00:00
KW-HP-00160,Liver Support Blend,2026-09-17T06:41:35.759758+00:00
KW-HP-00161,Liver Support Blend,2026-09-17T06:41:35.759758+00:00
KW-HP-00162,Liver Support Blend,2026-09-17T06:41:35.759758+00:00
KW-HP-00163,Liver Support Blend,2026-09-17T06:41:35.759758+00:00
KW-HP-00164,Liver Support Blend,2026-09-17T06:41:35.759758+00:00
KW-HP-00165,Liver Support Blend,2026-09-17T06:41:35.759758+00:00
KW-HP-00166,Liver Support Blend,2026-09-17T06:41:35.759758+00:00
KW-HP-00167,Liver Support Blend,2026-09-17T06:41:35.759758+00:00
KW-HP-00168,Liver Support Blend,2026-09-17T06:41:35.759758+00:00
KW-HP-00169,Liver Support Blend,2026-09-17T06:41:35.759758+00:00
KW-HP-00170,Liver Support Blend,2026-09-17T06:41:35.759758+00:00
KW-HP-00171,Liver Support Blend,2026-09-17T06:41:35.759758+00:00
KW-HP-00172,Liver Support Blend,2026-09-17T06:41:35.759758+00:00
KW-HP-00173,Liver Support Blend,2026-09-17T06:41:35.759758+00:00
KW-HP-00174,Liver Support Blend,2026-09-17T06:41:35.759758+00:00
KW-HP-00175,Liver Support Blend,2026-09-17T06:41:35.759758+00:00
KW-HP-00176,Liver Support Blend,2026-09-17T06:41:35.759758+00:00
KW-HP-00177,Liver Support Blend,2026-09-17T06:41:35.759758+00:00
KW-HP-00178,Liver Support Blend,2026-09-17T06:41:35.759758+00:00
KW-HP-00179,Liver Support Blend,2026-09-17T06:41:35.759758+00:00
KW-HP-00180,Liver Support Blend,2026-09-17T06:41:35.759758+00:00
KW-HP-00181,Liver Support Blend,2026-09-17T06:41:35.759758+00:00
KW-HP-00182,Liver Support Blend,2026-09-17T06:41:35.759758+00:00
KW-HP-00183,Liver Support Blend,2026-09-17T06:41:35.759758+00:00
KW-HP-00184,Liver Support Blend,2026-09-17T06:41:35.759758+00:00
KW-HP-00185,Liver Support Blend,2026-09-17T06:41:35.759758+00:00
KW-HP-00186,Liver Support Blend,2026-09-17T06:41:35.759758+00:00
KW-HP-00187,Liver Support Blend,2026-09-17T06:41:35.759758+00:00
KW-HP-00188,Liver Support Blend,2026-09-17T06:41:35.759758+00:00
KW-HP-00189,Liver Support Blend,2026-09-17T06:41:35.759758+00:00
KW-HP-00190,Liver Support Blend,2026-09-17T06:41:35.759758+00:00
KW-HP-00191,Liver Support Blend,2026-09-17T06:41:35.759758+00:00
KW-HP-00192,Liver Support Blend,2026-09-17T06:41:35.759758+00:00
KW-HP-00193,Liver Support Blend,2026-09-17T06:41:35.759758+00:00
KW-HP-00194,Liver Support Blend,2026-09-17T06:41:35.759758+00:00
KW-HP-00195,Liver Support Blend,2026-09-17T06:41:35.759758+00:00
KW-HP-00196,Liver Support Blend,2026-09-17T06:41:35.759758+00:00
KW-HP-00197,Liver Support Blend,2026-09-17T06:41:35.759758+00:00
KW-HP-00198,Liver Support Blend,2026-09-17T06:41:35.759758+00:00
KW-HP-00199,Liver Support Blend,2026-09-17T06:41:35.759758+00:00
KW-HP-00200,Liver Support Blend,2026-09-17T06:41:35.759758+00:00
KW-HP-00201,Liver Support Blend,2026-09-17T06:41:35.759758+00:00
KW-HP-00202,Liver Support Blend,2026-09-17T06:41:35.759758+00:00
KW-HP-00203,Liver Support Blend,2026-09-17T06:41:35.759758+00:00
KW-HP-00204,Liver Support Blend,2026-09-17T06:41:35.759758+00:00
KW-HP-00205,Liver Support Blend,2026-09-17T06:41:35.759758+00:00
KW-HP-00206,Liver Support Blend,2026-09-17T06:41:35.759758+00:00
KW-HP-00207,Liver Support Blend,2026-09-17T06:41:35.759758+00:00
KW-HP-00208,Liver Support Blend,2026-09-17T06:41:35.759758+00:00
KW-HP-00209,Liver Support Blend,2026-09-17T06:41:35.759758+00:00
KW-HP-00210,Liver Support Blend,2026-09-17T06:41:35.759758+00:00
KW-HP-00211,Liver Support Blend,2026-09-17T06:41:35.759758+00:00
KW-HP-00212,Liver Support Blend,2026-09-17T06:41:35.759758+00:00
KW-HP-00213,Liver Support Blend,2026-09-17T06:41:35.759758+00:00
KW-HP-00214,Liver Support Blend,2026-09-17T06:41:35.759758+00:00
KW-HP-00215,Liver Support Blend,2026-09-17T06:41:35.759758+00:00
KW-HP-00216,Liver Support Blend,2026-09-17T06:41:35.759758+00:00
KW-HP-00217,Liver Support Blend,2026-09-17T06:41:35.759758+00:00
KW-HP-00218,Liver Support Blend,2026-09-17T06:41:35.759758+00:00
KW-HP-00219,Liver Support Blend,2026-09-17T06:41:35.759758+00:00
KW-HP-00220,Liver Support Blend,2026-09-17T06:41:35.759758+00:00
KW-HP-00221,Liver Support Blend,2026-09-17T06:41:35.759758+00:00
KW-HP-00222,Liver Support Blend,2026-09-17T06:41:35.759758+00:00
KW-HP-00223,Liver Support Blend,2026-09-17T06:41:35.759758+00:00
KW-HP-00224,Liver Support Blend,2026-09-17T06:41:35.759758+00:00
KW-HP-00225,Liver Support Blend,2026-09-17T06:41:35.759758+00:00
KW-HP-00226,Liver Support Blend,2026-09-17T06:41:35.759758+00:00
KW-HP-00227,Liver Support Blend,2026-09-17T06:41:35.759758+00:00
KW-HP-00228,Liver Support Blend,2026-09-17T06:41:35.759758+00:00
KW-HP-00229,Liver Support Blend,2026-09-17T06:41:35.759758+00:00
KW-HP-00230,Liver Support Blend,2026-09-17T06:41:35.759758+00:00
KW-HP-00231,Liver Support Blend,2026-09-17T06:41:35.759758+00:00
KW-HP-00232,Liver Support Blend,2026-09-17T06:41:35.759758+00:00
KW-HP-00233,Liver Support Blend,2026-09-17T06:41:35.759758+00:00
KW-HP-00234,Liver Support Blend,2026-09-17T06:41:35.759758+00:00
KW-HP-00235,Liver Support Blend,2026-09-17T06:41:35.759758+00:00
KW-HP-00236,Liver Support Blend,2026-09-17T06:41:35.759758+00:00
KW-HP-00237,Liver Support Blend,2026-09-17T06:41:35.759758+00:00
KW-HP-00238,Liver Support Blend,2026-09-17T06:41:35.759758+00:00
KW-HP-00239,Liver Support Blend,2026-09-17T06:41:35.759758+00:00
KW-HP-00240,Liver Support Blend,2026-09-17T06:41:35.759758+00:00
KW-HP-00241,Liver Support Blend,2026-09-17T06:41:35.759758+00:00
KW-HP-00242,Liver Support Blend,2026-09-17T06:41:35.759758+00:00
KW-HP-00243,Liver Support Blend,2026-09-17T06:41:35.759758+00:00
KW-HP-00244,Liver Support Blend,2026-09-17T06:41:35.759758+00:00
KW-HP-00245,Liver Support Blend,2026-09-17T06:41:35.759758+00:00
KW-HP-00246,Liver Support Blend,2026-09-17T06:41:35.759758+00:00
KW-HP-00247,Liver Support Blend,2026-09-17T06:41:35.759758+00:00
KW-HP-00248,Liver Support Blend,2026-09-17T06:41:35.759758+00:00
KW-HP-00249,Liver Support Blend,2026-09-17T06:41:35.759758+00:00
KW-HP-00250,Liver Support Blend,2026-09-17T06:41:35.759758+00:00
KW-HP-00251,Liver Support Blend,2026-09-17T06:41:35.759758+00:00
KW-HP-00252,Liver Support Blend,2026-09-17T06:41:35.759758+00:00
KW-HP-00253,Liver Support Blend,2026-09-17T06:41:35.759758+00:00
KW-HP-00254,Liver Support Blend,2026-09-17T06:41:35.759758+00:00
KW-HP-00255,Liver Support Blend,2026-09-17T06:41:35.759758+00:00
KW-HP-00256,Liver Support Blend,2026-09-17T06:41:35.759758+00:00
KW-HP-00257,Liver Support Blend,2026-09-17T06:41:35.759758+00:00
KW-HP-00258,Liver Support Blend,2026-09-17T06:41:35.759758+00:00
KW-HP-00259,Liver Support Blend,2026-09-17T06:41:35.759758+00:00
KW-HP-00260,Liver Support Blend,2026-09-17T06:41:35.759758+00:00
KW-HP-00261,Liver Support Blend,2026-09-17T06:41:35.759758+00:00
KW-HP-00262,Liver Support Blend,2026-09-17T06:41:35.759758+00:00
KW-HP-00263,Liver Support Blend,2026-09-17T06:41:35.759758+00:00
KW-HP-00264,Liver Support Blend,2026-09-17T06:41:35.759758+00:00
KW-HP-00265,Liver Support Blend,2026-09-17T06:41:35.759758+00:00
KW-HP-00266,Liver Support Blend,2026-09-17T06:41:35.759758+00:00
KW-HP-00267,Liver Support Blend,2026-09-17T06:41:35.759758+00:00
KW-HP-00268,Liver Support Blend,2026-09-17T06:41:35.759758+00:00
KW-HP-00269,Liver Support Blend,2026-09-17T06:41:35.759758+00:00
KW-HP-00270,Liver Support Blend,2026-09-17T06:41:35.759758+00:00
KW-HP-00271,Liver Support Blend,2026-09-17T06:41:35.759758+00:00
KW-HP-00272,Liver Support Blend,2026-09-17T06:41:35.759758+00:00
KW-HP-00273,Liver Support Blend,2026-09-17T06:41:35.759758+00:00
KW-HP-00274,Liver Support Blend,2026-09-17T06:41:35.759758+00:00
KW-HP-00275,Liver Support Blend,2026-09-17T06:41:35.759758+00:00
KW-HP-00276,Liver Support Blend,2026-09-17T06:41:35.759758+00:00
KW-HP-00277,Liver Support Blend,2026-09-17T06:41:35.759758+00:00
KW-HP-00278,Liver Support Blend,2026-09-17T06:41:35.759758+00:00
KW-HP-00279,Liver Support Blend,2026-09-17T06:41:35.759758+00:00
KW-HP-00280,Liver Support Blend,2026-09-17T06:41:35.759758+00:00
KW-HP-00281,Liver Support Blend,2026-09-17T06:41:35.759758+00:00
KW-HP-00282,Liver Support Blend,2026-09-17T06:41:35.759758+00:00
KW-HP-00283,Liver Support Blend,2026-09-17T06:41:35.759758+00:00
KW-HP-00284,Liver Support Blend,2026-09-17T06:41:35.759758+00:00
KW-HP-00285,Liver Support Blend,2026-09-17T06:41:35.759758+00:00
KW-HP-00286,Liver Support Blend,2026-09-17T06:41:35.759758+00:00
KW-HP-00287,Liver Support Blend,2026-09-17T06:41:35.759758+00:00
KW-HP-00288,Liver Support Blend,2026-09-17T06:41:35.759758+00:00
KW-HP-00289,Liver Support Blend,2026-09-17T06:41:35.759758+00:00
KW-HP-00290,Liver Support Blend,2026-09-17T06:41:35.759758+00:00
KW-HP-00291,Liver Support Blend,2026-09-17T06:41:35.759758+00:00
KW-HP-00292,Liver Support Blend,2026-09-17T06:41:35.759758+00:00
KW-HP-00293,Liver Support Blend,2026-09-17T06:41:35.759758+00:00
KW-HP-00294,Liver Support Blend,2026-09-17T06:41:35.759758+00:00
KW-HP-00295,Liver Support Blend,2026-09-17T06:41:35.759758+00:00
KW-HP-00296,Liver Support Blend,2026-09-17T06:41:35.759758+00:00
KW-HP-00297,Liver Support Blend,2026-09-17T06:41:35.759758+00:00
KW-HP-00298,Liver Support Blend,2026-09-17T06:41:35.759758+00:00
KW-HP-00299,Liver Support Blend,2026-09-17T06:41:35.759758+00:00
KW-HP-00300,Liver Support Blend,2026-09-17T06:41:35.759758+00:00
KW-HP-00301,Liver Support Blend,2026-09-17T06:41:35.759758+00:00
KW-HP-00302,Liver Support Blend,2026-09-17T06:41:35.759758+00:00
KW-HP-00303,Liver Support Blend,2026-09-17T06:41:35.759758+00:00
KW-IN-00001,Prebiotics + Probiotics,2026-09-17T06:41:35.759758+00:00
KW-IN-00002,Prebiotics + Probiotics,2026-09-17T06:41:35.759758+00:00
KW-IN-00003,Prebiotics + Probiotics,2026-09-17T06:41:35.759758+00:00
KW-IN-00004,Prebiotics + Probiotics,2026-09-17T06:41:35.759758+00:00
KW-IN-00005,Prebiotics + Probiotics,2026-09-17T06:41:35.759758+00:00
KW-IN-00006,Prebiotics + Probiotics,2026-09-17T06:41:35.759758+00:00
KW-IN-00007,Prebiotics + Probiotics,2026-09-17T06:41:35.759758+00:00
KW-IN-00008,Prebiotics + Probiotics,2026-09-17T06:41:35.759758+00:00
KW-IN-00009,Prebiotics + Probiotics,2026-09-17T06:41:35.759758+00:00
KW-IN-00010,Prebiotics + Probiotics,2026-09-17T06:41:35.759758+00:00
KW-IN-00011,Prebiotics + Probiotics,2026-09-17T06:41:35.759758+00:00
KW-IN-00012,Prebiotics + Probiotics,2026-09-17T06:41:35.759758+00:00
KW-IN-00013,Prebiotics + Probiotics,2026-09-17T06:41:35.759758+00:00
KW-IN-00014,Prebiotics + Probiotics,2026-09-17T06:41:35.759758+00:00
KW-IN-00015,Prebiotics + Probiotics,2026-09-17T06:41:35.759758+00:00
KW-IN-00016,Prebiotics + Probiotics,2026-09-17T06:41:35.759758+00:00
KW-IN-00017,Prebiotics + Probiotics,2026-09-17T06:41:35.759758+00:00
KW-IN-00018,Prebiotics + Probiotics,2026-09-17T06:41:35.759758+00:00
KW-IN-00019,Prebiotics + Probiotics,2026-09-17T06:41:35.759758+00:00
KW-IN-00020,Prebiotics + Probiotics,2026-09-17T06:41:35.759758+00:00
KW-IN-00021,Prebiotics + Probiotics,2026-09-17T06:41:35.759758+00:00
KW-IN-00022,Prebiotics + Probiotics,2026-09-17T06:41:35.759758+00:00
KW-IN-00023,Prebiotics + Probiotics,2026-09-17T06:41:35.759758+00:00
KW-IN-00024,Prebiotics + Probiotics,2026-09-17T06:41:35.759758+00:00
KW-IN-00025,Prebiotics + Probiotics,2026-09-17T06:41:35.759758+00:00
KW-IN-00026,Prebiotics + Probiotics,2026-09-17T06:41:35.759758+00:00
KW-IN-00027,Prebiotics + Probiotics,2026-09-17T06:41:35.759758+00:00
KW-IN-00028,Prebiotics + Probiotics,2026-09-17T06:41:35.759758+00:00
KW-IN-00029,Prebiotics + Probiotics,2026-09-17T06:41:35.759758+00:00
KW-IN-00030,Prebiotics + Probiotics,2026-09-17T06:41:35.759758+00:00
KW-IN-00031,Prebiotics + Probiotics,2026-09-17T06:41:35.759758+00:00
KW-IN-00032,Prebiotics + Probiotics,2026-09-17T06:41:35.759758+00:00
KW-IN-00033,Prebiotics + Probiotics,2026-09-17T06:41:35.759758+00:00
KW-IN-00034,Prebiotics + Probiotics,2026-09-17T06:41:35.759758+00:00
KW-IN-00035,Prebiotics + Probiotics,2026-09-17T06:41:35.759758+00:00
KW-IN-00036,Prebiotics + Probiotics,2026-09-17T06:41:35.759758+00:00
KW-IN-00037,Prebiotics + Probiotics,2026-09-17T06:41:35.759758+00:00
KW-IN-00038,Prebiotics + Probiotics,2026-09-17T06:41:35.759758+00:00
KW-IN-00039,Prebiotics + Probiotics,2026-09-17T06:41:35.759758+00:00
KW-IN-00040,Prebiotics + Probiotics,2026-09-17T06:41:35.759758+00:00
KW-IN-00041,Prebiotics + Probiotics,2026-09-17T06:41:35.759758+00:00
KW-IN-00042,Prebiotics + Probiotics,2026-09-17T06:41:35.759758+00:00
KW-IN-00043,Prebiotics + Probiotics,2026-09-17T06:41:35.759758+00:00
KW-IN-00044,Prebiotics + Probiotics,2026-09-17T06:41:35.759758+00:00
KW-IN-00045,Prebiotics + Probiotics,2026-09-17T06:41:35.759758+00:00
KW-IN-00046,Prebiotics + Probiotics,2026-09-17T06:41:35.759758+00:00
KW-IN-00047,Prebiotics + Probiotics,2026-09-17T06:41:35.759758+00:00
KW-IN-00048,Prebiotics + Probiotics,2026-09-17T06:41:35.759758+00:00
KW-IN-00049,Prebiotics + Probiotics,2026-09-17T06:41:35.759758+00:00
KW-IN-00050,Prebiotics + Probiotics,2026-09-17T06:41:35.759758+00:00
KW-IN-00051,Prebiotics + Probiotics,2026-09-17T06:41:35.759758+00:00
KW-IN-00052,Prebiotics + Probiotics,2026-09-17T06:41:35.759758+00:00
KW-IN-00053,Prebiotics + Probiotics,2026-09-17T06:41:35.759758+00:00
KW-IN-00054,Prebiotics + Probiotics,2026-09-17T06:41:35.759758+00:00
KW-IN-00055,Prebiotics + Probiotics,2026-09-17T06:41:35.759758+00:00
KW-IN-00056,Prebiotics + Probiotics,2026-09-17T06:41:35.759758+00:00
KW-IN-00057,Prebiotics + Probiotics,2026-09-17T06:41:35.759758+00:00
KW-IN-00058,Prebiotics + Probiotics,2026-09-17T06:41:35.759758+00:00
KW-IN-00059,Prebiotics + Probiotics,2026-09-17T06:41:35.759758+00:00
KW-IN-00060,Prebiotics + Probiotics,2026-09-17T06:41:35.759758+00:00
KW-IN-00061,Prebiotics + Probiotics,2026-09-17T06:41:35.759758+00:00
KW-IN-00062,Prebiotics + Probiotics,2026-09-17T06:41:35.759758+00:00
KW-IN-00063,Prebiotics + Probiotics,2026-09-17T06:41:35.759758+00:00
KW-IN-00064,Prebiotics + Probiotics,2026-09-17T06:41:35.759758+00:00
KW-IN-00065,Prebiotics + Probiotics,2026-09-17T06:41:35.759758+00:00
KW-IN-00066,Prebiotics + Probiotics,2026-09-17T06:41:35.759758+00:00
KW-IN-00067,Prebiotics + Probiotics,2026-09-17T06:41:35.759758+00:00
KW-IN-00068,Prebiotics + Probiotics,2026-09-17T06:41:35.759758+00:00
KW-IN-00069,Prebiotics + Probiotics,2026-09-17T06:41:35.759758+00:00
KW-IN-00070,Prebiotics + Probiotics,2026-09-17T06:41:35.759758+00:00
KW-IN-00071,Prebiotics + Probiotics,2026-09-17T06:41:35.759758+00:00
KW-IN-00072,Prebiotics + Probiotics,2026-09-17T06:41:35.759758+00:00
KW-IN-00073,Prebiotics + Probiotics,2026-09-17T06:41:35.759758+00:00
KW-IN-00074,Prebiotics + Probiotics,2026-09-17T06:41:35.759758+00:00
KW-IN-00075,Prebiotics + Probiotics,2026-09-17T06:41:35.759758+00:00
KW-IN-00076,Prebiotics + Probiotics,2026-09-17T06:41:35.759758+00:00
KW-IN-00077,Prebiotics + Probiotics,2026-09-17T06:41:35.759758+00:00
KW-IN-00078,Prebiotics + Probiotics,2026-09-17T06:41:35.759758+00:00
KW-IN-00079,Prebiotics + Probiotics,2026-09-17T06:41:35.759758+00:00
KW-IN-00080,Prebiotics + Probiotics,2026-09-17T06:41:35.759758+00:00
KW-IN-00081,Prebiotics + Probiotics,2026-09-17T06:41:35.759758+00:00
KW-IN-00082,Prebiotics + Probiotics,2026-09-17T06:41:35.759758+00:00
KW-IN-00083,Prebiotics + Probiotics,2026-09-17T06:41:35.759758+00:00
KW-IN-00084,Prebiotics + Probiotics,2026-09-17T06:41:35.759758+00:00
KW-IN-00085,Prebiotics + Probiotics,2026-09-17T06:41:35.759758+00:00
KW-IN-00086,Prebiotics + Probiotics,2026-09-17T06:41:35.759758+00:00
KW-IN-00087,Prebiotics + Probiotics,2026-09-17T06:41:35.759758+00:00
KW-IN-00088,Prebiotics + Probiotics,2026-09-17T06:41:35.759758+00:00
KW-IN-00089,Prebiotics + Probiotics,2026-09-17T06:41:35.759758+00:00
KW-IN-00090,Prebiotics + Probiotics,2026-09-17T06:41:35.759758+00:00
KW-IN-00091,Prebiotics + Probiotics,2026-09-17T06:41:35.759758+00:00
KW-IN-00092,Prebiotics + Probiotics,2026-09-17T06:41:35.759758+00:00
KW-IN-00093,Prebiotics + Probiotics,2026-09-17T06:41:35.759758+00:00
KW-IN-00094,Prebiotics + Probiotics,2026-09-17T06:41:35.759758+00:00
KW-IN-00095,Prebiotics + Probiotics,2026-09-17T06:41:35.759758+00:00
KW-IN-00096,Prebiotics + Probiotics,2026-09-17T06:41:35.759758+00:00
KW-IN-00097,Prebiotics + Probiotics,2026-09-17T06:41:35.759758+00:00
KW-IN-00098,Prebiotics + Probiotics,2026-09-17T06:41:35.759758+00:00
KW-IN-00099,Prebiotics + Probiotics,2026-09-17T06:41:35.759758+00:00
KW-IN-00100,Prebiotics + Probiotics,2026-09-17T06:41:35.759758+00:00
KW-IN-00101,Prebiotics + Probiotics,2026-09-17T06:41:35.759758+00:00
KW-IN-00102,Prebiotics + Probiotics,2026-09-17T06:41:35.759758+00:00
KW-IN-00103,Prebiotics + Probiotics,2026-09-17T06:41:35.759758+00:00
KW-IN-00104,Prebiotics + Probiotics,2026-09-17T06:41:35.759758+00:00
KW-IN-00105,Prebiotics + Probiotics,2026-09-17T06:41:35.759758+00:00
KW-IN-00106,Prebiotics + Probiotics,2026-09-17T06:41:35.759758+00:00
KW-IN-00107,Prebiotics + Probiotics,2026-09-17T06:41:35.759758+00:00
KW-IN-00108,Prebiotics + Probiotics,2026-09-17T06:41:35.759758+00:00
KW-IN-00109,Prebiotics + Probiotics,2026-09-17T06:41:35.759758+00:00
KW-IN-00110,Prebiotics + Probiotics,2026-09-17T06:41:35.759758+00:00
KW-IN-00111,Prebiotics + Probiotics,2026-09-17T06:41:35.759758+00:00
KW-IN-00112,Prebiotics + Probiotics,2026-09-17T06:41:35.759758+00:00
KW-IN-00113,Prebiotics + Probiotics,2026-09-17T06:41:35.759758+00:00
KW-IN-00114,Prebiotics + Probiotics,2026-09-17T06:41:35.759758+00:00
KW-IN-00115,Prebiotics + Probiotics,2026-09-17T06:41:35.759758+00:00
KW-IN-00116,Prebiotics + Probiotics,2026-09-17T06:41:35.759758+00:00
KW-IN-00117,Prebiotics + Probiotics,2026-09-17T06:41:35.759758+00:00
KW-IN-00118,Prebiotics + Probiotics,2026-09-17T06:41:35.759758+00:00
KW-IN-00119,Prebiotics + Probiotics,2026-09-17T06:41:35.759758+00:00
KW-IN-00120,Prebiotics + Probiotics,2026-09-17T06:41:35.759758+00:00
KW-IN-00121,Prebiotics + Probiotics,2026-09-17T06:41:35.759758+00:00
KW-IN-00122,Prebiotics + Probiotics,2026-09-17T06:41:35.759758+00:00
KW-IN-00123,Prebiotics + Probiotics,2026-09-17T06:41:35.759758+00:00
KW-IN-00124,Prebiotics + Probiotics,2026-09-17T06:41:35.759758+00:00
KW-IN-00125,Prebiotics + Probiotics,2026-09-17T06:41:35.759758+00:00
KW-IN-00126,Prebiotics + Probiotics,2026-09-17T06:41:35.759758+00:00
KW-IN-00127,Prebiotics + Probiotics,2026-09-17T06:41:35.759758+00:00
KW-IN-00128,Prebiotics + Probiotics,2026-09-17T06:41:35.759758+00:00
KW-IN-00129,Prebiotics + Probiotics,2026-09-17T06:41:35.759758+00:00
KW-IN-00130,Prebiotics + Probiotics,2026-09-17T06:41:35.759758+00:00
KW-IN-00131,Prebiotics + Probiotics,2026-09-17T06:41:35.759758+00:00
KW-IN-00132,Prebiotics + Probiotics,2026-09-17T06:41:35.759758+00:00
KW-IN-00133,Prebiotics + Probiotics,2026-09-17T06:41:35.759758+00:00
KW-IN-00134,Prebiotics + Probiotics,2026-09-17T06:41:35.759758+00:00
KW-IN-00135,Prebiotics + Probiotics,2026-09-17T06:41:35.759758+00:00
KW-IN-00136,Prebiotics + Probiotics,2026-09-17T06:41:35.759758+00:00
KW-IN-00137,Prebiotics + Probiotics,2026-09-17T06:41:35.759758+00:00
KW-IN-00138,Prebiotics + Probiotics,2026-09-17T06:41:35.759758+00:00
KW-IN-00139,Prebiotics + Probiotics,2026-09-17T06:41:35.759758+00:00
KW-IN-00140,Prebiotics + Probiotics,2026-09-17T06:41:35.759758+00:00
KW-IN-00141,Prebiotics + Probiotics,2026-09-17T06:41:35.759758+00:00
KW-IN-00142,Prebiotics + Probiotics,2026-09-17T06:41:35.759758+00:00
KW-IN-00143,Prebiotics + Probiotics,2026-09-17T06:41:35.759758+00:00
KW-IN-00144,Prebiotics + Probiotics,2026-09-17T06:41:35.759758+00:00
KW-IN-00145,Prebiotics + Probiotics,2026-09-17T06:41:35.759758+00:00
KW-IN-00146,Prebiotics + Probiotics,2026-09-17T06:41:35.759758+00:00
KW-IN-00147,Prebiotics + Probiotics,2026-09-17T06:41:35.759758+00:00
KW-IN-00148,Prebiotics + Probiotics,2026-09-17T06:41:35.759758+00:00
KW-IN-00149,Prebiotics + Probiotics,2026-09-17T06:41:35.759758+00:00
KW-IN-00150,Prebiotics + Probiotics,2026-09-17T06:41:35.759758+00:00
KW-IN-00151,Prebiotics + Probiotics,2026-09-17T06:41:35.759758+00:00
KW-IN-00152,Prebiotics + Probiotics,2026-09-17T06:41:35.759758+00:00
KW-IN-00153,Prebiotics + Probiotics,2026-09-17T06:41:35.759758+00:00
KW-IN-00154,Prebiotics + Probiotics,2026-09-17T06:41:35.759758+00:00
KW-IN-00155,Prebiotics + Probiotics,2026-09-17T06:41:35.759758+00:00
KW-IN-00156,Prebiotics + Probiotics,2026-09-17T06:41:35.759758+00:00
KW-IN-00157,Prebiotics + Probiotics,2026-09-17T06:41:35.759758+00:00
KW-IN-00158,Prebiotics + Probiotics,2026-09-17T06:41:35.759758+00:00
KW-IN-00159,Prebiotics + Probiotics,2026-09-17T06:41:35.759758+00:00
KW-IN-00160,Prebiotics + Probiotics,2026-09-17T06:41:35.759758+00:00
KW-IN-00161,Prebiotics + Probiotics,2026-09-17T06:41:35.759758+00:00
KW-IN-00162,Prebiotics + Probiotics,2026-09-17T06:41:35.759758+00:00
KW-IN-00163,Prebiotics + Probiotics,2026-09-17T06:41:35.759758+00:00
KW-IN-00164,Prebiotics + Probiotics,2026-09-17T06:41:35.759758+00:00
KW-IN-00165,Prebiotics + Probiotics,2026-09-17T06:41:35.759758+00:00
KW-IN-00166,Prebiotics + Probiotics,2026-09-17T06:41:35.759758+00:00
KW-IN-00167,Prebiotics + Probiotics,2026-09-17T06:41:35.759758+00:00
KW-IN-00168,Prebiotics + Probiotics,2026-09-17T06:41:35.759758+00:00
KW-IN-00169,Prebiotics + Probiotics,2026-09-17T06:41:35.759758+00:00
KW-IN-00170,Prebiotics + Probiotics,2026-09-17T06:41:35.759758+00:00
KW-IN-00171,Prebiotics + Probiotics,2026-09-17T06:41:35.759758+00:00
KW-IN-00172,Prebiotics + Probiotics,2026-09-17T06:41:35.759758+00:00
KW-IN-00173,Prebiotics + Probiotics,2026-09-17T06:41:35.759758+00:00
KW-IN-00174,Prebiotics + Probiotics,2026-09-17T06:41:35.759758+00:00
KW-IN-00175,Prebiotics + Probiotics,2026-09-17T06:41:35.759758+00:00
KW-IN-00176,Prebiotics + Probiotics,2026-09-17T06:41:35.759758+00:00
KW-IN-00177,Prebiotics + Probiotics,2026-09-17T06:41:35.759758+00:00
KW-IN-00178,Prebiotics + Probiotics,2026-09-17T06:41:35.759758+00:00
KW-IN-00179,Prebiotics + Probiotics,2026-09-17T06:41:35.759758+00:00
KW-IN-00180,Prebiotics + Probiotics,2026-09-17T06:41:35.759758+00:00
KW-IN-00181,Prebiotics + Probiotics,2026-09-17T06:41:35.759758+00:00
KW-IN-00182,Prebiotics + Probiotics,2026-09-17T06:41:35.759758+00:00
KW-IN-00183,Prebiotics + Probiotics,2026-09-17T06:41:35.759758+00:00
KW-IN-00184,Prebiotics + Probiotics,2026-09-17T06:41:35.759758+00:00
KW-IN-00185,Prebiotics + Probiotics,2026-09-17T06:41:35.759758+00:00
KW-IN-00186,Prebiotics + Probiotics,2026-09-17T06:41:35.759758+00:00
KW-IN-00187,Prebiotics + Probiotics,2026-09-17T06:41:35.759758+00:00
KW-IN-00188,Prebiotics + Probiotics,2026-09-17T06:41:35.759758+00:00
KW-IN-00189,Prebiotics + Probiotics,2026-09-17T06:41:35.759758+00:00
KW-IN-00190,Prebiotics + Probiotics,2026-09-17T06:41:35.759758+00:00
KW-IN-00191,Prebiotics + Probiotics,2026-09-17T06:41:35.759758+00:00
KW-IN-00192,Prebiotics + Probiotics,2026-09-17T06:41:35.759758+00:00
KW-IN-00193,Prebiotics + Probiotics,2026-09-17T06:41:35.759758+00:00
KW-IN-00194,Prebiotics + Probiotics,2026-09-17T06:41:35.759758+00:00
KW-IN-00195,Prebiotics + Probiotics,2026-09-17T06:41:35.759758+00:00
KW-IN-00196,Prebiotics + Probiotics,2026-09-17T06:41:35.759758+00:00
KW-IN-00197,Prebiotics + Probiotics,2026-09-17T06:41:35.759758+00:00
KW-IN-00198,Prebiotics + Probiotics,2026-09-17T06:41:35.759758+00:00
KW-IN-00199,Prebiotics + Probiotics,2026-09-17T06:41:35.759758+00:00
KW-IN-00200,Prebiotics + Probiotics,2026-09-17T06:41:35.759758+00:00
KW-IN-00201,Prebiotics + Probiotics,2026-09-17T06:41:35.759758+00:00
KW-IN-00202,Prebiotics + Probiotics,2026-09-17T06:41:35.759758+00:00
KW-IN-00203,Prebiotics + Probiotics,2026-09-17T06:41:35.759758+00:00
KW-IN-00204,Prebiotics + Probiotics,2026-09-17T06:41:35.759758+00:00
KW-IN-00205,Prebiotics + Probiotics,2026-09-17T06:41:35.759758+00:00
KW-IN-00206,Prebiotics + Probiotics,2026-09-17T06:41:35.759758+00:00
KW-IN-00207,Prebiotics + Probiotics,2026-09-17T06:41:35.759758+00:00
KW-IN-00208,Prebiotics + Probiotics,2026-09-17T06:41:35.759758+00:00
KW-IN-00209,Prebiotics + Probiotics,2026-09-17T06:41:35.759758+00:00
KW-IN-00210,Prebiotics + Probiotics,2026-09-17T06:41:35.759758+00:00
KW-IN-00211,Prebiotics + Probiotics,2026-09-17T06:41:35.759758+00:00
KW-IN-00212,Prebiotics + Probiotics,2026-09-17T06:41:35.759758+00:00
KW-IN-00213,Prebiotics + Probiotics,2026-09-17T06:41:35.759758+00:00
KW-IN-00214,Prebiotics + Probiotics,2026-09-17T06:41:35.759758+00:00
KW-IN-00215,Prebiotics + Probiotics,2026-09-17T06:41:35.759758+00:00
KW-IN-00216,Prebiotics + Probiotics,2026-09-17T06:41:35.759758+00:00
KW-IN-00217,Prebiotics + Probiotics,2026-09-17T06:41:35.759758+00:00
KW-IN-00218,Prebiotics + Probiotics,2026-09-17T06:41:35.759758+00:00
KW-IN-00219,Prebiotics + Probiotics,2026-09-17T06:41:35.759758+00:00
KW-IN-00220,Prebiotics + Probiotics,2026-09-17T06:41:35.759758+00:00
KW-IN-00221,Prebiotics + Probiotics,2026-09-17T06:41:35.759758+00:00
KW-IN-00222,Prebiotics + Probiotics,2026-09-17T06:41:35.759758+00:00
KW-IN-00223,Prebiotics + Probiotics,2026-09-17T06:41:35.759758+00:00
KW-IN-00224,Prebiotics + Probiotics,2026-09-17T06:41:35.759758+00:00
KW-IN-00225,Prebiotics + Probiotics,2026-09-17T06:41:35.759758+00:00
KW-IN-00226,Prebiotics + Probiotics,2026-09-17T06:41:35.759758+00:00
KW-IN-00227,Prebiotics + Probiotics,2026-09-17T06:41:35.759758+00:00
KW-IN-00228,Prebiotics + Probiotics,2026-09-17T06:41:35.759758+00:00
KW-IN-00229,Prebiotics + Probiotics,2026-09-17T06:41:35.759758+00:00
KW-IN-00230,Prebiotics + Probiotics,2026-09-17T06:41:35.759758+00:00
KW-IN-00231,Prebiotics + Probiotics,2026-09-17T06:41:35.759758+00:00
KW-IN-00232,Prebiotics + Probiotics,2026-09-17T06:41:35.759758+00:00
KW-IN-00233,Prebiotics + Probiotics,2026-09-17T06:41:35.759758+00:00
KW-IN-00234,Prebiotics + Probiotics,2026-09-17T06:41:35.759758+00:00
KW-IN-00235,Prebiotics + Probiotics,2026-09-17T06:41:35.759758+00:00
KW-IN-00236,Prebiotics + Probiotics,2026-09-17T06:41:35.759758+00:00
KW-IN-00237,Prebiotics + Probiotics,2026-09-17T06:41:35.759758+00:00
KW-IN-00238,Prebiotics + Probiotics,2026-09-17T06:41:35.759758+00:00
KW-IN-00239,Prebiotics + Probiotics,2026-09-17T06:41:35.759758+00:00
KW-IN-00240,Prebiotics + Probiotics,2026-09-17T06:41:35.759758+00:00
KW-IN-00241,Prebiotics + Probiotics,2026-09-17T06:41:35.759758+00:00
KW-IN-00242,Prebiotics + Probiotics,2026-09-17T06:41:35.759758+00:00
KW-IN-00243,Prebiotics + Probiotics,2026-09-17T06:41:35.759758+00:00
KW-IN-00244,Prebiotics + Probiotics,2026-09-17T06:41:35.759758+00:00
KW-IN-00245,Prebiotics + Probiotics,2026-09-17T06:41:35.759758+00:00
KW-IN-00246,Prebiotics + Probiotics,2026-09-17T06:41:35.759758+00:00
KW-IN-00247,Prebiotics + Probiotics,2026-09-17T06:41:35.759758+00:00
KW-IN-00248,Prebiotics + Probiotics,2026-09-17T06:41:35.759758+00:00
KW-IN-00249,Prebiotics + Probiotics,2026-09-17T06:41:35.759758+00:00
KW-IN-00250,Prebiotics + Probiotics,2026-09-17T06:41:35.759758+00:00
KW-IN-00251,Prebiotics + Probiotics,2026-09-17T06:41:35.759758+00:00
KW-IN-00252,Prebiotics + Probiotics,2026-09-17T06:41:35.759758+00:00
KW-IN-00253,Prebiotics + Probiotics,2026-09-17T06:41:35.759758+00:00
KW-IN-00254,Prebiotics + Probiotics,2026-09-17T06:41:35.759758+00:00
KW-IN-00255,Prebiotics + Probiotics,2026-09-17T06:41:35.759758+00:00
KW-IN-00256,Prebiotics + Probiotics,2026-09-17T06:41:35.759758+00:00
KW-IN-00257,Prebiotics + Probiotics,2026-09-17T06:41:35.759758+00:00
KW-IN-00258,Prebiotics + Probiotics,2026-09-17T06:41:35.759758+00:00
KW-IN-00259,Prebiotics + Probiotics,2026-09-17T06:41:35.759758+00:00
KW-IN-00260,Prebiotics + Probiotics,2026-09-17T06:41:35.759758+00:00
KW-IN-00261,Prebiotics + Probiotics,2026-09-17T06:41:35.759758+00:00
KW-IN-00262,Prebiotics + Probiotics,2026-09-17T06:41:35.759758+00:00
KW-IN-00263,Prebiotics + Probiotics,2026-09-17T06:41:35.759758+00:00
KW-IN-00264,Prebiotics + Probiotics,2026-09-17T06:41:35.759758+00:00
KW-IN-00265,Prebiotics + Probiotics,2026-09-17T06:41:35.759758+00:00
KW-IN-00266,Prebiotics + Probiotics,2026-09-17T06:41:35.759758+00:00
KW-IN-00267,Prebiotics + Probiotics,2026-09-17T06:41:35.759758+00:00
KW-IN-00268,Prebiotics + Probiotics,2026-09-17T06:41:35.759758+00:00
KW-IN-00269,Prebiotics + Probiotics,2026-09-17T06:41:35.759758+00:00
KW-IN-00270,Prebiotics + Probiotics,2026-09-17T06:41:35.759758+00:00
KW-IN-00271,Prebiotics + Probiotics,2026-09-17T06:41:35.759758+00:00
KW-IN-00272,Prebiotics + Probiotics,2026-09-17T06:41:35.759758+00:00
KW-IN-00273,Prebiotics + Probiotics,2026-09-17T06:41:35.759758+00:00
KW-IN-00274,Prebiotics + Probiotics,2026-09-17T06:41:35.759758+00:00
KW-IN-00275,Prebiotics + Probiotics,2026-09-17T06:41:35.759758+00:00
KW-IN-00276,Prebiotics + Probiotics,2026-09-17T06:41:35.759758+00:00
KW-IN-00277,Prebiotics + Probiotics,2026-09-17T06:41:35.759758+00:00
KW-IN-00278,Prebiotics + Probiotics,2026-09-17T06:41:35.759758+00:00
KW-IN-00279,Prebiotics + Probiotics,2026-09-17T06:41:35.759758+00:00
KW-IN-00280,Prebiotics + Probiotics,2026-09-17T06:41:35.759758+00:00
KW-IN-00281,Prebiotics + Probiotics,2026-09-17T06:41:35.759758+00:00
KW-IN-00282,Prebiotics + Probiotics,2026-09-17T06:41:35.759758+00:00
KW-IN-00283,Prebiotics + Probiotics,2026-09-17T06:41:35.759758+00:00
KW-IN-00284,Prebiotics + Probiotics,2026-09-17T06:41:35.759758+00:00
KW-IN-00285,Prebiotics + Probiotics,2026-09-17T06:41:35.759758+00:00
KW-IN-00286,Prebiotics + Probiotics,2026-09-17T06:41:35.759758+00:00
KW-IN-00287,Prebiotics + Probiotics,2026-09-17T06:41:35.759758+00:00
KW-IN-00288,Prebiotics + Probiotics,2026-09-17T06:41:35.759758+00:00
KW-IN-00289,Prebiotics + Probiotics,2026-09-17T06:41:35.759758+00:00
KW-IN-00290,Prebiotics + Probiotics,2026-09-17T06:41:35.759758+00:00
KW-IN-00291,Prebiotics + Probiotics,2026-09-17T06:41:35.759758+00:00
KW-IN-00292,Prebiotics + Probiotics,2026-09-17T06:41:35.759758+00:00
KW-IN-00293,Prebiotics + Probiotics,2026-09-17T06:41:35.759758+00:00
KW-IN-00294,Prebiotics + Probiotics,2026-09-17T06:41:35.759758+00:00
KW-IN-00295,Prebiotics + Probiotics,2026-09-17T06:41:35.759758+00:00
KW-IN-00296,Prebiotics + Probiotics,2026-09-17T06:41:35.759758+00:00
KW-IN-00297,Prebiotics + Probiotics,2026-09-17T06:41:35.759758+00:00
KW-IN-00298,Prebiotics + Probiotics,2026-09-17T06:41:35.759758+00:00
KW-IN-00299,Prebiotics + Probiotics,2026-09-17T06:41:35.759758+00:00
KW-IN-00300,Prebiotics + Probiotics,2026-09-17T06:41:35.759758+00:00
KW-LB-00001,Berberine HCL,2026-09-17T06:41:35.759758+00:00
KW-LB-00002,Berberine HCL,2026-09-17T06:41:35.759758+00:00
KW-LB-00003,Berberine HCL,2026-09-17T06:41:35.759758+00:00
KW-LB-00004,Berberine HCL,2026-09-17T06:41:35.759758+00:00
KW-LB-00005,Berberine HCL,2026-09-17T06:41:35.759758+00:00
KW-LB-00006,Berberine HCL,2026-09-17T06:41:35.759758+00:00
KW-LB-00007,Berberine HCL,2026-09-17T06:41:35.759758+00:00
KW-LB-00008,Berberine HCL,2026-09-17T06:41:35.759758+00:00
KW-LB-00009,Berberine HCL,2026-09-17T06:41:35.759758+00:00
KW-LB-00010,Berberine HCL,2026-09-17T06:41:35.759758+00:00
KW-LB-00011,Berberine HCL,2026-09-17T06:41:35.759758+00:00
KW-LB-00012,Berberine HCL,2026-09-17T06:41:35.759758+00:00
KW-LB-00013,Berberine HCL,2026-09-17T06:41:35.759758+00:00
KW-LB-00014,Berberine HCL,2026-09-17T06:41:35.759758+00:00
KW-LB-00015,Berberine HCL,2026-09-17T06:41:35.759758+00:00
KW-LB-00016,Berberine HCL,2026-09-17T06:41:35.759758+00:00
KW-LB-00017,Berberine HCL,2026-09-17T06:41:35.759758+00:00
KW-LB-00018,Berberine HCL,2026-09-17T06:41:35.759758+00:00
KW-LB-00019,Berberine HCL,2026-09-17T06:41:35.759758+00:00
KW-LB-00020,Berberine HCL,2026-09-17T06:41:35.759758+00:00
KW-LB-00021,Berberine HCL,2026-09-17T06:41:35.759758+00:00
KW-LB-00022,Berberine HCL,2026-09-17T06:41:35.759758+00:00
KW-LB-00023,Berberine HCL,2026-09-17T06:41:35.759758+00:00
KW-LB-00024,Berberine HCL,2026-09-17T06:41:35.759758+00:00
KW-LB-00025,Berberine HCL,2026-09-17T06:41:35.759758+00:00
KW-LB-00026,Berberine HCL,2026-09-17T06:41:35.759758+00:00
KW-LB-00027,Berberine HCL,2026-09-17T06:41:35.759758+00:00
KW-LB-00028,Berberine HCL,2026-09-17T06:41:35.759758+00:00
KW-LB-00029,Berberine HCL,2026-09-17T06:41:35.759758+00:00
KW-LB-00030,Berberine HCL,2026-09-17T06:41:35.759758+00:00
KW-LB-00031,Berberine HCL,2026-09-17T06:41:35.759758+00:00
KW-LB-00032,Berberine HCL,2026-09-17T06:41:35.759758+00:00
KW-LB-00033,Berberine HCL,2026-09-17T06:41:35.759758+00:00
KW-LB-00034,Berberine HCL,2026-09-17T06:41:35.759758+00:00
KW-LB-00035,Berberine HCL,2026-09-17T06:41:35.759758+00:00
KW-LB-00036,Berberine HCL,2026-09-17T06:41:35.759758+00:00
KW-LB-00037,Berberine HCL,2026-09-17T06:41:35.759758+00:00
KW-LB-00038,Berberine HCL,2026-09-17T06:41:35.759758+00:00
KW-LB-00039,Berberine HCL,2026-09-17T06:41:35.759758+00:00
KW-LB-00040,Berberine HCL,2026-09-17T06:41:35.759758+00:00
KW-LB-00041,Berberine HCL,2026-09-17T06:41:35.759758+00:00
KW-LB-00042,Berberine HCL,2026-09-17T06:41:35.759758+00:00
KW-LB-00043,Berberine HCL,2026-09-17T06:41:35.759758+00:00
KW-LB-00044,Berberine HCL,2026-09-17T06:41:35.759758+00:00
KW-LB-00045,Berberine HCL,2026-09-17T06:41:35.759758+00:00
KW-LB-00046,Berberine HCL,2026-09-17T06:41:35.759758+00:00
KW-LB-00047,Berberine HCL,2026-09-17T06:41:35.759758+00:00
KW-LB-00048,Berberine HCL,2026-09-17T06:41:35.759758+00:00
KW-LB-00049,Berberine HCL,2026-09-17T06:41:35.759758+00:00
KW-LB-00050,Berberine HCL,2026-09-17T06:41:35.759758+00:00
KW-LB-00051,Berberine HCL,2026-09-17T06:41:35.759758+00:00
KW-LB-00052,Berberine HCL,2026-09-17T06:41:35.759758+00:00
KW-LB-00053,Berberine HCL,2026-09-17T06:41:35.759758+00:00
KW-LB-00054,Berberine HCL,2026-09-17T06:41:35.759758+00:00
KW-LB-00055,Berberine HCL,2026-09-17T06:41:35.759758+00:00
KW-LB-00056,Berberine HCL,2026-09-17T06:41:35.759758+00:00
KW-LB-00057,Berberine HCL,2026-09-17T06:41:35.759758+00:00
KW-LB-00058,Berberine HCL,2026-09-17T06:41:35.759758+00:00
KW-LB-00059,Berberine HCL,2026-09-17T06:41:35.759758+00:00
KW-LB-00060,Berberine HCL,2026-09-17T06:41:36.388183+00:00
KW-LB-00061,Berberine HCL,2026-09-17T06:41:36.388183+00:00
KW-LB-00062,Berberine HCL,2026-09-17T06:41:36.388183+00:00
KW-LB-00063,Berberine HCL,2026-09-17T06:41:36.388183+00:00
KW-LB-00064,Berberine HCL,2026-09-17T06:41:36.388183+00:00
KW-LB-00065,Berberine HCL,2026-09-17T06:41:36.388183+00:00
KW-LB-00066,Berberine HCL,2026-09-17T06:41:36.388183+00:00
KW-LB-00067,Berberine HCL,2026-09-17T06:41:36.388183+00:00
KW-LB-00068,Berberine HCL,2026-09-17T06:41:36.388183+00:00
KW-LB-00069,Berberine HCL,2026-09-17T06:41:36.388183+00:00
KW-LB-00070,Berberine HCL,2026-09-17T06:41:36.388183+00:00
KW-LB-00071,Berberine HCL,2026-09-17T06:41:36.388183+00:00
KW-LB-00072,Berberine HCL,2026-09-17T06:41:36.388183+00:00
KW-LB-00073,Berberine HCL,2026-09-17T06:41:36.388183+00:00
KW-LB-00074,Berberine HCL,2026-09-17T06:41:36.388183+00:00
KW-LB-00075,Berberine HCL,2026-09-17T06:41:36.388183+00:00
KW-LB-00076,Berberine HCL,2026-09-17T06:41:36.388183+00:00
KW-LB-00077,Berberine HCL,2026-09-17T06:41:36.388183+00:00
KW-LB-00078,Berberine HCL,2026-09-17T06:41:36.388183+00:00
KW-LB-00079,Berberine HCL,2026-09-17T06:41:36.388183+00:00
KW-LB-00080,Berberine HCL,2026-09-17T06:41:36.388183+00:00
KW-LB-00081,Berberine HCL,2026-09-17T06:41:36.388183+00:00
KW-LB-00082,Berberine HCL,2026-09-17T06:41:36.388183+00:00
KW-LB-00083,Berberine HCL,2026-09-17T06:41:36.388183+00:00
KW-LB-00084,Berberine HCL,2026-09-17T06:41:36.388183+00:00
KW-LB-00085,Berberine HCL,2026-09-17T06:41:36.388183+00:00
KW-LB-00086,Berberine HCL,2026-09-17T06:41:36.388183+00:00
KW-LB-00087,Berberine HCL,2026-09-17T06:41:36.388183+00:00
KW-LB-00088,Berberine HCL,2026-09-17T06:41:36.388183+00:00
KW-LB-00089,Berberine HCL,2026-09-17T06:41:36.388183+00:00
KW-LB-00090,Berberine HCL,2026-09-17T06:41:36.388183+00:00
KW-LB-00091,Berberine HCL,2026-09-17T06:41:36.388183+00:00
KW-LB-00092,Berberine HCL,2026-09-17T06:41:36.388183+00:00
KW-LB-00093,Berberine HCL,2026-09-17T06:41:36.388183+00:00
KW-LB-00094,Berberine HCL,2026-09-17T06:41:36.388183+00:00
KW-LB-00095,Berberine HCL,2026-09-17T06:41:36.388183+00:00
KW-LB-00096,Berberine HCL,2026-09-17T06:41:36.388183+00:00
KW-LB-00097,Berberine HCL,2026-09-17T06:41:36.388183+00:00
KW-LB-00098,Berberine HCL,2026-09-17T06:41:36.388183+00:00
KW-LB-00099,Berberine HCL,2026-09-17T06:41:36.388183+00:00
KW-LB-00100,Berberine HCL,2026-09-17T06:41:36.388183+00:00
KW-LB-00101,Berberine HCL,2026-09-17T06:41:36.388183+00:00
KW-LB-00102,Berberine HCL,2026-09-17T06:41:36.388183+00:00
KW-LB-00103,Berberine HCL,2026-09-17T06:41:36.388183+00:00
KW-LB-00104,Berberine HCL,2026-09-17T06:41:36.388183+00:00
KW-LB-00105,Berberine HCL,2026-09-17T06:41:36.388183+00:00
KW-LB-00106,Berberine HCL,2026-09-17T06:41:36.388183+00:00
KW-LB-00107,Berberine HCL,2026-09-17T06:41:36.388183+00:00
KW-LB-00108,Berberine HCL,2026-09-17T06:41:36.388183+00:00
KW-LB-00109,Berberine HCL,2026-09-17T06:41:36.388183+00:00
KW-LB-00110,Berberine HCL,2026-09-17T06:41:36.388183+00:00
KW-LB-00111,Berberine HCL,2026-09-17T06:41:36.388183+00:00
KW-LB-00112,Berberine HCL,2026-09-17T06:41:36.388183+00:00
KW-LB-00113,Berberine HCL,2026-09-17T06:41:36.388183+00:00
KW-LB-00114,Berberine HCL,2026-09-17T06:41:36.388183+00:00
KW-LB-00115,Berberine HCL,2026-09-17T06:41:36.388183+00:00
KW-LB-00116,Berberine HCL,2026-09-17T06:41:36.388183+00:00
KW-LB-00117,Berberine HCL,2026-09-17T06:41:36.388183+00:00
KW-LB-00118,Berberine HCL,2026-09-17T06:41:36.388183+00:00
KW-LB-00119,Berberine HCL,2026-09-17T06:41:36.388183+00:00
KW-LB-00120,Berberine HCL,2026-09-17T06:41:36.388183+00:00
KW-LB-00121,Berberine HCL,2026-09-17T06:41:36.388183+00:00
KW-LB-00122,Berberine HCL,2026-09-17T06:41:36.388183+00:00
KW-LB-00123,Berberine HCL,2026-09-17T06:41:36.388183+00:00
KW-LB-00124,Berberine HCL,2026-09-17T06:41:36.388183+00:00
KW-LB-00125,Berberine HCL,2026-09-17T06:41:36.388183+00:00
KW-LB-00126,Berberine HCL,2026-09-17T06:41:36.388183+00:00
KW-LB-00127,Berberine HCL,2026-09-17T06:41:36.388183+00:00
KW-LB-00128,Berberine HCL,2026-09-17T06:41:36.388183+00:00
KW-LB-00129,Berberine HCL,2026-09-17T06:41:36.388183+00:00
KW-LB-00130,Berberine HCL,2026-09-17T06:41:36.388183+00:00
KW-LB-00131,Berberine HCL,2026-09-17T06:41:36.388183+00:00
KW-LB-00132,Berberine HCL,2026-09-17T06:41:36.388183+00:00
KW-LB-00133,Berberine HCL,2026-09-17T06:41:36.388183+00:00
KW-LB-00134,Berberine HCL,2026-09-17T06:41:36.388183+00:00
KW-LB-00135,Berberine HCL,2026-09-17T06:41:36.388183+00:00
KW-LB-00136,Berberine HCL,2026-09-17T06:41:36.388183+00:00
KW-LB-00137,Berberine HCL,2026-09-17T06:41:36.388183+00:00
KW-LB-00138,Berberine HCL,2026-09-17T06:41:36.388183+00:00
KW-LB-00139,Berberine HCL,2026-09-17T06:41:36.388183+00:00
KW-LB-00140,Berberine HCL,2026-09-17T06:41:36.388183+00:00
KW-LB-00141,Berberine HCL,2026-09-17T06:41:36.388183+00:00
KW-LB-00142,Berberine HCL,2026-09-17T06:41:36.388183+00:00
KW-LB-00143,Berberine HCL,2026-09-17T06:41:36.388183+00:00
KW-LB-00144,Berberine HCL,2026-09-17T06:41:36.388183+00:00
KW-LB-00145,Berberine HCL,2026-09-17T06:41:36.388183+00:00
KW-LB-00146,Berberine HCL,2026-09-17T06:41:36.388183+00:00
KW-LB-00147,Berberine HCL,2026-09-17T06:41:36.388183+00:00
KW-LB-00148,Berberine HCL,2026-09-17T06:41:36.388183+00:00
KW-LB-00149,Berberine HCL,2026-09-17T06:41:36.388183+00:00
KW-LB-00150,Berberine HCL,2026-09-17T06:41:36.388183+00:00
KW-LB-00151,Berberine HCL,2026-09-17T06:41:36.388183+00:00
KW-LB-00152,Berberine HCL,2026-09-17T06:41:36.388183+00:00
KW-LB-00153,Berberine HCL,2026-09-17T06:41:36.388183+00:00
KW-LB-00154,Berberine HCL,2026-09-17T06:41:36.388183+00:00
KW-LB-00155,Berberine HCL,2026-09-17T06:41:36.388183+00:00
KW-LB-00156,Berberine HCL,2026-09-17T06:41:36.388183+00:00
KW-LB-00157,Berberine HCL,2026-09-17T06:41:36.388183+00:00
KW-LB-00158,Berberine HCL,2026-09-17T06:41:36.388183+00:00
KW-LB-00159,Berberine HCL,2026-09-17T06:41:36.388183+00:00
KW-LB-00160,Berberine HCL,2026-09-17T06:41:36.388183+00:00
KW-LB-00161,Berberine HCL,2026-09-17T06:41:36.388183+00:00
KW-LB-00162,Berberine HCL,2026-09-17T06:41:36.388183+00:00
KW-LB-00163,Berberine HCL,2026-09-17T06:41:36.388183+00:00
KW-LB-00164,Berberine HCL,2026-09-17T06:41:36.388183+00:00
KW-LB-00165,Berberine HCL,2026-09-17T06:41:36.388183+00:00
KW-LB-00166,Berberine HCL,2026-09-17T06:41:36.388183+00:00
KW-LB-00167,Berberine HCL,2026-09-17T06:41:36.388183+00:00
KW-LB-00168,Berberine HCL,2026-09-17T06:41:36.388183+00:00
KW-LB-00169,Berberine HCL,2026-09-17T06:41:36.388183+00:00
KW-LB-00170,Berberine HCL,2026-09-17T06:41:36.388183+00:00
KW-LB-00171,Berberine HCL,2026-09-17T06:41:36.388183+00:00
KW-LB-00172,Berberine HCL,2026-09-17T06:41:36.388183+00:00
KW-LB-00173,Berberine HCL,2026-09-17T06:41:36.388183+00:00
KW-LB-00174,Berberine HCL,2026-09-17T06:41:36.388183+00:00
KW-LB-00175,Berberine HCL,2026-09-17T06:41:36.388183+00:00
KW-LB-00176,Berberine HCL,2026-09-17T06:41:36.388183+00:00
KW-LB-00177,Berberine HCL,2026-09-17T06:41:36.388183+00:00
KW-LB-00178,Berberine HCL,2026-09-17T06:41:36.388183+00:00
KW-LB-00179,Berberine HCL,2026-09-17T06:41:36.388183+00:00
KW-LB-00180,Berberine HCL,2026-09-17T06:41:36.388183+00:00
KW-LB-00181,Berberine HCL,2026-09-17T06:41:36.388183+00:00
KW-LB-00182,Berberine HCL,2026-09-17T06:41:36.388183+00:00
KW-LB-00183,Berberine HCL,2026-09-17T06:41:36.388183+00:00
KW-LB-00184,Berberine HCL,2026-09-17T06:41:36.388183+00:00
KW-LB-00185,Berberine HCL,2026-09-17T06:41:36.388183+00:00
KW-LB-00186,Berberine HCL,2026-09-17T06:41:36.388183+00:00
KW-LB-00187,Berberine HCL,2026-09-17T06:41:36.388183+00:00
KW-LB-00188,Berberine HCL,2026-09-17T06:41:36.388183+00:00
KW-LB-00189,Berberine HCL,2026-09-17T06:41:36.388183+00:00
KW-LB-00190,Berberine HCL,2026-09-17T06:41:36.388183+00:00
KW-LB-00191,Berberine HCL,2026-09-17T06:41:36.388183+00:00
KW-LB-00192,Berberine HCL,2026-09-17T06:41:36.388183+00:00
KW-LB-00193,Berberine HCL,2026-09-17T06:41:36.388183+00:00
KW-LB-00194,Berberine HCL,2026-09-17T06:41:36.388183+00:00
KW-LB-00195,Berberine HCL,2026-09-17T06:41:36.388183+00:00
KW-LB-00196,Berberine HCL,2026-09-17T06:41:36.388183+00:00
KW-LB-00197,Berberine HCL,2026-09-17T06:41:36.388183+00:00
KW-LB-00198,Berberine HCL,2026-09-17T06:41:36.388183+00:00
KW-LB-00199,Berberine HCL,2026-09-17T06:41:36.388183+00:00
KW-LB-00200,Berberine HCL,2026-09-17T06:41:36.388183+00:00
KW-LB-00201,Berberine HCL,2026-09-17T06:41:36.388183+00:00
KW-LB-00202,Berberine HCL,2026-09-17T06:41:36.388183+00:00
KW-LB-00203,Berberine HCL,2026-09-17T06:41:36.388183+00:00
KW-CQ-00001,CoQ10 Ubiquinone,2026-09-17T06:41:36.388183+00:00
KW-CQ-00002,CoQ10 Ubiquinone,2026-09-17T06:41:36.388183+00:00
KW-CQ-00003,CoQ10 Ubiquinone,2026-09-17T06:41:36.388183+00:00
KW-CQ-00004,CoQ10 Ubiquinone,2026-09-17T06:41:36.388183+00:00
KW-CQ-00005,CoQ10 Ubiquinone,2026-09-17T06:41:36.388183+00:00
KW-CQ-00006,CoQ10 Ubiquinone,2026-09-17T06:41:36.388183+00:00
KW-CQ-00007,CoQ10 Ubiquinone,2026-09-17T06:41:36.388183+00:00
KW-CQ-00008,CoQ10 Ubiquinone,2026-09-17T06:41:36.388183+00:00
KW-CQ-00009,CoQ10 Ubiquinone,2026-09-17T06:41:36.388183+00:00
KW-CQ-00010,CoQ10 Ubiquinone,2026-09-17T06:41:36.388183+00:00
KW-CQ-00011,CoQ10 Ubiquinone,2026-09-17T06:41:36.388183+00:00
KW-CQ-00012,CoQ10 Ubiquinone,2026-09-17T06:41:36.388183+00:00
KW-CQ-00013,CoQ10 Ubiquinone,2026-09-17T06:41:36.388183+00:00
KW-CQ-00014,CoQ10 Ubiquinone,2026-09-17T06:41:36.388183+00:00
KW-CQ-00015,CoQ10 Ubiquinone,2026-09-17T06:41:36.388183+00:00
KW-CQ-00016,CoQ10 Ubiquinone,2026-09-17T06:41:36.388183+00:00
KW-CQ-00017,CoQ10 Ubiquinone,2026-09-17T06:41:36.388183+00:00
KW-CQ-00018,CoQ10 Ubiquinone,2026-09-17T06:41:36.388183+00:00
KW-CQ-00019,CoQ10 Ubiquinone,2026-09-17T06:41:36.388183+00:00
KW-CQ-00020,CoQ10 Ubiquinone,2026-09-17T06:41:36.388183+00:00
KW-CQ-00021,CoQ10 Ubiquinone,2026-09-17T06:41:36.388183+00:00
KW-CQ-00022,CoQ10 Ubiquinone,2026-09-17T06:41:36.388183+00:00
KW-CQ-00023,CoQ10 Ubiquinone,2026-09-17T06:41:36.388183+00:00
KW-CQ-00024,CoQ10 Ubiquinone,2026-09-17T06:41:36.388183+00:00
KW-CQ-00025,CoQ10 Ubiquinone,2026-09-17T06:41:36.388183+00:00
KW-CQ-00026,CoQ10 Ubiquinone,2026-09-17T06:41:36.388183+00:00
KW-CQ-00027,CoQ10 Ubiquinone,2026-09-17T06:41:36.388183+00:00
KW-CQ-00028,CoQ10 Ubiquinone,2026-09-17T06:41:36.388183+00:00
KW-CQ-00029,CoQ10 Ubiquinone,2026-09-17T06:41:36.388183+00:00
KW-CQ-00030,CoQ10 Ubiquinone,2026-09-17T06:41:36.388183+00:00
KW-CQ-00031,CoQ10 Ubiquinone,2026-09-17T06:41:36.388183+00:00
KW-CQ-00032,CoQ10 Ubiquinone,2026-09-17T06:41:36.388183+00:00
KW-CQ-00033,CoQ10 Ubiquinone,2026-09-17T06:41:36.388183+00:00
KW-CQ-00034,CoQ10 Ubiquinone,2026-09-17T06:41:36.388183+00:00
KW-CQ-00035,CoQ10 Ubiquinone,2026-09-17T06:41:36.388183+00:00
KW-CQ-00036,CoQ10 Ubiquinone,2026-09-17T06:41:36.388183+00:00
KW-CQ-00037,CoQ10 Ubiquinone,2026-09-17T06:41:36.388183+00:00
KW-CQ-00038,CoQ10 Ubiquinone,2026-09-17T06:41:36.388183+00:00
KW-CQ-00039,CoQ10 Ubiquinone,2026-09-17T06:41:36.388183+00:00
KW-CQ-00040,CoQ10 Ubiquinone,2026-09-17T06:41:36.388183+00:00
KW-CQ-00041,CoQ10 Ubiquinone,2026-09-17T06:41:36.388183+00:00
KW-CQ-00042,CoQ10 Ubiquinone,2026-09-17T06:41:36.388183+00:00
KW-CQ-00043,CoQ10 Ubiquinone,2026-09-17T06:41:36.388183+00:00
KW-CQ-00044,CoQ10 Ubiquinone,2026-09-17T06:41:36.388183+00:00
KW-CQ-00045,CoQ10 Ubiquinone,2026-09-17T06:41:36.388183+00:00
KW-CQ-00046,CoQ10 Ubiquinone,2026-09-17T06:41:36.388183+00:00
KW-CQ-00047,CoQ10 Ubiquinone,2026-09-17T06:41:36.388183+00:00
KW-CQ-00048,CoQ10 Ubiquinone,2026-09-17T06:41:36.388183+00:00
KW-CQ-00049,CoQ10 Ubiquinone,2026-09-17T06:41:36.388183+00:00
KW-CQ-00050,CoQ10 Ubiquinone,2026-09-17T06:41:36.388183+00:00
KW-CQ-00051,CoQ10 Ubiquinone,2026-09-17T06:41:36.388183+00:00
KW-CQ-00052,CoQ10 Ubiquinone,2026-09-17T06:41:36.388183+00:00
KW-CQ-00053,CoQ10 Ubiquinone,2026-09-17T06:41:36.388183+00:00
KW-CQ-00054,CoQ10 Ubiquinone,2026-09-17T06:41:36.388183+00:00
KW-CQ-00055,CoQ10 Ubiquinone,2026-09-17T06:41:36.388183+00:00
KW-CQ-00056,CoQ10 Ubiquinone,2026-09-17T06:41:36.388183+00:00
KW-CQ-00057,CoQ10 Ubiquinone,2026-09-17T06:41:36.388183+00:00
KW-CQ-00058,CoQ10 Ubiquinone,2026-09-17T06:41:36.388183+00:00
KW-CQ-00059,CoQ10 Ubiquinone,2026-09-17T06:41:36.388183+00:00
KW-CQ-00060,CoQ10 Ubiquinone,2026-09-17T06:41:36.388183+00:00
KW-CQ-00061,CoQ10 Ubiquinone,2026-09-17T06:41:36.388183+00:00
KW-CQ-00062,CoQ10 Ubiquinone,2026-09-17T06:41:36.388183+00:00
KW-CQ-00063,CoQ10 Ubiquinone,2026-09-17T06:41:36.388183+00:00
KW-CQ-00064,CoQ10 Ubiquinone,2026-09-17T06:41:36.388183+00:00
KW-CQ-00065,CoQ10 Ubiquinone,2026-09-17T06:41:36.388183+00:00
KW-CQ-00066,CoQ10 Ubiquinone,2026-09-17T06:41:36.388183+00:00
KW-CQ-00067,CoQ10 Ubiquinone,2026-09-17T06:41:36.388183+00:00
KW-CQ-00068,CoQ10 Ubiquinone,2026-09-17T06:41:36.388183+00:00
KW-CQ-00069,CoQ10 Ubiquinone,2026-09-17T06:41:36.388183+00:00
KW-CQ-00070,CoQ10 Ubiquinone,2026-09-17T06:41:36.388183+00:00
KW-CQ-00071,CoQ10 Ubiquinone,2026-09-17T06:41:36.388183+00:00
KW-CQ-00072,CoQ10 Ubiquinone,2026-09-17T06:41:36.388183+00:00
KW-CQ-00073,CoQ10 Ubiquinone,2026-09-17T06:41:36.388183+00:00
KW-CQ-00074,CoQ10 Ubiquinone,2026-09-17T06:41:36.388183+00:00
KW-CQ-00075,CoQ10 Ubiquinone,2026-09-17T06:41:36.388183+00:00
KW-CQ-00076,CoQ10 Ubiquinone,2026-09-17T06:41:36.388183+00:00
KW-CQ-00077,CoQ10 Ubiquinone,2026-09-17T06:41:36.388183+00:00
KW-CQ-00078,CoQ10 Ubiquinone,2026-09-17T06:41:36.388183+00:00
KW-CQ-00079,CoQ10 Ubiquinone,2026-09-17T06:41:36.388183+00:00
KW-CQ-00080,CoQ10 Ubiquinone,2026-09-17T06:41:36.388183+00:00
KW-CQ-00081,CoQ10 Ubiquinone,2026-09-17T06:41:36.388183+00:00
KW-CQ-00082,CoQ10 Ubiquinone,2026-09-17T06:41:36.388183+00:00
KW-CQ-00083,CoQ10 Ubiquinone,2026-09-17T06:41:36.388183+00:00
KW-CQ-00084,CoQ10 Ubiquinone,2026-09-17T06:41:36.388183+00:00
KW-CQ-00085,CoQ10 Ubiquinone,2026-09-17T06:41:36.388183+00:00
KW-CQ-00086,CoQ10 Ubiquinone,2026-09-17T06:41:36.388183+00:00
KW-CQ-00087,CoQ10 Ubiquinone,2026-09-17T06:41:36.388183+00:00
KW-CQ-00088,CoQ10 Ubiquinone,2026-09-17T06:41:36.388183+00:00
KW-CQ-00089,CoQ10 Ubiquinone,2026-09-17T06:41:36.388183+00:00
KW-CQ-00090,CoQ10 Ubiquinone,2026-09-17T06:41:36.388183+00:00
KW-CQ-00091,CoQ10 Ubiquinone,2026-09-17T06:41:36.388183+00:00
KW-CQ-00092,CoQ10 Ubiquinone,2026-09-17T06:41:36.388183+00:00
KW-CQ-00093,CoQ10 Ubiquinone,2026-09-17T06:41:36.388183+00:00
KW-CQ-00094,CoQ10 Ubiquinone,2026-09-17T06:41:36.388183+00:00
KW-CQ-00095,CoQ10 Ubiquinone,2026-09-17T06:41:36.388183+00:00
KW-CQ-00096,CoQ10 Ubiquinone,2026-09-17T06:41:36.388183+00:00
KW-CQ-00097,CoQ10 Ubiquinone,2026-09-17T06:41:36.388183+00:00
KW-CQ-00098,CoQ10 Ubiquinone,2026-09-17T06:41:36.388183+00:00
KW-CQ-00099,CoQ10 Ubiquinone,2026-09-17T06:41:36.388183+00:00
KW-CQ-00100,CoQ10 Ubiquinone,2026-09-17T06:41:36.388183+00:00
KW-CQ-00101,CoQ10 Ubiquinone,2026-09-17T06:41:36.388183+00:00
KW-CQ-00102,CoQ10 Ubiquinone,2026-09-17T06:41:36.388183+00:00
KW-CQ-00103,CoQ10 Ubiquinone,2026-09-17T06:41:36.388183+00:00
KW-CQ-00104,CoQ10 Ubiquinone,2026-09-17T06:41:36.388183+00:00
KW-CQ-00105,CoQ10 Ubiquinone,2026-09-17T06:41:36.388183+00:00
KW-CQ-00106,CoQ10 Ubiquinone,2026-09-17T06:41:36.388183+00:00
KW-CQ-00107,CoQ10 Ubiquinone,2026-09-17T06:41:36.388183+00:00
KW-CQ-00108,CoQ10 Ubiquinone,2026-09-17T06:41:36.388183+00:00
KW-CQ-00109,CoQ10 Ubiquinone,2026-09-17T06:41:36.388183+00:00
KW-CQ-00110,CoQ10 Ubiquinone,2026-09-17T06:41:36.388183+00:00
KW-CQ-00111,CoQ10 Ubiquinone,2026-09-17T06:41:36.388183+00:00
KW-CQ-00112,CoQ10 Ubiquinone,2026-09-17T06:41:36.388183+00:00
KW-CQ-00113,CoQ10 Ubiquinone,2026-09-17T06:41:36.388183+00:00
KW-CQ-00114,CoQ10 Ubiquinone,2026-09-17T06:41:36.388183+00:00
KW-CQ-00115,CoQ10 Ubiquinone,2026-09-17T06:41:36.388183+00:00
KW-CQ-00116,CoQ10 Ubiquinone,2026-09-17T06:41:36.388183+00:00
KW-CQ-00117,CoQ10 Ubiquinone,2026-09-17T06:41:36.388183+00:00
KW-CQ-00118,CoQ10 Ubiquinone,2026-09-17T06:41:36.388183+00:00
KW-CQ-00119,CoQ10 Ubiquinone,2026-09-17T06:41:36.388183+00:00
KW-CQ-00120,CoQ10 Ubiquinone,2026-09-17T06:41:36.388183+00:00
KW-CQ-00121,CoQ10 Ubiquinone,2026-09-17T06:41:36.388183+00:00
KW-CQ-00122,CoQ10 Ubiquinone,2026-09-17T06:41:36.388183+00:00
KW-CQ-00123,CoQ10 Ubiquinone,2026-09-17T06:41:36.388183+00:00
KW-CQ-00124,CoQ10 Ubiquinone,2026-09-17T06:41:36.388183+00:00
KW-CQ-00125,CoQ10 Ubiquinone,2026-09-17T06:41:36.388183+00:00
KW-CQ-00126,CoQ10 Ubiquinone,2026-09-17T06:41:36.388183+00:00
KW-CQ-00127,CoQ10 Ubiquinone,2026-09-17T06:41:36.388183+00:00
KW-CQ-00128,CoQ10 Ubiquinone,2026-09-17T06:41:36.388183+00:00
KW-CQ-00129,CoQ10 Ubiquinone,2026-09-17T06:41:36.388183+00:00
KW-CQ-00130,CoQ10 Ubiquinone,2026-09-17T06:41:36.388183+00:00
KW-CQ-00131,CoQ10 Ubiquinone,2026-09-17T06:41:36.388183+00:00
KW-CQ-00132,CoQ10 Ubiquinone,2026-09-17T06:41:36.388183+00:00
KW-CQ-00133,CoQ10 Ubiquinone,2026-09-17T06:41:36.388183+00:00
KW-CQ-00134,CoQ10 Ubiquinone,2026-09-17T06:41:36.388183+00:00
KW-CQ-00135,CoQ10 Ubiquinone,2026-09-17T06:41:36.388183+00:00
KW-CQ-00136,CoQ10 Ubiquinone,2026-09-17T06:41:36.388183+00:00
KW-CQ-00137,CoQ10 Ubiquinone,2026-09-17T06:41:36.388183+00:00
KW-CQ-00138,CoQ10 Ubiquinone,2026-09-17T06:41:36.388183+00:00
KW-CQ-00139,CoQ10 Ubiquinone,2026-09-17T06:41:36.388183+00:00
KW-CQ-00140,CoQ10 Ubiquinone,2026-09-17T06:41:36.388183+00:00
KW-CQ-00141,CoQ10 Ubiquinone,2026-09-17T06:41:36.388183+00:00
KW-CQ-00142,CoQ10 Ubiquinone,2026-09-17T06:41:36.388183+00:00
KW-CQ-00143,CoQ10 Ubiquinone,2026-09-17T06:41:36.388183+00:00
KW-CQ-00144,CoQ10 Ubiquinone,2026-09-17T06:41:36.388183+00:00
KW-CQ-00145,CoQ10 Ubiquinone,2026-09-17T06:41:36.388183+00:00
KW-CQ-00146,CoQ10 Ubiquinone,2026-09-17T06:41:36.388183+00:00
KW-CQ-00147,CoQ10 Ubiquinone,2026-09-17T06:41:36.388183+00:00
KW-CQ-00148,CoQ10 Ubiquinone,2026-09-17T06:41:36.388183+00:00
KW-CQ-00149,CoQ10 Ubiquinone,2026-09-17T06:41:36.388183+00:00
KW-CQ-00150,CoQ10 Ubiquinone,2026-09-17T06:41:36.388183+00:00
KW-CQ-00151,CoQ10 Ubiquinone,2026-09-17T06:41:36.388183+00:00
KW-CQ-00152,CoQ10 Ubiquinone,2026-09-17T06:41:36.388183+00:00
KW-CQ-00153,CoQ10 Ubiquinone,2026-09-17T06:41:36.388183+00:00
KW-CQ-00154,CoQ10 Ubiquinone,2026-09-17T06:41:36.388183+00:00
KW-CQ-00155,CoQ10 Ubiquinone,2026-09-17T06:41:36.388183+00:00
KW-CQ-00156,CoQ10 Ubiquinone,2026-09-17T06:41:36.388183+00:00
KW-CQ-00157,CoQ10 Ubiquinone,2026-09-17T06:41:36.388183+00:00
KW-CQ-00158,CoQ10 Ubiquinone,2026-09-17T06:41:36.388183+00:00
KW-CQ-00159,CoQ10 Ubiquinone,2026-09-17T06:41:36.388183+00:00
KW-CQ-00160,CoQ10 Ubiquinone,2026-09-17T06:41:36.388183+00:00
KW-CQ-00161,CoQ10 Ubiquinone,2026-09-17T06:41:36.388183+00:00
KW-CQ-00162,CoQ10 Ubiquinone,2026-09-17T06:41:36.388183+00:00
KW-CQ-00163,CoQ10 Ubiquinone,2026-09-17T06:41:36.388183+00:00
KW-CQ-00164,CoQ10 Ubiquinone,2026-09-17T06:41:36.388183+00:00
KW-CQ-00165,CoQ10 Ubiquinone,2026-09-17T06:41:36.388183+00:00
KW-CQ-00166,CoQ10 Ubiquinone,2026-09-17T06:41:36.388183+00:00
KW-CQ-00167,CoQ10 Ubiquinone,2026-09-17T06:41:36.388183+00:00
KW-CQ-00168,CoQ10 Ubiquinone,2026-09-17T06:41:36.388183+00:00
KW-CQ-00169,CoQ10 Ubiquinone,2026-09-17T06:41:36.388183+00:00
KW-CQ-00170,CoQ10 Ubiquinone,2026-09-17T06:41:36.388183+00:00
KW-CQ-00171,CoQ10 Ubiquinone,2026-09-17T06:41:36.388183+00:00
KW-CQ-00172,CoQ10 Ubiquinone,2026-09-17T06:41:36.388183+00:00
KW-CQ-00173,CoQ10 Ubiquinone,2026-09-17T06:41:36.388183+00:00
KW-CQ-00174,CoQ10 Ubiquinone,2026-09-17T06:41:36.388183+00:00
KW-CQ-00175,CoQ10 Ubiquinone,2026-09-17T06:41:36.388183+00:00
KW-CQ-00176,CoQ10 Ubiquinone,2026-09-17T06:41:36.388183+00:00
KW-CQ-00177,CoQ10 Ubiquinone,2026-09-17T06:41:36.388183+00:00
KW-CQ-00178,CoQ10 Ubiquinone,2026-09-17T06:41:36.388183+00:00
KW-CQ-00179,CoQ10 Ubiquinone,2026-09-17T06:41:36.388183+00:00
KW-CQ-00180,CoQ10 Ubiquinone,2026-09-17T06:41:36.388183+00:00
KW-CQ-00181,CoQ10 Ubiquinone,2026-09-17T06:41:36.388183+00:00
KW-CQ-00182,CoQ10 Ubiquinone,2026-09-17T06:41:36.388183+00:00
KW-CQ-00183,CoQ10 Ubiquinone,2026-09-17T06:41:36.388183+00:00
KW-CQ-00184,CoQ10 Ubiquinone,2026-09-17T06:41:36.388183+00:00
KW-CQ-00185,CoQ10 Ubiquinone,2026-09-17T06:41:36.388183+00:00
KW-CQ-00186,CoQ10 Ubiquinone,2026-09-17T06:41:36.388183+00:00
KW-CQ-00187,CoQ10 Ubiquinone,2026-09-17T06:41:36.388183+00:00
KW-CQ-00188,CoQ10 Ubiquinone,2026-09-17T06:41:36.388183+00:00
KW-CQ-00189,CoQ10 Ubiquinone,2026-09-17T06:41:36.388183+00:00
KW-CQ-00190,CoQ10 Ubiquinone,2026-09-17T06:41:36.388183+00:00
KW-CQ-00191,CoQ10 Ubiquinone,2026-09-17T06:41:36.388183+00:00
KW-CQ-00192,CoQ10 Ubiquinone,2026-09-17T06:41:36.388183+00:00
KW-CQ-00193,CoQ10 Ubiquinone,2026-09-17T06:41:36.388183+00:00
KW-CQ-00194,CoQ10 Ubiquinone,2026-09-17T06:41:36.388183+00:00
KW-CQ-00195,CoQ10 Ubiquinone,2026-09-17T06:41:36.388183+00:00
KW-CQ-00196,CoQ10 Ubiquinone,2026-09-17T06:41:36.388183+00:00
KW-CQ-00197,CoQ10 Ubiquinone,2026-09-17T06:41:36.388183+00:00
KW-CQ-00198,CoQ10 Ubiquinone,2026-09-17T06:41:36.388183+00:00
KW-CQ-00199,CoQ10 Ubiquinone,2026-09-17T06:41:36.388183+00:00
KW-CQ-00200,CoQ10 Ubiquinone,2026-09-17T06:41:36.388183+00:00
KW-CQ-00201,CoQ10 Ubiquinone,2026-09-17T06:41:36.388183+00:00
KW-CQ-00202,CoQ10 Ubiquinone,2026-09-17T06:41:36.388183+00:00
KW-CQ-00203,CoQ10 Ubiquinone,2026-09-17T06:41:36.388183+00:00
KW-CQ-00204,CoQ10 Ubiquinone,2026-09-17T06:41:36.388183+00:00
KW-CQ-00205,CoQ10 Ubiquinone,2026-09-17T06:41:36.388183+00:00
KW-CQ-00206,CoQ10 Ubiquinone,2026-09-17T06:41:36.388183+00:00
KW-CQ-00207,CoQ10 Ubiquinone,2026-09-17T06:41:36.388183+00:00
KW-CQ-00208,CoQ10 Ubiquinone,2026-09-17T06:41:36.388183+00:00
KW-CQ-00209,CoQ10 Ubiquinone,2026-09-17T06:41:36.388183+00:00
KW-CQ-00210,CoQ10 Ubiquinone,2026-09-17T06:41:36.388183+00:00
KW-CQ-00211,CoQ10 Ubiquinone,2026-09-17T06:41:36.388183+00:00
KW-CQ-00212,CoQ10 Ubiquinone,2026-09-17T06:41:36.388183+00:00
KW-CQ-00213,CoQ10 Ubiquinone,2026-09-17T06:41:36.388183+00:00
KW-CQ-00214,CoQ10 Ubiquinone,2026-09-17T06:41:36.388183+00:00
KW-CQ-00215,CoQ10 Ubiquinone,2026-09-17T06:41:36.388183+00:00
KW-CQ-00216,CoQ10 Ubiquinone,2026-09-17T06:41:36.388183+00:00
KW-CQ-00217,CoQ10 Ubiquinone,2026-09-17T06:41:36.388183+00:00
KW-CQ-00218,CoQ10 Ubiquinone,2026-09-17T06:41:36.388183+00:00
KW-CQ-00219,CoQ10 Ubiquinone,2026-09-17T06:41:36.388183+00:00
KW-CQ-00220,CoQ10 Ubiquinone,2026-09-17T06:41:36.388183+00:00
KW-CQ-00221,CoQ10 Ubiquinone,2026-09-17T06:41:36.388183+00:00
KW-CQ-00222,CoQ10 Ubiquinone,2026-09-17T06:41:36.388183+00:00
KW-CQ-00223,CoQ10 Ubiquinone,2026-09-17T06:41:36.388183+00:00
KW-CQ-00224,CoQ10 Ubiquinone,2026-09-17T06:41:36.388183+00:00
KW-CQ-00225,CoQ10 Ubiquinone,2026-09-17T06:41:36.388183+00:00
KW-LG-00001,Glutathione Reduced,2026-09-17T06:41:36.388183+00:00
KW-LG-00002,Glutathione Reduced,2026-09-17T06:41:36.388183+00:00
KW-LG-00003,Glutathione Reduced,2026-09-17T06:41:36.388183+00:00
KW-LG-00004,Glutathione Reduced,2026-09-17T06:41:36.388183+00:00
KW-LG-00005,Glutathione Reduced,2026-09-17T06:41:36.388183+00:00
KW-LG-00006,Glutathione Reduced,2026-09-17T06:41:36.388183+00:00
KW-LG-00007,Glutathione Reduced,2026-09-17T06:41:36.388183+00:00
KW-LG-00008,Glutathione Reduced,2026-09-17T06:41:36.388183+00:00
KW-LG-00009,Glutathione Reduced,2026-09-17T06:41:36.388183+00:00
KW-LG-00010,Glutathione Reduced,2026-09-17T06:41:36.388183+00:00
KW-LG-00011,Glutathione Reduced,2026-09-17T06:41:36.388183+00:00
KW-LG-00012,Glutathione Reduced,2026-09-17T06:41:36.388183+00:00
KW-LG-00013,Glutathione Reduced,2026-09-17T06:41:36.388183+00:00
KW-LG-00014,Glutathione Reduced,2026-09-17T06:41:36.388183+00:00
KW-LG-00015,Glutathione Reduced,2026-09-17T06:41:36.388183+00:00
KW-LG-00016,Glutathione Reduced,2026-09-17T06:41:36.388183+00:00
KW-LG-00017,Glutathione Reduced,2026-09-17T06:41:36.388183+00:00
KW-LG-00018,Glutathione Reduced,2026-09-17T06:41:36.388183+00:00
KW-LG-00019,Glutathione Reduced,2026-09-17T06:41:36.388183+00:00
KW-LG-00020,Glutathione Reduced,2026-09-17T06:41:36.388183+00:00
KW-LG-00021,Glutathione Reduced,2026-09-17T06:41:36.388183+00:00
KW-LG-00022,Glutathione Reduced,2026-09-17T06:41:36.388183+00:00
KW-LG-00023,Glutathione Reduced,2026-09-17T06:41:36.388183+00:00
KW-LG-00024,Glutathione Reduced,2026-09-17T06:41:36.388183+00:00
KW-LG-00025,Glutathione Reduced,2026-09-17T06:41:36.388183+00:00
KW-LG-00026,Glutathione Reduced,2026-09-17T06:41:36.388183+00:00
KW-LG-00027,Glutathione Reduced,2026-09-17T06:41:36.388183+00:00
KW-LG-00028,Glutathione Reduced,2026-09-17T06:41:36.388183+00:00
KW-LG-00029,Glutathione Reduced,2026-09-17T06:41:36.388183+00:00
KW-LG-00030,Glutathione Reduced,2026-09-17T06:41:36.388183+00:00
KW-LG-00031,Glutathione Reduced,2026-09-17T06:41:36.388183+00:00
KW-LG-00032,Glutathione Reduced,2026-09-17T06:41:36.388183+00:00
KW-LG-00033,Glutathione Reduced,2026-09-17T06:41:36.388183+00:00
KW-LG-00034,Glutathione Reduced,2026-09-17T06:41:36.388183+00:00
KW-LG-00035,Glutathione Reduced,2026-09-17T06:41:36.388183+00:00
KW-LG-00036,Glutathione Reduced,2026-09-17T06:41:36.388183+00:00
KW-LG-00037,Glutathione Reduced,2026-09-17T06:41:36.388183+00:00
KW-LG-00038,Glutathione Reduced,2026-09-17T06:41:36.388183+00:00
KW-LG-00039,Glutathione Reduced,2026-09-17T06:41:36.388183+00:00
KW-LG-00040,Glutathione Reduced,2026-09-17T06:41:36.388183+00:00
KW-LG-00041,Glutathione Reduced,2026-09-17T06:41:36.388183+00:00
KW-LG-00042,Glutathione Reduced,2026-09-17T06:41:36.388183+00:00
KW-LG-00043,Glutathione Reduced,2026-09-17T06:41:36.388183+00:00
KW-LG-00044,Glutathione Reduced,2026-09-17T06:41:36.388183+00:00
KW-LG-00045,Glutathione Reduced,2026-09-17T06:41:36.388183+00:00
KW-LG-00046,Glutathione Reduced,2026-09-17T06:41:36.388183+00:00
KW-LG-00047,Glutathione Reduced,2026-09-17T06:41:36.388183+00:00
KW-LG-00048,Glutathione Reduced,2026-09-17T06:41:36.388183+00:00
KW-LG-00049,Glutathione Reduced,2026-09-17T06:41:36.388183+00:00
KW-LG-00050,Glutathione Reduced,2026-09-17T06:41:36.388183+00:00
KW-LG-00051,Glutathione Reduced,2026-09-17T06:41:36.388183+00:00
KW-LG-00052,Glutathione Reduced,2026-09-17T06:41:36.388183+00:00
KW-LG-00053,Glutathione Reduced,2026-09-17T06:41:36.388183+00:00
KW-LG-00054,Glutathione Reduced,2026-09-17T06:41:36.388183+00:00
KW-LG-00055,Glutathione Reduced,2026-09-17T06:41:36.388183+00:00
KW-LG-00056,Glutathione Reduced,2026-09-17T06:41:36.388183+00:00
KW-LG-00057,Glutathione Reduced,2026-09-17T06:41:36.388183+00:00
KW-LG-00058,Glutathione Reduced,2026-09-17T06:41:36.388183+00:00
KW-LG-00059,Glutathione Reduced,2026-09-17T06:41:36.388183+00:00
KW-LG-00060,Glutathione Reduced,2026-09-17T06:41:36.388183+00:00
KW-LG-00061,Glutathione Reduced,2026-09-17T06:41:36.388183+00:00
KW-LG-00062,Glutathione Reduced,2026-09-17T06:41:36.388183+00:00
KW-LG-00063,Glutathione Reduced,2026-09-17T06:41:36.388183+00:00
KW-LG-00064,Glutathione Reduced,2026-09-17T06:41:36.388183+00:00
KW-LG-00065,Glutathione Reduced,2026-09-17T06:41:36.388183+00:00
KW-LG-00066,Glutathione Reduced,2026-09-17T06:41:36.388183+00:00
KW-LG-00067,Glutathione Reduced,2026-09-17T06:41:36.388183+00:00
KW-LG-00068,Glutathione Reduced,2026-09-17T06:41:36.388183+00:00
KW-LG-00069,Glutathione Reduced,2026-09-17T06:41:36.388183+00:00
KW-LG-00070,Glutathione Reduced,2026-09-17T06:41:36.388183+00:00
KW-LG-00071,Glutathione Reduced,2026-09-17T06:41:36.388183+00:00
KW-LG-00072,Glutathione Reduced,2026-09-17T06:41:36.388183+00:00
KW-LG-00073,Glutathione Reduced,2026-09-17T06:41:36.388183+00:00
KW-LG-00074,Glutathione Reduced,2026-09-17T06:41:36.388183+00:00
KW-LG-00075,Glutathione Reduced,2026-09-17T06:41:36.388183+00:00
KW-LG-00076,Glutathione Reduced,2026-09-17T06:41:36.388183+00:00
KW-LG-00077,Glutathione Reduced,2026-09-17T06:41:36.388183+00:00
KW-LG-00078,Glutathione Reduced,2026-09-17T06:41:36.388183+00:00
KW-LG-00079,Glutathione Reduced,2026-09-17T06:41:36.388183+00:00
KW-LG-00080,Glutathione Reduced,2026-09-17T06:41:36.388183+00:00
KW-LG-00081,Glutathione Reduced,2026-09-17T06:41:36.388183+00:00
KW-LG-00082,Glutathione Reduced,2026-09-17T06:41:36.388183+00:00
KW-LG-00083,Glutathione Reduced,2026-09-17T06:41:36.388183+00:00
KW-LG-00084,Glutathione Reduced,2026-09-17T06:41:36.388183+00:00
KW-LG-00085,Glutathione Reduced,2026-09-17T06:41:36.388183+00:00
KW-LG-00086,Glutathione Reduced,2026-09-17T06:41:36.388183+00:00
KW-LG-00087,Glutathione Reduced,2026-09-17T06:41:36.388183+00:00
KW-LG-00088,Glutathione Reduced,2026-09-17T06:41:36.388183+00:00
KW-LG-00089,Glutathione Reduced,2026-09-17T06:41:36.388183+00:00
KW-LG-00090,Glutathione Reduced,2026-09-17T06:41:36.388183+00:00
KW-LG-00091,Glutathione Reduced,2026-09-17T06:41:36.388183+00:00
KW-LG-00092,Glutathione Reduced,2026-09-17T06:41:36.388183+00:00
KW-LG-00093,Glutathione Reduced,2026-09-17T06:41:36.388183+00:00
KW-LG-00094,Glutathione Reduced,2026-09-17T06:41:36.388183+00:00
KW-LG-00095,Glutathione Reduced,2026-09-17T06:41:36.388183+00:00
KW-LG-00096,Glutathione Reduced,2026-09-17T06:41:36.388183+00:00
KW-LG-00097,Glutathione Reduced,2026-09-17T06:41:36.388183+00:00
KW-LG-00098,Glutathione Reduced,2026-09-17T06:41:36.388183+00:00
KW-LG-00099,Glutathione Reduced,2026-09-17T06:41:36.388183+00:00
KW-LG-00100,Glutathione Reduced,2026-09-17T06:41:36.388183+00:00
KW-LG-00101,Glutathione Reduced,2026-09-17T06:41:36.388183+00:00
KW-LG-00102,Glutathione Reduced,2026-09-17T06:41:36.388183+00:00
KW-LG-00103,Glutathione Reduced,2026-09-17T06:41:36.388183+00:00
KW-LG-00104,Glutathione Reduced,2026-09-17T06:41:36.388183+00:00
KW-LG-00105,Glutathione Reduced,2026-09-17T06:41:36.388183+00:00
KW-LG-00106,Glutathione Reduced,2026-09-17T06:41:36.388183+00:00
KW-LG-00107,Glutathione Reduced,2026-09-17T06:41:36.388183+00:00
KW-LG-00108,Glutathione Reduced,2026-09-17T06:41:36.388183+00:00
KW-LG-00109,Glutathione Reduced,2026-09-17T06:41:36.388183+00:00
KW-LG-00110,Glutathione Reduced,2026-09-17T06:41:36.388183+00:00
KW-LG-00111,Glutathione Reduced,2026-09-17T06:41:36.388183+00:00
KW-LG-00112,Glutathione Reduced,2026-09-17T06:41:36.388183+00:00
KW-LG-00113,Glutathione Reduced,2026-09-17T06:41:36.388183+00:00
KW-LG-00114,Glutathione Reduced,2026-09-17T06:41:36.388183+00:00
KW-LG-00115,Glutathione Reduced,2026-09-17T06:41:36.388183+00:00
KW-LG-00116,Glutathione Reduced,2026-09-17T06:41:36.388183+00:00
KW-LG-00117,Glutathione Reduced,2026-09-17T06:41:36.388183+00:00
KW-LG-00118,Glutathione Reduced,2026-09-17T06:41:36.388183+00:00
KW-LG-00119,Glutathione Reduced,2026-09-17T06:41:36.388183+00:00
KW-LG-00120,Glutathione Reduced,2026-09-17T06:41:36.388183+00:00
KW-LG-00121,Glutathione Reduced,2026-09-17T06:41:36.388183+00:00
KW-LG-00122,Glutathione Reduced,2026-09-17T06:41:36.388183+00:00
KW-LG-00123,Glutathione Reduced,2026-09-17T06:41:36.388183+00:00
KW-LG-00124,Glutathione Reduced,2026-09-17T06:41:36.388183+00:00
KW-LG-00125,Glutathione Reduced,2026-09-17T06:41:36.388183+00:00
KW-LG-00126,Glutathione Reduced,2026-09-17T06:41:36.388183+00:00
KW-LG-00127,Glutathione Reduced,2026-09-17T06:41:36.388183+00:00
KW-LG-00128,Glutathione Reduced,2026-09-17T06:41:36.388183+00:00
KW-LG-00129,Glutathione Reduced,2026-09-17T06:41:36.388183+00:00
KW-LG-00130,Glutathione Reduced,2026-09-17T06:41:36.388183+00:00
KW-LG-00131,Glutathione Reduced,2026-09-17T06:41:36.388183+00:00
KW-LG-00132,Glutathione Reduced,2026-09-17T06:41:36.388183+00:00
KW-LG-00133,Glutathione Reduced,2026-09-17T06:41:36.388183+00:00
KW-LG-00134,Glutathione Reduced,2026-09-17T06:41:36.388183+00:00
KW-LG-00135,Glutathione Reduced,2026-09-17T06:41:36.388183+00:00
KW-LG-00136,Glutathione Reduced,2026-09-17T06:41:36.388183+00:00
KW-LG-00137,Glutathione Reduced,2026-09-17T06:41:36.388183+00:00
KW-LG-00138,Glutathione Reduced,2026-09-17T06:41:36.388183+00:00
KW-LG-00139,Glutathione Reduced,2026-09-17T06:41:36.388183+00:00
KW-LG-00140,Glutathione Reduced,2026-09-17T06:41:36.388183+00:00
KW-LG-00141,Glutathione Reduced,2026-09-17T06:41:36.388183+00:00
KW-LG-00142,Glutathione Reduced,2026-09-17T06:41:36.388183+00:00
KW-LG-00143,Glutathione Reduced,2026-09-17T06:41:36.388183+00:00
KW-LG-00144,Glutathione Reduced,2026-09-17T06:41:36.388183+00:00
KW-LG-00145,Glutathione Reduced,2026-09-17T06:41:36.388183+00:00
KW-LG-00146,Glutathione Reduced,2026-09-17T06:41:36.388183+00:00
KW-LG-00147,Glutathione Reduced,2026-09-17T06:41:36.388183+00:00
KW-LG-00148,Glutathione Reduced,2026-09-17T06:41:36.388183+00:00
KW-LG-00149,Glutathione Reduced,2026-09-17T06:41:36.388183+00:00
KW-LG-00150,Glutathione Reduced,2026-09-17T06:41:36.388183+00:00
KW-LG-00151,Glutathione Reduced,2026-09-17T06:41:36.388183+00:00
KW-LG-00152,Glutathione Reduced,2026-09-17T06:41:36.388183+00:00
KW-LG-00153,Glutathione Reduced,2026-09-17T06:41:36.388183+00:00
KW-LG-00154,Glutathione Reduced,2026-09-17T06:41:36.388183+00:00
KW-LG-00155,Glutathione Reduced,2026-09-17T06:41:36.388183+00:00
KW-LG-00156,Glutathione Reduced,2026-09-17T06:41:36.388183+00:00
KW-LG-00157,Glutathione Reduced,2026-09-17T06:41:36.388183+00:00
KW-LG-00158,Glutathione Reduced,2026-09-17T06:41:36.388183+00:00
KW-LG-00159,Glutathione Reduced,2026-09-17T06:41:36.388183+00:00
KW-LG-00160,Glutathione Reduced,2026-09-17T06:41:36.388183+00:00
KW-LG-00161,Glutathione Reduced,2026-09-17T06:41:36.388183+00:00
KW-LG-00162,Glutathione Reduced,2026-09-17T06:41:36.388183+00:00
KW-LG-00163,Glutathione Reduced,2026-09-17T06:41:36.388183+00:00
KW-LG-00164,Glutathione Reduced,2026-09-17T06:41:36.388183+00:00
KW-LG-00165,Glutathione Reduced,2026-09-17T06:41:36.388183+00:00
KW-LG-00166,Glutathione Reduced,2026-09-17T06:41:36.388183+00:00
KW-LG-00167,Glutathione Reduced,2026-09-17T06:41:36.388183+00:00
KW-LG-00168,Glutathione Reduced,2026-09-17T06:41:36.388183+00:00
KW-LG-00169,Glutathione Reduced,2026-09-17T06:41:36.388183+00:00
KW-LG-00170,Glutathione Reduced,2026-09-17T06:41:36.388183+00:00
KW-LG-00171,Glutathione Reduced,2026-09-17T06:41:36.388183+00:00
KW-LG-00172,Glutathione Reduced,2026-09-17T06:41:36.388183+00:00
KW-LG-00173,Glutathione Reduced,2026-09-17T06:41:36.388183+00:00
KW-LG-00174,Glutathione Reduced,2026-09-17T06:41:36.388183+00:00
KW-LG-00175,Glutathione Reduced,2026-09-17T06:41:36.388183+00:00
KW-LG-00176,Glutathione Reduced,2026-09-17T06:41:36.388183+00:00
KW-LG-00177,Glutathione Reduced,2026-09-17T06:41:36.388183+00:00
KW-LG-00178,Glutathione Reduced,2026-09-17T06:41:36.388183+00:00
KW-LG-00179,Glutathione Reduced,2026-09-17T06:41:36.388183+00:00
KW-LG-00180,Glutathione Reduced,2026-09-17T06:41:36.388183+00:00
KW-LG-00181,Glutathione Reduced,2026-09-17T06:41:36.388183+00:00
KW-LG-00182,Glutathione Reduced,2026-09-17T06:41:36.388183+00:00
KW-LG-00183,Glutathione Reduced,2026-09-17T06:41:36.388183+00:00
KW-LG-00184,Glutathione Reduced,2026-09-17T06:41:36.388183+00:00
KW-LG-00185,Glutathione Reduced,2026-09-17T06:41:36.388183+00:00
KW-LG-00186,Glutathione Reduced,2026-09-17T06:41:36.388183+00:00
KW-LG-00187,Glutathione Reduced,2026-09-17T06:41:36.388183+00:00
KW-LG-00188,Glutathione Reduced,2026-09-17T06:41:36.388183+00:00
KW-LG-00189,Glutathione Reduced,2026-09-17T06:41:36.388183+00:00
KW-LG-00190,Glutathione Reduced,2026-09-17T06:41:36.388183+00:00
KW-LG-00191,Glutathione Reduced,2026-09-17T06:41:36.388183+00:00
KW-LG-00192,Glutathione Reduced,2026-09-17T06:41:36.388183+00:00
KW-LG-00193,Glutathione Reduced,2026-09-17T06:41:36.388183+00:00
KW-LG-00194,Glutathione Reduced,2026-09-17T06:41:36.388183+00:00
KW-LG-00195,Glutathione Reduced,2026-09-17T06:41:36.388183+00:00
KW-LG-00196,Glutathione Reduced,2026-09-17T06:41:36.388183+00:00
KW-LG-00197,Glutathione Reduced,2026-09-17T06:41:36.388183+00:00
KW-LG-00198,Glutathione Reduced,2026-09-17T06:41:36.388183+00:00
KW-LG-00199,Glutathione Reduced,2026-09-17T06:41:36.388183+00:00
KW-LG-00200,Glutathione Reduced,2026-09-17T06:41:36.388183+00:00
KW-LG-00201,Glutathione Reduced,2026-09-17T06:41:36.388183+00:00
KW-LG-00202,Glutathione Reduced,2026-09-17T06:41:36.388183+00:00
KW-LG-00203,Glutathione Reduced,2026-09-17T06:41:36.388183+00:00
KW-LG-00204,Glutathione Reduced,2026-09-17T06:41:36.388183+00:00
KW-LG-00205,Glutathione Reduced,2026-09-17T06:41:36.388183+00:00
KW-LG-00206,Glutathione Reduced,2026-09-17T06:41:36.388183+00:00
KW-LG-00207,Glutathione Reduced,2026-09-17T06:41:36.388183+00:00
KW-LG-00208,Glutathione Reduced,2026-09-17T06:41:36.388183+00:00
KW-LG-00209,Glutathione Reduced,2026-09-17T06:41:36.388183+00:00
KW-LG-00210,Glutathione Reduced,2026-09-17T06:41:36.388183+00:00
KW-LG-00211,Glutathione Reduced,2026-09-17T06:41:36.388183+00:00
KW-LG-00212,Glutathione Reduced,2026-09-17T06:41:36.388183+00:00
KW-LG-00213,Glutathione Reduced,2026-09-17T06:41:36.388183+00:00
KW-LG-00214,Glutathione Reduced,2026-09-17T06:41:36.388183+00:00
KW-LG-00215,Glutathione Reduced,2026-09-17T06:41:36.388183+00:00
KW-LG-00216,Glutathione Reduced,2026-09-17T06:41:36.388183+00:00
KW-LG-00217,Glutathione Reduced,2026-09-17T06:41:36.388183+00:00
KW-LG-00218,Glutathione Reduced,2026-09-17T06:41:36.388183+00:00
KW-LG-00219,Glutathione Reduced,2026-09-17T06:41:36.388183+00:00
KW-LG-00220,Glutathione Reduced,2026-09-17T06:41:36.388183+00:00
KW-LG-00221,Glutathione Reduced,2026-09-17T06:41:36.388183+00:00
KW-LG-00222,Glutathione Reduced,2026-09-17T06:41:36.388183+00:00
KW-LG-00223,Glutathione Reduced,2026-09-17T06:41:36.388183+00:00
KW-LG-00224,Glutathione Reduced,2026-09-17T06:41:36.388183+00:00
KW-LG-00225,Glutathione Reduced,2026-09-17T06:41:36.388183+00:00
KW-LG-00226,Glutathione Reduced,2026-09-17T06:41:36.388183+00:00
KW-LG-00227,Glutathione Reduced,2026-09-17T06:41:36.388183+00:00
KW-LG-00228,Glutathione Reduced,2026-09-17T06:41:36.388183+00:00
KW-LG-00229,Glutathione Reduced,2026-09-17T06:41:36.388183+00:00
KW-LG-00230,Glutathione Reduced,2026-09-17T06:41:36.388183+00:00
KW-LG-00231,Glutathione Reduced,2026-09-17T06:41:36.388183+00:00
KW-LG-00232,Glutathione Reduced,2026-09-17T06:41:36.388183+00:00
KW-LG-00233,Glutathione Reduced,2026-09-17T06:41:36.388183+00:00
KW-LG-00234,Glutathione Reduced,2026-09-17T06:41:36.388183+00:00
KW-LG-00235,Glutathione Reduced,2026-09-17T06:41:36.388183+00:00
KW-LG-00236,Glutathione Reduced,2026-09-17T06:41:36.388183+00:00
KW-LG-00237,Glutathione Reduced,2026-09-17T06:41:36.388183+00:00
KW-LG-00238,Glutathione Reduced,2026-09-17T06:41:36.388183+00:00
KW-LG-00239,Glutathione Reduced,2026-09-17T06:41:36.388183+00:00
KW-LG-00240,Glutathione Reduced,2026-09-17T06:41:36.388183+00:00
KW-LG-00241,Glutathione Reduced,2026-09-17T06:41:36.388183+00:00
KW-LG-00242,Glutathione Reduced,2026-09-17T06:41:36.388183+00:00
KW-LG-00243,Glutathione Reduced,2026-09-17T06:41:36.388183+00:00
KW-LG-00244,Glutathione Reduced,2026-09-17T06:41:36.388183+00:00
KW-LG-00245,Glutathione Reduced,2026-09-17T06:41:36.388183+00:00
KW-LG-00246,Glutathione Reduced,2026-09-17T06:41:36.388183+00:00
KW-LG-00247,Glutathione Reduced,2026-09-17T06:41:36.388183+00:00
KW-LG-00248,Glutathione Reduced,2026-09-17T06:41:36.388183+00:00
KW-LG-00249,Glutathione Reduced,2026-09-17T06:41:36.388183+00:00
KW-LG-00250,Glutathione Reduced,2026-09-17T06:41:36.388183+00:00
KW-LG-00251,Glutathione Reduced,2026-09-17T06:41:36.388183+00:00
KW-LG-00252,Glutathione Reduced,2026-09-17T06:41:36.388183+00:00
KW-LG-00253,Glutathione Reduced,2026-09-17T06:41:36.388183+00:00
KW-LG-00254,Glutathione Reduced,2026-09-17T06:41:36.388183+00:00
KW-LG-00255,Glutathione Reduced,2026-09-17T06:41:36.388183+00:00
KW-LG-00256,Glutathione Reduced,2026-09-17T06:41:36.388183+00:00
KW-LG-00257,Glutathione Reduced,2026-09-17T06:41:36.388183+00:00
KW-LG-00258,Glutathione Reduced,2026-09-17T06:41:36.388183+00:00
KW-LG-00259,Glutathione Reduced,2026-09-17T06:41:36.388183+00:00
KW-LG-00260,Glutathione Reduced,2026-09-17T06:41:36.388183+00:00
KW-LG-00261,Glutathione Reduced,2026-09-17T06:41:36.388183+00:00
KW-LG-00262,Glutathione Reduced,2026-09-17T06:41:36.388183+00:00
KW-LG-00263,Glutathione Reduced,2026-09-17T06:41:36.388183+00:00
KW-LG-00264,Glutathione Reduced,2026-09-17T06:41:36.388183+00:00
KW-LG-00265,Glutathione Reduced,2026-09-17T06:41:36.388183+00:00
KW-LG-00266,Glutathione Reduced,2026-09-17T06:41:36.388183+00:00
KW-LG-00267,Glutathione Reduced,2026-09-17T06:41:36.388183+00:00
KW-LG-00268,Glutathione Reduced,2026-09-17T06:41:36.388183+00:00
KW-LG-00269,Glutathione Reduced,2026-09-17T06:41:36.388183+00:00
KW-LG-00270,Glutathione Reduced,2026-09-17T06:41:36.388183+00:00
KW-LG-00271,Glutathione Reduced,2026-09-17T06:41:36.388183+00:00
KW-LG-00272,Glutathione Reduced,2026-09-17T06:41:36.388183+00:00
KW-LG-00273,Glutathione Reduced,2026-09-17T06:41:36.388183+00:00
KW-LG-00274,Glutathione Reduced,2026-09-17T06:41:36.388183+00:00
KW-LG-00275,Glutathione Reduced,2026-09-17T06:41:36.388183+00:00
KW-LG-00276,Glutathione Reduced,2026-09-17T06:41:36.388183+00:00
KW-LG-00277,Glutathione Reduced,2026-09-17T06:41:36.388183+00:00
KW-LG-00278,Glutathione Reduced,2026-09-17T06:41:36.388183+00:00
KW-LG-00279,Glutathione Reduced,2026-09-17T06:41:36.388183+00:00
KW-LG-00280,Glutathione Reduced,2026-09-17T06:41:36.388183+00:00
KW-LG-00281,Glutathione Reduced,2026-09-17T06:41:36.388183+00:00
KW-LG-00282,Glutathione Reduced,2026-09-17T06:41:36.388183+00:00
KW-LG-00283,Glutathione Reduced,2026-09-17T06:41:36.388183+00:00
KW-LG-00284,Glutathione Reduced,2026-09-17T06:41:36.388183+00:00
KW-LG-00285,Glutathione Reduced,2026-09-17T06:41:36.388183+00:00
KW-LG-00286,Glutathione Reduced,2026-09-17T06:41:36.388183+00:00
KW-LG-00287,Glutathione Reduced,2026-09-17T06:41:36.388183+00:00
KW-LG-00288,Glutathione Reduced,2026-09-17T06:41:36.388183+00:00
KW-LG-00289,Glutathione Reduced,2026-09-17T06:41:36.388183+00:00
KW-LG-00290,Glutathione Reduced,2026-09-17T06:41:36.388183+00:00
KW-LG-00291,Glutathione Reduced,2026-09-17T06:41:36.388183+00:00
KW-LG-00292,Glutathione Reduced,2026-09-17T06:41:36.388183+00:00
KW-LG-00293,Glutathione Reduced,2026-09-17T06:41:36.388183+00:00
KW-LG-00294,Glutathione Reduced,2026-09-17T06:41:36.388183+00:00
KW-LG-00295,Glutathione Reduced,2026-09-17T06:41:36.388183+00:00
KW-LG-00296,Glutathione Reduced,2026-09-17T06:41:36.388183+00:00
KW-LG-00297,Glutathione Reduced,2026-09-17T06:41:36.388183+00:00
KW-LG-00298,Glutathione Reduced,2026-09-17T06:41:36.388183+00:00
KW-LG-00299,Glutathione Reduced,2026-09-17T06:41:36.388183+00:00
KW-LG-00300,Glutathione Reduced,2026-09-17T06:41:36.388183+00:00
KW-LG-00301,Glutathione Reduced,2026-09-17T06:41:36.388183+00:00
KW-LG-00302,Glutathione Reduced,2026-09-17T06:41:36.388183+00:00
KW-LG-00303,Glutathione Reduced,2026-09-17T06:41:36.388183+00:00
KW-LG-00304,Glutathione Reduced,2026-09-17T06:41:36.388183+00:00
KW-LG-00305,Glutathione Reduced,2026-09-17T06:41:36.388183+00:00
KW-LG-00306,Glutathione Reduced,2026-09-17T06:41:36.388183+00:00
KW-LG-00307,Glutathione Reduced,2026-09-17T06:41:36.388183+00:00
KW-LG-00308,Glutathione Reduced,2026-09-17T06:41:36.388183+00:00
KW-LG-00309,Glutathione Reduced,2026-09-17T06:41:36.388183+00:00
KW-LG-00310,Glutathione Reduced,2026-09-17T06:41:36.388183+00:00
KW-LG-00311,Glutathione Reduced,2026-09-17T06:41:36.388183+00:00
KW-LG-00312,Glutathione Reduced,2026-09-17T06:41:36.388183+00:00
KW-LG-00313,Glutathione Reduced,2026-09-17T06:41:36.388183+00:00
KW-LG-00314,Glutathione Reduced,2026-09-17T06:41:36.388183+00:00
KW-LG-00315,Glutathione Reduced,2026-09-17T06:41:36.388183+00:00
KW-LG-00316,Glutathione Reduced,2026-09-17T06:41:36.388183+00:00
KW-LG-00317,Glutathione Reduced,2026-09-17T06:41:36.388183+00:00
KW-LG-00318,Glutathione Reduced,2026-09-17T06:41:36.388183+00:00
KW-NA-00001,NAC (N-Acetyl Cysteine),2026-09-17T06:41:36.388183+00:00
KW-NA-00002,NAC (N-Acetyl Cysteine),2026-09-17T06:41:36.388183+00:00
KW-NA-00003,NAC (N-Acetyl Cysteine),2026-09-17T06:41:36.388183+00:00
KW-NA-00004,NAC (N-Acetyl Cysteine),2026-09-17T06:41:36.388183+00:00
KW-NA-00005,NAC (N-Acetyl Cysteine),2026-09-17T06:41:36.388183+00:00
KW-NA-00006,NAC (N-Acetyl Cysteine),2026-09-17T06:41:36.388183+00:00
KW-NA-00007,NAC (N-Acetyl Cysteine),2026-09-17T06:41:36.388183+00:00
KW-NA-00008,NAC (N-Acetyl Cysteine),2026-09-17T06:41:36.388183+00:00
KW-NA-00009,NAC (N-Acetyl Cysteine),2026-09-17T06:41:36.388183+00:00
KW-NA-00010,NAC (N-Acetyl Cysteine),2026-09-17T06:41:36.388183+00:00
KW-NA-00011,NAC (N-Acetyl Cysteine),2026-09-17T06:41:36.388183+00:00
KW-NA-00012,NAC (N-Acetyl Cysteine),2026-09-17T06:41:36.388183+00:00
KW-NA-00013,NAC (N-Acetyl Cysteine),2026-09-17T06:41:36.388183+00:00
KW-NA-00014,NAC (N-Acetyl Cysteine),2026-09-17T06:41:36.388183+00:00
KW-NA-00015,NAC (N-Acetyl Cysteine),2026-09-17T06:41:36.388183+00:00
KW-NA-00016,NAC (N-Acetyl Cysteine),2026-09-17T06:41:36.388183+00:00
KW-NA-00017,NAC (N-Acetyl Cysteine),2026-09-17T06:41:36.388183+00:00
KW-NA-00018,NAC (N-Acetyl Cysteine),2026-09-17T06:41:36.388183+00:00
KW-NA-00019,NAC (N-Acetyl Cysteine),2026-09-17T06:41:36.388183+00:00
KW-NA-00020,NAC (N-Acetyl Cysteine),2026-09-17T06:41:36.388183+00:00
KW-NA-00021,NAC (N-Acetyl Cysteine),2026-09-17T06:41:36.388183+00:00
KW-NA-00022,NAC (N-Acetyl Cysteine),2026-09-17T06:41:36.388183+00:00
KW-NA-00023,NAC (N-Acetyl Cysteine),2026-09-17T06:41:36.388183+00:00
KW-NA-00024,NAC (N-Acetyl Cysteine),2026-09-17T06:41:36.388183+00:00
KW-NA-00025,NAC (N-Acetyl Cysteine),2026-09-17T06:41:36.388183+00:00
KW-NA-00026,NAC (N-Acetyl Cysteine),2026-09-17T06:41:36.388183+00:00
KW-NA-00027,NAC (N-Acetyl Cysteine),2026-09-17T06:41:36.388183+00:00
KW-NA-00028,NAC (N-Acetyl Cysteine),2026-09-17T06:41:36.388183+00:00
KW-NA-00029,NAC (N-Acetyl Cysteine),2026-09-17T06:41:36.388183+00:00
KW-NA-00030,NAC (N-Acetyl Cysteine),2026-09-17T06:41:36.388183+00:00
KW-NA-00031,NAC (N-Acetyl Cysteine),2026-09-17T06:41:36.388183+00:00
KW-NA-00032,NAC (N-Acetyl Cysteine),2026-09-17T06:41:36.388183+00:00
KW-NA-00033,NAC (N-Acetyl Cysteine),2026-09-17T06:41:36.388183+00:00
KW-NA-00034,NAC (N-Acetyl Cysteine),2026-09-17T06:41:36.388183+00:00
KW-NA-00035,NAC (N-Acetyl Cysteine),2026-09-17T06:41:36.388183+00:00
KW-NA-00036,NAC (N-Acetyl Cysteine),2026-09-17T06:41:36.388183+00:00
KW-NA-00037,NAC (N-Acetyl Cysteine),2026-09-17T06:41:36.388183+00:00
KW-NA-00038,NAC (N-Acetyl Cysteine),2026-09-17T06:41:36.388183+00:00
KW-NA-00039,NAC (N-Acetyl Cysteine),2026-09-17T06:41:36.388183+00:00
KW-NA-00040,NAC (N-Acetyl Cysteine),2026-09-17T06:41:36.388183+00:00
KW-NA-00041,NAC (N-Acetyl Cysteine),2026-09-17T06:41:36.388183+00:00
KW-NA-00042,NAC (N-Acetyl Cysteine),2026-09-17T06:41:36.388183+00:00
KW-NA-00043,NAC (N-Acetyl Cysteine),2026-09-17T06:41:36.388183+00:00
KW-NA-00044,NAC (N-Acetyl Cysteine),2026-09-17T06:41:36.388183+00:00
KW-NA-00045,NAC (N-Acetyl Cysteine),2026-09-17T06:41:36.388183+00:00
KW-NA-00046,NAC (N-Acetyl Cysteine),2026-09-17T06:41:36.388183+00:00
KW-NA-00047,NAC (N-Acetyl Cysteine),2026-09-17T06:41:36.388183+00:00
KW-NA-00048,NAC (N-Acetyl Cysteine),2026-09-17T06:41:36.388183+00:00
KW-NA-00049,NAC (N-Acetyl Cysteine),2026-09-17T06:41:36.388183+00:00
KW-NA-00050,NAC (N-Acetyl Cysteine),2026-09-17T06:41:36.388183+00:00
KW-NA-00051,NAC (N-Acetyl Cysteine),2026-09-17T06:41:36.388183+00:00
KW-NA-00052,NAC (N-Acetyl Cysteine),2026-09-17T06:41:36.388183+00:00
KW-NA-00053,NAC (N-Acetyl Cysteine),2026-09-17T06:41:36.388183+00:00
KW-NA-00054,NAC (N-Acetyl Cysteine),2026-09-17T06:41:36.388183+00:00
KW-NA-00055,NAC (N-Acetyl Cysteine),2026-09-17T06:41:36.388183+00:00
KW-NA-00056,NAC (N-Acetyl Cysteine),2026-09-17T06:41:36.388183+00:00
KW-NA-00057,NAC (N-Acetyl Cysteine),2026-09-17T06:41:36.388183+00:00
KW-NA-00058,NAC (N-Acetyl Cysteine),2026-09-17T06:41:36.388183+00:00
KW-NA-00059,NAC (N-Acetyl Cysteine),2026-09-17T06:41:36.388183+00:00
KW-NA-00060,NAC (N-Acetyl Cysteine),2026-09-17T06:41:36.388183+00:00
KW-NA-00061,NAC (N-Acetyl Cysteine),2026-09-17T06:41:36.388183+00:00
KW-NA-00062,NAC (N-Acetyl Cysteine),2026-09-17T06:41:36.388183+00:00
KW-NA-00063,NAC (N-Acetyl Cysteine),2026-09-17T06:41:36.388183+00:00
KW-NA-00064,NAC (N-Acetyl Cysteine),2026-09-17T06:41:36.388183+00:00
KW-NA-00065,NAC (N-Acetyl Cysteine),2026-09-17T06:41:36.388183+00:00
KW-NA-00066,NAC (N-Acetyl Cysteine),2026-09-17T06:41:36.388183+00:00
KW-NA-00067,NAC (N-Acetyl Cysteine),2026-09-17T06:41:36.388183+00:00
KW-NA-00068,NAC (N-Acetyl Cysteine),2026-09-17T06:41:36.388183+00:00
KW-NA-00069,NAC (N-Acetyl Cysteine),2026-09-17T06:41:36.388183+00:00
KW-NA-00070,NAC (N-Acetyl Cysteine),2026-09-17T06:41:36.388183+00:00
KW-NA-00071,NAC (N-Acetyl Cysteine),2026-09-17T06:41:36.388183+00:00
KW-NA-00072,NAC (N-Acetyl Cysteine),2026-09-17T06:41:36.388183+00:00
KW-NA-00073,NAC (N-Acetyl Cysteine),2026-09-17T06:41:36.388183+00:00
KW-NA-00074,NAC (N-Acetyl Cysteine),2026-09-17T06:41:36.388183+00:00
KW-NA-00075,NAC (N-Acetyl Cysteine),2026-09-17T06:41:36.388183+00:00
KW-NA-00076,NAC (N-Acetyl Cysteine),2026-09-17T06:41:36.388183+00:00
KW-NA-00077,NAC (N-Acetyl Cysteine),2026-09-17T06:41:36.388183+00:00
KW-NA-00078,NAC (N-Acetyl Cysteine),2026-09-17T06:41:36.388183+00:00
KW-NA-00079,NAC (N-Acetyl Cysteine),2026-09-17T06:41:36.388183+00:00
KW-NA-00080,NAC (N-Acetyl Cysteine),2026-09-17T06:41:36.388183+00:00
KW-NA-00081,NAC (N-Acetyl Cysteine),2026-09-17T06:41:36.388183+00:00
KW-NA-00082,NAC (N-Acetyl Cysteine),2026-09-17T06:41:36.388183+00:00
KW-NA-00083,NAC (N-Acetyl Cysteine),2026-09-17T06:41:36.388183+00:00
KW-NA-00084,NAC (N-Acetyl Cysteine),2026-09-17T06:41:36.388183+00:00
KW-NA-00085,NAC (N-Acetyl Cysteine),2026-09-17T06:41:36.388183+00:00
KW-NA-00086,NAC (N-Acetyl Cysteine),2026-09-17T06:41:36.388183+00:00
KW-NA-00087,NAC (N-Acetyl Cysteine),2026-09-17T06:41:36.388183+00:00
KW-NA-00088,NAC (N-Acetyl Cysteine),2026-09-17T06:41:36.388183+00:00
KW-NA-00089,NAC (N-Acetyl Cysteine),2026-09-17T06:41:36.388183+00:00
KW-NA-00090,NAC (N-Acetyl Cysteine),2026-09-17T06:41:36.388183+00:00
KW-NA-00091,NAC (N-Acetyl Cysteine),2026-09-17T06:41:36.388183+00:00
KW-NA-00092,NAC (N-Acetyl Cysteine),2026-09-17T06:41:36.388183+00:00
KW-NA-00093,NAC (N-Acetyl Cysteine),2026-09-17T06:41:36.388183+00:00
KW-NA-00094,NAC (N-Acetyl Cysteine),2026-09-17T06:41:36.388183+00:00
KW-NA-00095,NAC (N-Acetyl Cysteine),2026-09-17T06:41:36.388183+00:00
KW-NA-00096,NAC (N-Acetyl Cysteine),2026-09-17T06:41:36.388183+00:00
KW-NA-00097,NAC (N-Acetyl Cysteine),2026-09-17T06:41:36.388183+00:00
KW-NA-00098,NAC (N-Acetyl Cysteine),2026-09-17T06:41:36.388183+00:00
KW-NA-00099,NAC (N-Acetyl Cysteine),2026-09-17T06:41:36.388183+00:00
KW-NA-00100,NAC (N-Acetyl Cysteine),2026-09-17T06:41:36.388183+00:00
KW-NA-00101,NAC (N-Acetyl Cysteine),2026-09-17T06:41:36.388183+00:00
KW-NA-00102,NAC (N-Acetyl Cysteine),2026-09-17T06:41:36.388183+00:00
KW-NA-00103,NAC (N-Acetyl Cysteine),2026-09-17T06:41:36.388183+00:00
KW-NA-00104,NAC (N-Acetyl Cysteine),2026-09-17T06:41:36.388183+00:00
KW-NA-00105,NAC (N-Acetyl Cysteine),2026-09-17T06:41:36.388183+00:00
KW-NA-00106,NAC (N-Acetyl Cysteine),2026-09-17T06:41:36.388183+00:00
KW-NA-00107,NAC (N-Acetyl Cysteine),2026-09-17T06:41:36.388183+00:00
KW-NA-00108,NAC (N-Acetyl Cysteine),2026-09-17T06:41:36.388183+00:00
KW-NA-00109,NAC (N-Acetyl Cysteine),2026-09-17T06:41:36.388183+00:00
KW-NA-00110,NAC (N-Acetyl Cysteine),2026-09-17T06:41:36.388183+00:00
KW-NA-00111,NAC (N-Acetyl Cysteine),2026-09-17T06:41:36.388183+00:00
KW-NA-00112,NAC (N-Acetyl Cysteine),2026-09-17T06:41:36.388183+00:00
KW-NA-00113,NAC (N-Acetyl Cysteine),2026-09-17T06:41:36.388183+00:00
KW-NA-00114,NAC (N-Acetyl Cysteine),2026-09-17T06:41:36.388183+00:00
KW-NA-00115,NAC (N-Acetyl Cysteine),2026-09-17T06:41:36.388183+00:00
KW-NA-00116,NAC (N-Acetyl Cysteine),2026-09-17T06:41:36.388183+00:00
KW-NA-00117,NAC (N-Acetyl Cysteine),2026-09-17T06:41:36.388183+00:00
KW-NA-00118,NAC (N-Acetyl Cysteine),2026-09-17T06:41:36.388183+00:00
KW-NA-00119,NAC (N-Acetyl Cysteine),2026-09-17T06:41:36.388183+00:00
KW-NA-00120,NAC (N-Acetyl Cysteine),2026-09-17T06:41:36.388183+00:00
KW-NA-00121,NAC (N-Acetyl Cysteine),2026-09-17T06:41:36.388183+00:00
KW-NA-00122,NAC (N-Acetyl Cysteine),2026-09-17T06:41:36.388183+00:00
KW-NA-00123,NAC (N-Acetyl Cysteine),2026-09-17T06:41:36.388183+00:00
KW-NA-00124,NAC (N-Acetyl Cysteine),2026-09-17T06:41:36.388183+00:00
KW-NA-00125,NAC (N-Acetyl Cysteine),2026-09-17T06:41:36.388183+00:00
KW-NA-00126,NAC (N-Acetyl Cysteine),2026-09-17T06:41:36.388183+00:00
KW-NA-00127,NAC (N-Acetyl Cysteine),2026-09-17T06:41:36.388183+00:00
KW-NA-00128,NAC (N-Acetyl Cysteine),2026-09-17T06:41:36.388183+00:00
KW-NA-00129,NAC (N-Acetyl Cysteine),2026-09-17T06:41:36.388183+00:00
KW-NA-00130,NAC (N-Acetyl Cysteine),2026-09-17T06:41:36.388183+00:00
KW-NA-00131,NAC (N-Acetyl Cysteine),2026-09-17T06:41:36.388183+00:00
KW-NA-00132,NAC (N-Acetyl Cysteine),2026-09-17T06:41:36.388183+00:00
KW-NA-00133,NAC (N-Acetyl Cysteine),2026-09-17T06:41:36.388183+00:00
KW-NA-00134,NAC (N-Acetyl Cysteine),2026-09-17T06:41:36.388183+00:00
KW-NA-00135,NAC (N-Acetyl Cysteine),2026-09-17T06:41:36.388183+00:00
KW-NA-00136,NAC (N-Acetyl Cysteine),2026-09-17T06:41:36.388183+00:00
KW-NA-00137,NAC (N-Acetyl Cysteine),2026-09-17T06:41:36.388183+00:00
KW-NA-00138,NAC (N-Acetyl Cysteine),2026-09-17T06:41:36.388183+00:00
KW-NA-00139,NAC (N-Acetyl Cysteine),2026-09-17T06:41:36.388183+00:00
KW-NA-00140,NAC (N-Acetyl Cysteine),2026-09-17T06:41:36.388183+00:00
KW-NA-00141,NAC (N-Acetyl Cysteine),2026-09-17T06:41:36.388183+00:00
KW-NA-00142,NAC (N-Acetyl Cysteine),2026-09-17T06:41:36.388183+00:00
KW-NA-00143,NAC (N-Acetyl Cysteine),2026-09-17T06:41:36.388183+00:00
KW-NA-00144,NAC (N-Acetyl Cysteine),2026-09-17T06:41:36.388183+00:00
KW-NA-00145,NAC (N-Acetyl Cysteine),2026-09-17T06:41:36.388183+00:00
KW-NA-00146,NAC (N-Acetyl Cysteine),2026-09-17T06:41:36.388183+00:00
KW-NA-00147,NAC (N-Acetyl Cysteine),2026-09-17T06:41:36.388183+00:00
KW-NA-00148,NAC (N-Acetyl Cysteine),2026-09-17T06:41:36.388183+00:00
KW-NA-00149,NAC (N-Acetyl Cysteine),2026-09-17T06:41:36.388183+00:00
KW-NA-00150,NAC (N-Acetyl Cysteine),2026-09-17T06:41:36.388183+00:00
KW-NA-00151,NAC (N-Acetyl Cysteine),2026-09-17T06:41:36.388183+00:00
KW-NA-00152,NAC (N-Acetyl Cysteine),2026-09-17T06:41:36.388183+00:00
KW-NA-00153,NAC (N-Acetyl Cysteine),2026-09-17T06:41:36.388183+00:00
KW-NA-00154,NAC (N-Acetyl Cysteine),2026-09-17T06:41:36.388183+00:00
KW-NA-00155,NAC (N-Acetyl Cysteine),2026-09-17T06:41:36.388183+00:00
KW-NA-00156,NAC (N-Acetyl Cysteine),2026-09-17T06:41:36.388183+00:00
KW-NA-00157,NAC (N-Acetyl Cysteine),2026-09-17T06:41:36.388183+00:00
KW-NA-00158,NAC (N-Acetyl Cysteine),2026-09-17T06:41:36.388183+00:00
KW-NA-00159,NAC (N-Acetyl Cysteine),2026-09-17T06:41:36.388183+00:00
KW-NA-00160,NAC (N-Acetyl Cysteine),2026-09-17T06:41:36.388183+00:00
KW-NA-00161,NAC (N-Acetyl Cysteine),2026-09-17T06:41:36.388183+00:00
KW-NA-00162,NAC (N-Acetyl Cysteine),2026-09-17T06:41:36.388183+00:00
KW-NA-00163,NAC (N-Acetyl Cysteine),2026-09-17T06:41:36.388183+00:00
KW-NA-00164,NAC (N-Acetyl Cysteine),2026-09-17T06:41:36.388183+00:00
KW-NA-00165,NAC (N-Acetyl Cysteine),2026-09-17T06:41:36.388183+00:00
KW-NA-00166,NAC (N-Acetyl Cysteine),2026-09-17T06:41:36.388183+00:00
KW-NA-00167,NAC (N-Acetyl Cysteine),2026-09-17T06:41:36.388183+00:00
KW-NA-00168,NAC (N-Acetyl Cysteine),2026-09-17T06:41:36.388183+00:00
KW-NA-00169,NAC (N-Acetyl Cysteine),2026-09-17T06:41:36.388183+00:00
KW-NA-00170,NAC (N-Acetyl Cysteine),2026-09-17T06:41:36.388183+00:00
KW-NA-00171,NAC (N-Acetyl Cysteine),2026-09-17T06:41:36.388183+00:00
KW-NA-00172,NAC (N-Acetyl Cysteine),2026-09-17T06:41:36.388183+00:00
KW-NA-00173,NAC (N-Acetyl Cysteine),2026-09-17T06:41:36.388183+00:00
KW-NA-00174,NAC (N-Acetyl Cysteine),2026-09-17T06:41:36.388183+00:00
KW-NA-00175,NAC (N-Acetyl Cysteine),2026-09-17T06:41:36.388183+00:00
KW-NA-00176,NAC (N-Acetyl Cysteine),2026-09-17T06:41:36.388183+00:00
KW-NA-00177,NAC (N-Acetyl Cysteine),2026-09-17T06:41:36.388183+00:00
KW-NA-00178,NAC (N-Acetyl Cysteine),2026-09-17T06:41:36.388183+00:00
KW-NA-00179,NAC (N-Acetyl Cysteine),2026-09-17T06:41:36.388183+00:00
KW-NA-00180,NAC (N-Acetyl Cysteine),2026-09-17T06:41:36.388183+00:00
KW-NA-00181,NAC (N-Acetyl Cysteine),2026-09-17T06:41:36.388183+00:00
KW-NA-00182,NAC (N-Acetyl Cysteine),2026-09-17T06:41:36.388183+00:00
KW-NA-00183,NAC (N-Acetyl Cysteine),2026-09-17T06:41:36.388183+00:00
KW-NA-00184,NAC (N-Acetyl Cysteine),2026-09-17T06:41:36.388183+00:00
KW-NA-00185,NAC (N-Acetyl Cysteine),2026-09-17T06:41:36.388183+00:00
KW-NA-00186,NAC (N-Acetyl Cysteine),2026-09-17T06:41:36.388183+00:00
KW-NA-00187,NAC (N-Acetyl Cysteine),2026-09-17T06:41:36.388183+00:00
KW-NA-00188,NAC (N-Acetyl Cysteine),2026-09-17T06:41:36.388183+00:00
KW-NA-00189,NAC (N-Acetyl Cysteine),2026-09-17T06:41:36.388183+00:00
KW-NA-00190,NAC (N-Acetyl Cysteine),2026-09-17T06:41:36.388183+00:00
KW-NA-00191,NAC (N-Acetyl Cysteine),2026-09-17T06:41:36.388183+00:00
KW-NA-00192,NAC (N-Acetyl Cysteine),2026-09-17T06:41:36.388183+00:00
KW-NA-00193,NAC (N-Acetyl Cysteine),2026-09-17T06:41:36.388183+00:00
KW-NA-00194,NAC (N-Acetyl Cysteine),2026-09-17T06:41:36.388183+00:00
KW-NA-00195,NAC (N-Acetyl Cysteine),2026-09-17T06:41:36.388183+00:00
KW-NA-00196,NAC (N-Acetyl Cysteine),2026-09-17T06:41:36.388183+00:00
KW-NA-00197,NAC (N-Acetyl Cysteine),2026-09-17T06:41:36.388183+00:00
KW-NA-00198,NAC (N-Acetyl Cysteine),2026-09-17T06:41:36.388183+00:00
KW-NA-00199,NAC (N-Acetyl Cysteine),2026-09-17T06:41:36.388183+00:00
KW-NA-00200,NAC (N-Acetyl Cysteine),2026-09-17T06:41:36.388183+00:00
KW-NA-00201,NAC (N-Acetyl Cysteine),2026-09-17T06:41:36.388183+00:00
KW-NA-00202,NAC (N-Acetyl Cysteine),2026-09-17T06:41:36.388183+00:00
KW-NA-00203,NAC (N-Acetyl Cysteine),2026-09-17T06:41:36.388183+00:00
KW-NA-00204,NAC (N-Acetyl Cysteine),2026-09-17T06:41:36.388183+00:00
KW-NA-00205,NAC (N-Acetyl Cysteine),2026-09-17T06:41:36.388183+00:00
KW-NA-00206,NAC (N-Acetyl Cysteine),2026-09-17T06:41:36.388183+00:00
KW-NA-00207,NAC (N-Acetyl Cysteine),2026-09-17T06:41:36.388183+00:00
KW-NA-00208,NAC (N-Acetyl Cysteine),2026-09-17T06:41:36.388183+00:00
KW-NA-00209,NAC (N-Acetyl Cysteine),2026-09-17T06:41:36.388183+00:00
KW-NA-00210,NAC (N-Acetyl Cysteine),2026-09-17T06:41:36.388183+00:00
KW-NA-00211,NAC (N-Acetyl Cysteine),2026-09-17T06:41:36.388183+00:00
KW-NA-00212,NAC (N-Acetyl Cysteine),2026-09-17T06:41:36.388183+00:00
KW-NA-00213,NAC (N-Acetyl Cysteine),2026-09-17T06:41:36.388183+00:00
KW-NA-00214,NAC (N-Acetyl Cysteine),2026-09-17T06:41:36.388183+00:00
KW-NA-00215,NAC (N-Acetyl Cysteine),2026-09-17T06:41:36.388183+00:00
KW-NA-00216,NAC (N-Acetyl Cysteine),2026-09-17T06:41:36.388183+00:00
KW-NA-00217,NAC (N-Acetyl Cysteine),2026-09-17T06:41:36.388183+00:00
KW-NA-00218,NAC (N-Acetyl Cysteine),2026-09-17T06:41:36.388183+00:00
KW-NA-00219,NAC (N-Acetyl Cysteine),2026-09-17T06:41:36.388183+00:00
KW-NA-00220,NAC (N-Acetyl Cysteine),2026-09-17T06:41:36.388183+00:00
KW-NA-00221,NAC (N-Acetyl Cysteine),2026-09-17T06:41:36.388183+00:00
KW-NA-00222,NAC (N-Acetyl Cysteine),2026-09-17T06:41:36.388183+00:00
KW-NA-00223,NAC (N-Acetyl Cysteine),2026-09-17T06:41:36.388183+00:00
KW-NA-00224,NAC (N-Acetyl Cysteine),2026-09-17T06:41:36.388183+00:00
KW-NA-00225,NAC (N-Acetyl Cysteine),2026-09-17T06:41:36.388183+00:00
KW-NA-00226,NAC (N-Acetyl Cysteine),2026-09-17T06:41:36.388183+00:00
KW-NA-00227,NAC (N-Acetyl Cysteine),2026-09-17T06:41:36.388183+00:00
KW-NA-00228,NAC (N-Acetyl Cysteine),2026-09-17T06:41:36.388183+00:00
KW-NA-00229,NAC (N-Acetyl Cysteine),2026-09-17T06:41:36.388183+00:00
KW-NA-00230,NAC (N-Acetyl Cysteine),2026-09-17T06:41:36.388183+00:00
KW-NA-00231,NAC (N-Acetyl Cysteine),2026-09-17T06:41:36.388183+00:00
KW-NA-00232,NAC (N-Acetyl Cysteine),2026-09-17T06:41:36.388183+00:00
KW-NA-00233,NAC (N-Acetyl Cysteine),2026-09-17T06:41:36.388183+00:00
KW-NA-00234,NAC (N-Acetyl Cysteine),2026-09-17T06:41:36.388183+00:00
KW-NA-00235,NAC (N-Acetyl Cysteine),2026-09-17T06:41:36.388183+00:00
KW-NA-00236,NAC (N-Acetyl Cysteine),2026-09-17T06:41:36.388183+00:00
KW-NA-00237,NAC (N-Acetyl Cysteine),2026-09-17T06:41:36.388183+00:00
KW-NA-00238,NAC (N-Acetyl Cysteine),2026-09-17T06:41:36.388183+00:00
KW-NA-00239,NAC (N-Acetyl Cysteine),2026-09-17T06:41:36.388183+00:00
KW-NA-00240,NAC (N-Acetyl Cysteine),2026-09-17T06:41:36.388183+00:00
KW-NA-00241,NAC (N-Acetyl Cysteine),2026-09-17T06:41:36.388183+00:00
KW-NA-00242,NAC (N-Acetyl Cysteine),2026-09-17T06:41:36.388183+00:00
KW-NA-00243,NAC (N-Acetyl Cysteine),2026-09-17T06:41:36.388183+00:00
KW-NA-00244,NAC (N-Acetyl Cysteine),2026-09-17T06:41:36.388183+00:00
KW-NA-00245,NAC (N-Acetyl Cysteine),2026-09-17T06:41:36.388183+00:00
KW-NA-00246,NAC (N-Acetyl Cysteine),2026-09-17T06:41:36.388183+00:00
KW-NA-00247,NAC (N-Acetyl Cysteine),2026-09-17T06:41:36.388183+00:00
KW-NA-00248,NAC (N-Acetyl Cysteine),2026-09-17T06:41:36.388183+00:00
KW-NA-00249,NAC (N-Acetyl Cysteine),2026-09-17T06:41:36.388183+00:00
KW-NA-00250,NAC (N-Acetyl Cysteine),2026-09-17T06:41:36.388183+00:00
KW-NA-00251,NAC (N-Acetyl Cysteine),2026-09-17T06:41:36.388183+00:00
KW-NA-00252,NAC (N-Acetyl Cysteine),2026-09-17T06:41:36.388183+00:00
KW-NA-00253,NAC (N-Acetyl Cysteine),2026-09-17T06:41:36.388183+00:00
KW-NA-00254,NAC (N-Acetyl Cysteine),2026-09-17T06:41:36.388183+00:00
KW-NA-00255,NAC (N-Acetyl Cysteine),2026-09-17T06:41:36.388183+00:00
KW-NA-00256,NAC (N-Acetyl Cysteine),2026-09-17T06:41:36.388183+00:00
KW-NA-00257,NAC (N-Acetyl Cysteine),2026-09-17T06:41:36.388183+00:00
KW-NA-00258,NAC (N-Acetyl Cysteine),2026-09-17T06:41:36.388183+00:00
KW-NA-00259,NAC (N-Acetyl Cysteine),2026-09-17T06:41:36.388183+00:00
KW-NA-00260,NAC (N-Acetyl Cysteine),2026-09-17T06:41:36.388183+00:00
KW-NA-00261,NAC (N-Acetyl Cysteine),2026-09-17T06:41:36.388183+00:00
KW-NA-00262,NAC (N-Acetyl Cysteine),2026-09-17T06:41:36.388183+00:00
KW-NA-00263,NAC (N-Acetyl Cysteine),2026-09-17T06:41:36.388183+00:00
KW-NA-00264,NAC (N-Acetyl Cysteine),2026-09-17T06:41:36.388183+00:00
KW-NA-00265,NAC (N-Acetyl Cysteine),2026-09-17T06:41:36.388183+00:00
KW-NA-00266,NAC (N-Acetyl Cysteine),2026-09-17T06:41:36.388183+00:00
KW-NA-00267,NAC (N-Acetyl Cysteine),2026-09-17T06:41:36.388183+00:00
KW-NA-00268,NAC (N-Acetyl Cysteine),2026-09-17T06:41:36.388183+00:00
KW-NA-00269,NAC (N-Acetyl Cysteine),2026-09-17T06:41:36.388183+00:00
KW-NA-00270,NAC (N-Acetyl Cysteine),2026-09-17T06:41:36.388183+00:00
KW-NA-00271,NAC (N-Acetyl Cysteine),2026-09-17T06:41:36.388183+00:00
KW-NA-00272,NAC (N-Acetyl Cysteine),2026-09-17T06:41:36.388183+00:00
KW-NA-00273,NAC (N-Acetyl Cysteine),2026-09-17T06:41:36.388183+00:00
KW-NA-00274,NAC (N-Acetyl Cysteine),2026-09-17T06:41:36.388183+00:00
KW-NA-00275,NAC (N-Acetyl Cysteine),2026-09-17T06:41:36.388183+00:00
KW-NA-00276,NAC (N-Acetyl Cysteine),2026-09-17T06:41:36.388183+00:00
KW-NA-00277,NAC (N-Acetyl Cysteine),2026-09-17T06:41:36.388183+00:00
KW-NA-00278,NAC (N-Acetyl Cysteine),2026-09-17T06:41:36.388183+00:00
KW-NA-00279,NAC (N-Acetyl Cysteine),2026-09-17T06:41:36.388183+00:00
KW-NA-00280,NAC (N-Acetyl Cysteine),2026-09-17T06:41:36.388183+00:00
KW-NA-00281,NAC (N-Acetyl Cysteine),2026-09-17T06:41:36.388183+00:00
KW-NA-00282,NAC (N-Acetyl Cysteine),2026-09-17T06:41:36.388183+00:00
KW-NA-00283,NAC (N-Acetyl Cysteine),2026-09-17T06:41:36.388183+00:00
KW-NA-00284,NAC (N-Acetyl Cysteine),2026-09-17T06:41:36.388183+00:00
KW-NA-00285,NAC (N-Acetyl Cysteine),2026-09-17T06:41:36.388183+00:00
KW-NA-00286,NAC (N-Acetyl Cysteine),2026-09-17T06:41:36.388183+00:00
KW-NA-00287,NAC (N-Acetyl Cysteine),2026-09-17T06:41:36.388183+00:00
KW-NA-00288,NAC (N-Acetyl Cysteine),2026-09-17T06:41:36.388183+00:00
KW-NA-00289,NAC (N-Acetyl Cysteine),2026-09-17T06:41:36.388183+00:00
KW-NA-00290,NAC (N-Acetyl Cysteine),2026-09-17T06:41:36.388183+00:00
KW-NA-00291,NAC (N-Acetyl Cysteine),2026-09-17T06:41:36.388183+00:00
KW-NA-00292,NAC (N-Acetyl Cysteine),2026-09-17T06:41:36.388183+00:00
KW-NA-00293,NAC (N-Acetyl Cysteine),2026-09-17T06:41:36.388183+00:00
KW-NA-00294,NAC (N-Acetyl Cysteine),2026-09-17T06:41:36.388183+00:00
KW-NA-00295,NAC (N-Acetyl Cysteine),2026-09-17T06:41:36.388183+00:00
KW-NA-00296,NAC (N-Acetyl Cysteine),2026-09-17T06:41:36.388183+00:00
KW-NA-00297,NAC (N-Acetyl Cysteine),2026-09-17T06:41:36.388183+00:00
KW-NA-00298,NAC (N-Acetyl Cysteine),2026-09-17T06:41:36.388183+00:00
KW-NA-00299,NAC (N-Acetyl Cysteine),2026-09-17T06:41:36.388183+00:00
KW-NA-00300,NAC (N-Acetyl Cysteine),2026-09-17T06:41:36.388183+00:00
KW-VB-00001,Vitamin B12 (Methylcobalamin),2026-09-17T06:41:36.388183+00:00
KW-VB-00002,Vitamin B12 (Methylcobalamin),2026-09-17T06:41:36.388183+00:00
KW-VB-00003,Vitamin B12 (Methylcobalamin),2026-09-17T06:41:36.388183+00:00
KW-VB-00004,Vitamin B12 (Methylcobalamin),2026-09-17T06:41:36.388183+00:00
KW-VB-00005,Vitamin B12 (Methylcobalamin),2026-09-17T06:41:36.388183+00:00
KW-VB-00006,Vitamin B12 (Methylcobalamin),2026-09-17T06:41:36.388183+00:00
KW-VB-00007,Vitamin B12 (Methylcobalamin),2026-09-17T06:41:36.388183+00:00
KW-VB-00008,Vitamin B12 (Methylcobalamin),2026-09-17T06:41:36.388183+00:00
KW-VB-00009,Vitamin B12 (Methylcobalamin),2026-09-17T06:41:36.388183+00:00
KW-VB-00010,Vitamin B12 (Methylcobalamin),2026-09-17T06:41:36.388183+00:00
KW-VB-00011,Vitamin B12 (Methylcobalamin),2026-09-17T06:41:36.388183+00:00
KW-VB-00012,Vitamin B12 (Methylcobalamin),2026-09-17T06:41:36.388183+00:00
KW-VB-00013,Vitamin B12 (Methylcobalamin),2026-09-17T06:41:36.388183+00:00
KW-VB-00014,Vitamin B12 (Methylcobalamin),2026-09-17T06:41:37.002466+00:00
KW-VB-00015,Vitamin B12 (Methylcobalamin),2026-09-17T06:41:37.002466+00:00
KW-VB-00016,Vitamin B12 (Methylcobalamin),2026-09-17T06:41:37.002466+00:00
KW-VB-00017,Vitamin B12 (Methylcobalamin),2026-09-17T06:41:37.002466+00:00
KW-VB-00018,Vitamin B12 (Methylcobalamin),2026-09-17T06:41:37.002466+00:00
KW-VB-00019,Vitamin B12 (Methylcobalamin),2026-09-17T06:41:37.002466+00:00
KW-VB-00020,Vitamin B12 (Methylcobalamin),2026-09-17T06:41:37.002466+00:00
KW-VB-00021,Vitamin B12 (Methylcobalamin),2026-09-17T06:41:37.002466+00:00
KW-VB-00022,Vitamin B12 (Methylcobalamin),2026-09-17T06:41:37.002466+00:00
KW-VB-00023,Vitamin B12 (Methylcobalamin),2026-09-17T06:41:37.002466+00:00
KW-VB-00024,Vitamin B12 (Methylcobalamin),2026-09-17T06:41:37.002466+00:00
KW-VB-00025,Vitamin B12 (Methylcobalamin),2026-09-17T06:41:37.002466+00:00
KW-VB-00026,Vitamin B12 (Methylcobalamin),2026-09-17T06:41:37.002466+00:00
KW-VB-00027,Vitamin B12 (Methylcobalamin),2026-09-17T06:41:37.002466+00:00
KW-VB-00028,Vitamin B12 (Methylcobalamin),2026-09-17T06:41:37.002466+00:00
KW-VB-00029,Vitamin B12 (Methylcobalamin),2026-09-17T06:41:37.002466+00:00
KW-VB-00030,Vitamin B12 (Methylcobalamin),2026-09-17T06:41:37.002466+00:00
KW-VB-00031,Vitamin B12 (Methylcobalamin),2026-09-17T06:41:37.002466+00:00
KW-VB-00032,Vitamin B12 (Methylcobalamin),2026-09-17T06:41:37.002466+00:00
KW-VB-00033,Vitamin B12 (Methylcobalamin),2026-09-17T06:41:37.002466+00:00
KW-VB-00034,Vitamin B12 (Methylcobalamin),2026-09-17T06:41:37.002466+00:00
KW-VB-00035,Vitamin B12 (Methylcobalamin),2026-09-17T06:41:37.002466+00:00
KW-VB-00036,Vitamin B12 (Methylcobalamin),2026-09-17T06:41:37.002466+00:00
KW-VB-00037,Vitamin B12 (Methylcobalamin),2026-09-17T06:41:37.002466+00:00
KW-VB-00038,Vitamin B12 (Methylcobalamin),2026-09-17T06:41:37.002466+00:00
KW-VB-00039,Vitamin B12 (Methylcobalamin),2026-09-17T06:41:37.002466+00:00
KW-VB-00040,Vitamin B12 (Methylcobalamin),2026-09-17T06:41:37.002466+00:00
KW-VB-00041,Vitamin B12 (Methylcobalamin),2026-09-17T06:41:37.002466+00:00
KW-VB-00042,Vitamin B12 (Methylcobalamin),2026-09-17T06:41:37.002466+00:00
KW-VB-00043,Vitamin B12 (Methylcobalamin),2026-09-17T06:41:37.002466+00:00
KW-VB-00044,Vitamin B12 (Methylcobalamin),2026-09-17T06:41:37.002466+00:00
KW-VB-00045,Vitamin B12 (Methylcobalamin),2026-09-17T06:41:37.002466+00:00
KW-VB-00046,Vitamin B12 (Methylcobalamin),2026-09-17T06:41:37.002466+00:00
KW-VB-00047,Vitamin B12 (Methylcobalamin),2026-09-17T06:41:37.002466+00:00
KW-VB-00048,Vitamin B12 (Methylcobalamin),2026-09-17T06:41:37.002466+00:00
KW-VB-00049,Vitamin B12 (Methylcobalamin),2026-09-17T06:41:37.002466+00:00
KW-VB-00050,Vitamin B12 (Methylcobalamin),2026-09-17T06:41:37.002466+00:00
KW-VB-00051,Vitamin B12 (Methylcobalamin),2026-09-17T06:41:37.002466+00:00
KW-VB-00052,Vitamin B12 (Methylcobalamin),2026-09-17T06:41:37.002466+00:00
KW-VB-00053,Vitamin B12 (Methylcobalamin),2026-09-17T06:41:37.002466+00:00
KW-VB-00054,Vitamin B12 (Methylcobalamin),2026-09-17T06:41:37.002466+00:00
KW-VB-00055,Vitamin B12 (Methylcobalamin),2026-09-17T06:41:37.002466+00:00
KW-VB-00056,Vitamin B12 (Methylcobalamin),2026-09-17T06:41:37.002466+00:00
KW-VB-00057,Vitamin B12 (Methylcobalamin),2026-09-17T06:41:37.002466+00:00
KW-VB-00058,Vitamin B12 (Methylcobalamin),2026-09-17T06:41:37.002466+00:00
KW-VB-00059,Vitamin B12 (Methylcobalamin),2026-09-17T06:41:37.002466+00:00
KW-VB-00060,Vitamin B12 (Methylcobalamin),2026-09-17T06:41:37.002466+00:00
KW-VB-00061,Vitamin B12 (Methylcobalamin),2026-09-17T06:41:37.002466+00:00
KW-VB-00062,Vitamin B12 (Methylcobalamin),2026-09-17T06:41:37.002466+00:00
KW-VB-00063,Vitamin B12 (Methylcobalamin),2026-09-17T06:41:37.002466+00:00
KW-VB-00064,Vitamin B12 (Methylcobalamin),2026-09-17T06:41:37.002466+00:00
KW-VB-00065,Vitamin B12 (Methylcobalamin),2026-09-17T06:41:37.002466+00:00
KW-VB-00066,Vitamin B12 (Methylcobalamin),2026-09-17T06:41:37.002466+00:00
KW-VB-00067,Vitamin B12 (Methylcobalamin),2026-09-17T06:41:37.002466+00:00
KW-VB-00068,Vitamin B12 (Methylcobalamin),2026-09-17T06:41:37.002466+00:00
KW-VB-00069,Vitamin B12 (Methylcobalamin),2026-09-17T06:41:37.002466+00:00
KW-VB-00070,Vitamin B12 (Methylcobalamin),2026-09-17T06:41:37.002466+00:00
KW-VB-00071,Vitamin B12 (Methylcobalamin),2026-09-17T06:41:37.002466+00:00
KW-VB-00072,Vitamin B12 (Methylcobalamin),2026-09-17T06:41:37.002466+00:00
KW-VB-00073,Vitamin B12 (Methylcobalamin),2026-09-17T06:41:37.002466+00:00
KW-VB-00074,Vitamin B12 (Methylcobalamin),2026-09-17T06:41:37.002466+00:00
KW-VB-00075,Vitamin B12 (Methylcobalamin),2026-09-17T06:41:37.002466+00:00
KW-VB-00076,Vitamin B12 (Methylcobalamin),2026-09-17T06:41:37.002466+00:00
KW-VB-00077,Vitamin B12 (Methylcobalamin),2026-09-17T06:41:37.002466+00:00
KW-VB-00078,Vitamin B12 (Methylcobalamin),2026-09-17T06:41:37.002466+00:00
KW-VB-00079,Vitamin B12 (Methylcobalamin),2026-09-17T06:41:37.002466+00:00
KW-VB-00080,Vitamin B12 (Methylcobalamin),2026-09-17T06:41:37.002466+00:00
KW-VB-00081,Vitamin B12 (Methylcobalamin),2026-09-17T06:41:37.002466+00:00
KW-VB-00082,Vitamin B12 (Methylcobalamin),2026-09-17T06:41:37.002466+00:00
KW-VB-00083,Vitamin B12 (Methylcobalamin),2026-09-17T06:41:37.002466+00:00
KW-VB-00084,Vitamin B12 (Methylcobalamin),2026-09-17T06:41:37.002466+00:00
KW-VB-00085,Vitamin B12 (Methylcobalamin),2026-09-17T06:41:37.002466+00:00
KW-VB-00086,Vitamin B12 (Methylcobalamin),2026-09-17T06:41:37.002466+00:00
KW-VB-00087,Vitamin B12 (Methylcobalamin),2026-09-17T06:41:37.002466+00:00
KW-VB-00088,Vitamin B12 (Methylcobalamin),2026-09-17T06:41:37.002466+00:00
KW-VB-00089,Vitamin B12 (Methylcobalamin),2026-09-17T06:41:37.002466+00:00
KW-VB-00090,Vitamin B12 (Methylcobalamin),2026-09-17T06:41:37.002466+00:00
KW-VB-00091,Vitamin B12 (Methylcobalamin),2026-09-17T06:41:37.002466+00:00
KW-VB-00092,Vitamin B12 (Methylcobalamin),2026-09-17T06:41:37.002466+00:00
KW-VB-00093,Vitamin B12 (Methylcobalamin),2026-09-17T06:41:37.002466+00:00
KW-VB-00094,Vitamin B12 (Methylcobalamin),2026-09-17T06:41:37.002466+00:00
KW-VB-00095,Vitamin B12 (Methylcobalamin),2026-09-17T06:41:37.002466+00:00
KW-VB-00096,Vitamin B12 (Methylcobalamin),2026-09-17T06:41:37.002466+00:00
KW-VB-00097,Vitamin B12 (Methylcobalamin),2026-09-17T06:41:37.002466+00:00
KW-VB-00098,Vitamin B12 (Methylcobalamin),2026-09-17T06:41:37.002466+00:00
KW-VB-00099,Vitamin B12 (Methylcobalamin),2026-09-17T06:41:37.002466+00:00
KW-VB-00100,Vitamin B12 (Methylcobalamin),2026-09-17T06:41:37.002466+00:00
KW-VB-00101,Vitamin B12 (Methylcobalamin),2026-09-17T06:41:37.002466+00:00
KW-VB-00102,Vitamin B12 (Methylcobalamin),2026-09-17T06:41:37.002466+00:00
KW-VB-00103,Vitamin B12 (Methylcobalamin),2026-09-17T06:41:37.002466+00:00
KW-VB-00104,Vitamin B12 (Methylcobalamin),2026-09-17T06:41:37.002466+00:00
KW-VB-00105,Vitamin B12 (Methylcobalamin),2026-09-17T06:41:37.002466+00:00
KW-VB-00106,Vitamin B12 (Methylcobalamin),2026-09-17T06:41:37.002466+00:00
KW-VB-00107,Vitamin B12 (Methylcobalamin),2026-09-17T06:41:37.002466+00:00
KW-VB-00108,Vitamin B12 (Methylcobalamin),2026-09-17T06:41:37.002466+00:00
KW-VB-00109,Vitamin B12 (Methylcobalamin),2026-09-17T06:41:37.002466+00:00
KW-VB-00110,Vitamin B12 (Methylcobalamin),2026-09-17T06:41:37.002466+00:00
KW-VB-00111,Vitamin B12 (Methylcobalamin),2026-09-17T06:41:37.002466+00:00
KW-VB-00112,Vitamin B12 (Methylcobalamin),2026-09-17T06:41:37.002466+00:00
KW-VB-00113,Vitamin B12 (Methylcobalamin),2026-09-17T06:41:37.002466+00:00
KW-VB-00114,Vitamin B12 (Methylcobalamin),2026-09-17T06:41:37.002466+00:00
KW-VB-00115,Vitamin B12 (Methylcobalamin),2026-09-17T06:41:37.002466+00:00
KW-VB-00116,Vitamin B12 (Methylcobalamin),2026-09-17T06:41:37.002466+00:00
KW-VB-00117,Vitamin B12 (Methylcobalamin),2026-09-17T06:41:37.002466+00:00
KW-VB-00118,Vitamin B12 (Methylcobalamin),2026-09-17T06:41:37.002466+00:00
KW-VB-00119,Vitamin B12 (Methylcobalamin),2026-09-17T06:41:37.002466+00:00
KW-VB-00120,Vitamin B12 (Methylcobalamin),2026-09-17T06:41:37.002466+00:00
KW-VB-00121,Vitamin B12 (Methylcobalamin),2026-09-17T06:41:37.002466+00:00
KW-VB-00122,Vitamin B12 (Methylcobalamin),2026-09-17T06:41:37.002466+00:00
KW-VB-00123,Vitamin B12 (Methylcobalamin),2026-09-17T06:41:37.002466+00:00
KW-VB-00124,Vitamin B12 (Methylcobalamin),2026-09-17T06:41:37.002466+00:00
KW-VB-00125,Vitamin B12 (Methylcobalamin),2026-09-17T06:41:37.002466+00:00
KW-VB-00126,Vitamin B12 (Methylcobalamin),2026-09-17T06:41:37.002466+00:00
KW-VB-00127,Vitamin B12 (Methylcobalamin),2026-09-17T06:41:37.002466+00:00
KW-VB-00128,Vitamin B12 (Methylcobalamin),2026-09-17T06:41:37.002466+00:00
KW-VB-00129,Vitamin B12 (Methylcobalamin),2026-09-17T06:41:37.002466+00:00
KW-VB-00130,Vitamin B12 (Methylcobalamin),2026-09-17T06:41:37.002466+00:00
KW-VB-00131,Vitamin B12 (Methylcobalamin),2026-09-17T06:41:37.002466+00:00
KW-VB-00132,Vitamin B12 (Methylcobalamin),2026-09-17T06:41:37.002466+00:00
KW-VB-00133,Vitamin B12 (Methylcobalamin),2026-09-17T06:41:37.002466+00:00
KW-VB-00134,Vitamin B12 (Methylcobalamin),2026-09-17T06:41:37.002466+00:00
KW-VB-00135,Vitamin B12 (Methylcobalamin),2026-09-17T06:41:37.002466+00:00
KW-VB-00136,Vitamin B12 (Methylcobalamin),2026-09-17T06:41:37.002466+00:00
KW-VB-00137,Vitamin B12 (Methylcobalamin),2026-09-17T06:41:37.002466+00:00
KW-VB-00138,Vitamin B12 (Methylcobalamin),2026-09-17T06:41:37.002466+00:00
KW-VB-00139,Vitamin B12 (Methylcobalamin),2026-09-17T06:41:37.002466+00:00
KW-VB-00140,Vitamin B12 (Methylcobalamin),2026-09-17T06:41:37.002466+00:00
KW-VB-00141,Vitamin B12 (Methylcobalamin),2026-09-17T06:41:37.002466+00:00
KW-VB-00142,Vitamin B12 (Methylcobalamin),2026-09-17T06:41:37.002466+00:00
KW-VB-00143,Vitamin B12 (Methylcobalamin),2026-09-17T06:41:37.002466+00:00
KW-VB-00144,Vitamin B12 (Methylcobalamin),2026-09-17T06:41:37.002466+00:00
KW-VB-00145,Vitamin B12 (Methylcobalamin),2026-09-17T06:41:37.002466+00:00
KW-VB-00146,Vitamin B12 (Methylcobalamin),2026-09-17T06:41:37.002466+00:00
KW-VB-00147,Vitamin B12 (Methylcobalamin),2026-09-17T06:41:37.002466+00:00
KW-VB-00148,Vitamin B12 (Methylcobalamin),2026-09-17T06:41:37.002466+00:00
KW-VB-00149,Vitamin B12 (Methylcobalamin),2026-09-17T06:41:37.002466+00:00
KW-VB-00150,Vitamin B12 (Methylcobalamin),2026-09-17T06:41:37.002466+00:00
KW-VB-00151,Vitamin B12 (Methylcobalamin),2026-09-17T06:41:37.002466+00:00
KW-VB-00152,Vitamin B12 (Methylcobalamin),2026-09-17T06:41:37.002466+00:00
KW-VB-00153,Vitamin B12 (Methylcobalamin),2026-09-17T06:41:37.002466+00:00
KW-VB-00154,Vitamin B12 (Methylcobalamin),2026-09-17T06:41:37.002466+00:00
KW-VB-00155,Vitamin B12 (Methylcobalamin),2026-09-17T06:41:37.002466+00:00
KW-VB-00156,Vitamin B12 (Methylcobalamin),2026-09-17T06:41:37.002466+00:00
KW-VB-00157,Vitamin B12 (Methylcobalamin),2026-09-17T06:41:37.002466+00:00
KW-VB-00158,Vitamin B12 (Methylcobalamin),2026-09-17T06:41:37.002466+00:00
KW-VB-00159,Vitamin B12 (Methylcobalamin),2026-09-17T06:41:37.002466+00:00
KW-VB-00160,Vitamin B12 (Methylcobalamin),2026-09-17T06:41:37.002466+00:00
KW-VB-00161,Vitamin B12 (Methylcobalamin),2026-09-17T06:41:37.002466+00:00
KW-VB-00162,Vitamin B12 (Methylcobalamin),2026-09-17T06:41:37.002466+00:00
KW-VB-00163,Vitamin B12 (Methylcobalamin),2026-09-17T06:41:37.002466+00:00
KW-VB-00164,Vitamin B12 (Methylcobalamin),2026-09-17T06:41:37.002466+00:00
KW-VB-00165,Vitamin B12 (Methylcobalamin),2026-09-17T06:41:37.002466+00:00
KW-VB-00166,Vitamin B12 (Methylcobalamin),2026-09-17T06:41:37.002466+00:00
KW-VB-00167,Vitamin B12 (Methylcobalamin),2026-09-17T06:41:37.002466+00:00
KW-VB-00168,Vitamin B12 (Methylcobalamin),2026-09-17T06:41:37.002466+00:00
KW-VB-00169,Vitamin B12 (Methylcobalamin),2026-09-17T06:41:37.002466+00:00
KW-VB-00170,Vitamin B12 (Methylcobalamin),2026-09-17T06:41:37.002466+00:00
KW-VB-00171,Vitamin B12 (Methylcobalamin),2026-09-17T06:41:37.002466+00:00
KW-VB-00172,Vitamin B12 (Methylcobalamin),2026-09-17T06:41:37.002466+00:00
KW-VB-00173,Vitamin B12 (Methylcobalamin),2026-09-17T06:41:37.002466+00:00
KW-VB-00174,Vitamin B12 (Methylcobalamin),2026-09-17T06:41:37.002466+00:00
KW-VB-00175,Vitamin B12 (Methylcobalamin),2026-09-17T06:41:37.002466+00:00
KW-VB-00176,Vitamin B12 (Methylcobalamin),2026-09-17T06:41:37.002466+00:00
KW-VB-00177,Vitamin B12 (Methylcobalamin),2026-09-17T06:41:37.002466+00:00
KW-VB-00178,Vitamin B12 (Methylcobalamin),2026-09-17T06:41:37.002466+00:00
KW-VB-00179,Vitamin B12 (Methylcobalamin),2026-09-17T06:41:37.002466+00:00
KW-VB-00180,Vitamin B12 (Methylcobalamin),2026-09-17T06:41:37.002466+00:00
KW-VB-00181,Vitamin B12 (Methylcobalamin),2026-09-17T06:41:37.002466+00:00
KW-VB-00182,Vitamin B12 (Methylcobalamin),2026-09-17T06:41:37.002466+00:00
KW-VB-00183,Vitamin B12 (Methylcobalamin),2026-09-17T06:41:37.002466+00:00
KW-VB-00184,Vitamin B12 (Methylcobalamin),2026-09-17T06:41:37.002466+00:00
KW-VB-00185,Vitamin B12 (Methylcobalamin),2026-09-17T06:41:37.002466+00:00
KW-VB-00186,Vitamin B12 (Methylcobalamin),2026-09-17T06:41:37.002466+00:00
KW-VB-00187,Vitamin B12 (Methylcobalamin),2026-09-17T06:41:37.002466+00:00
KW-VB-00188,Vitamin B12 (Methylcobalamin),2026-09-17T06:41:37.002466+00:00
KW-VB-00189,Vitamin B12 (Methylcobalamin),2026-09-17T06:41:37.002466+00:00
KW-VB-00190,Vitamin B12 (Methylcobalamin),2026-09-17T06:41:37.002466+00:00
KW-VB-00191,Vitamin B12 (Methylcobalamin),2026-09-17T06:41:37.002466+00:00
KW-VB-00192,Vitamin B12 (Methylcobalamin),2026-09-17T06:41:37.002466+00:00
KW-VB-00193,Vitamin B12 (Methylcobalamin),2026-09-17T06:41:37.002466+00:00
KW-VB-00194,Vitamin B12 (Methylcobalamin),2026-09-17T06:41:37.002466+00:00
KW-VB-00195,Vitamin B12 (Methylcobalamin),2026-09-17T06:41:37.002466+00:00
KW-VB-00196,Vitamin B12 (Methylcobalamin),2026-09-17T06:41:37.002466+00:00
KW-VB-00197,Vitamin B12 (Methylcobalamin),2026-09-17T06:41:37.002466+00:00
KW-VB-00198,Vitamin B12 (Methylcobalamin),2026-09-17T06:41:37.002466+00:00
KW-VB-00199,Vitamin B12 (Methylcobalamin),2026-09-17T06:41:37.002466+00:00
KW-VB-00200,Vitamin B12 (Methylcobalamin),2026-09-17T06:41:37.002466+00:00
KW-VB-00201,Vitamin B12 (Methylcobalamin),2026-09-17T06:41:37.002466+00:00
KW-VB-00202,Vitamin B12 (Methylcobalamin),2026-09-17T06:41:37.002466+00:00
KW-VB-00203,Vitamin B12 (Methylcobalamin),2026-09-17T06:41:37.002466+00:00
KW-VB-00204,Vitamin B12 (Methylcobalamin),2026-09-17T06:41:37.002466+00:00
KW-VB-00205,Vitamin B12 (Methylcobalamin),2026-09-17T06:41:37.002466+00:00
KW-VB-00206,Vitamin B12 (Methylcobalamin),2026-09-17T06:41:37.002466+00:00
KW-VB-00207,Vitamin B12 (Methylcobalamin),2026-09-17T06:41:37.002466+00:00
KW-VB-00208,Vitamin B12 (Methylcobalamin),2026-09-17T06:41:37.002466+00:00
KW-VB-00209,Vitamin B12 (Methylcobalamin),2026-09-17T06:41:37.002466+00:00
KW-VB-00210,Vitamin B12 (Methylcobalamin),2026-09-17T06:41:37.002466+00:00
KW-VB-00211,Vitamin B12 (Methylcobalamin),2026-09-17T06:41:37.002466+00:00
KW-VB-00212,Vitamin B12 (Methylcobalamin),2026-09-17T06:41:37.002466+00:00
KW-VB-00213,Vitamin B12 (Methylcobalamin),2026-09-17T06:41:37.002466+00:00
KW-VB-00214,Vitamin B12 (Methylcobalamin),2026-09-17T06:41:37.002466+00:00
KW-VB-00215,Vitamin B12 (Methylcobalamin),2026-09-17T06:41:37.002466+00:00
KW-VB-00216,Vitamin B12 (Methylcobalamin),2026-09-17T06:41:37.002466+00:00
KW-VB-00217,Vitamin B12 (Methylcobalamin),2026-09-17T06:41:37.002466+00:00
KW-VB-00218,Vitamin B12 (Methylcobalamin),2026-09-17T06:41:37.002466+00:00
KW-VB-00219,Vitamin B12 (Methylcobalamin),2026-09-17T06:41:37.002466+00:00
KW-VB-00220,Vitamin B12 (Methylcobalamin),2026-09-17T06:41:37.002466+00:00
KW-VB-00221,Vitamin B12 (Methylcobalamin),2026-09-17T06:41:37.002466+00:00
KW-VB-00222,Vitamin B12 (Methylcobalamin),2026-09-17T06:41:37.002466+00:00
KW-VB-00223,Vitamin B12 (Methylcobalamin),2026-09-17T06:41:37.002466+00:00
KW-VB-00224,Vitamin B12 (Methylcobalamin),2026-09-17T06:41:37.002466+00:00
KW-VB-00225,Vitamin B12 (Methylcobalamin),2026-09-17T06:41:37.002466+00:00
KW-VB-00226,Vitamin B12 (Methylcobalamin),2026-09-17T06:41:37.002466+00:00
KW-VB-00227,Vitamin B12 (Methylcobalamin),2026-09-17T06:41:37.002466+00:00
KW-VB-00228,Vitamin B12 (Methylcobalamin),2026-09-17T06:41:37.002466+00:00
KW-VB-00229,Vitamin B12 (Methylcobalamin),2026-09-17T06:41:37.002466+00:00
KW-VB-00230,Vitamin B12 (Methylcobalamin),2026-09-17T06:41:37.002466+00:00
KW-VB-00231,Vitamin B12 (Methylcobalamin),2026-09-17T06:41:37.002466+00:00
KW-VB-00232,Vitamin B12 (Methylcobalamin),2026-09-17T06:41:37.002466+00:00
KW-VB-00233,Vitamin B12 (Methylcobalamin),2026-09-17T06:41:37.002466+00:00
KW-VB-00234,Vitamin B12 (Methylcobalamin),2026-09-17T06:41:37.002466+00:00
KW-VB-00235,Vitamin B12 (Methylcobalamin),2026-09-17T06:41:37.002466+00:00
KW-VB-00236,Vitamin B12 (Methylcobalamin),2026-09-17T06:41:37.002466+00:00
KW-VB-00237,Vitamin B12 (Methylcobalamin),2026-09-17T06:41:37.002466+00:00
KW-VB-00238,Vitamin B12 (Methylcobalamin),2026-09-17T06:41:37.002466+00:00
KW-VB-00239,Vitamin B12 (Methylcobalamin),2026-09-17T06:41:37.002466+00:00
KW-VB-00240,Vitamin B12 (Methylcobalamin),2026-09-17T06:41:37.002466+00:00
KW-VB-00241,Vitamin B12 (Methylcobalamin),2026-09-17T06:41:37.002466+00:00
KW-VB-00242,Vitamin B12 (Methylcobalamin),2026-09-17T06:41:37.002466+00:00
KW-VB-00243,Vitamin B12 (Methylcobalamin),2026-09-17T06:41:37.002466+00:00
KW-VB-00244,Vitamin B12 (Methylcobalamin),2026-09-17T06:41:37.002466+00:00
KW-VB-00245,Vitamin B12 (Methylcobalamin),2026-09-17T06:41:37.002466+00:00
KW-VB-00246,Vitamin B12 (Methylcobalamin),2026-09-17T06:41:37.002466+00:00
KW-VB-00247,Vitamin B12 (Methylcobalamin),2026-09-17T06:41:37.002466+00:00
KW-VB-00248,Vitamin B12 (Methylcobalamin),2026-09-17T06:41:37.002466+00:00
KW-VB-00249,Vitamin B12 (Methylcobalamin),2026-09-17T06:41:37.002466+00:00
KW-VB-00250,Vitamin B12 (Methylcobalamin),2026-09-17T06:41:37.002466+00:00
KW-VB-00251,Vitamin B12 (Methylcobalamin),2026-09-17T06:41:37.002466+00:00
KW-VB-00252,Vitamin B12 (Methylcobalamin),2026-09-17T06:41:37.002466+00:00
KW-VB-00253,Vitamin B12 (Methylcobalamin),2026-09-17T06:41:37.002466+00:00
KW-VB-00254,Vitamin B12 (Methylcobalamin),2026-09-17T06:41:37.002466+00:00
KW-VB-00255,Vitamin B12 (Methylcobalamin),2026-09-17T06:41:37.002466+00:00
KW-VB-00256,Vitamin B12 (Methylcobalamin),2026-09-17T06:41:37.002466+00:00
KW-VB-00257,Vitamin B12 (Methylcobalamin),2026-09-17T06:41:37.002466+00:00
KW-VB-00258,Vitamin B12 (Methylcobalamin),2026-09-17T06:41:37.002466+00:00
KW-VB-00259,Vitamin B12 (Methylcobalamin),2026-09-17T06:41:37.002466+00:00
KW-VB-00260,Vitamin B12 (Methylcobalamin),2026-09-17T06:41:37.002466+00:00
KW-VB-00261,Vitamin B12 (Methylcobalamin),2026-09-17T06:41:37.002466+00:00
KW-VB-00262,Vitamin B12 (Methylcobalamin),2026-09-17T06:41:37.002466+00:00
KW-VB-00263,Vitamin B12 (Methylcobalamin),2026-09-17T06:41:37.002466+00:00
KW-VB-00264,Vitamin B12 (Methylcobalamin),2026-09-17T06:41:37.002466+00:00
KW-VB-00265,Vitamin B12 (Methylcobalamin),2026-09-17T06:41:37.002466+00:00
KW-VB-00266,Vitamin B12 (Methylcobalamin),2026-09-17T06:41:37.002466+00:00
KW-VB-00267,Vitamin B12 (Methylcobalamin),2026-09-17T06:41:37.002466+00:00
KW-VB-00268,Vitamin B12 (Methylcobalamin),2026-09-17T06:41:37.002466+00:00
KW-VB-00269,Vitamin B12 (Methylcobalamin),2026-09-17T06:41:37.002466+00:00
KW-VB-00270,Vitamin B12 (Methylcobalamin),2026-09-17T06:41:37.002466+00:00
KW-VB-00271,Vitamin B12 (Methylcobalamin),2026-09-17T06:41:37.002466+00:00
KW-VB-00272,Vitamin B12 (Methylcobalamin),2026-09-17T06:41:37.002466+00:00
KW-VB-00273,Vitamin B12 (Methylcobalamin),2026-09-17T06:41:37.002466+00:00
KW-VB-00274,Vitamin B12 (Methylcobalamin),2026-09-17T06:41:37.002466+00:00
KW-VB-00275,Vitamin B12 (Methylcobalamin),2026-09-17T06:41:37.002466+00:00
KW-VB-00276,Vitamin B12 (Methylcobalamin),2026-09-17T06:41:37.002466+00:00
KW-VB-00277,Vitamin B12 (Methylcobalamin),2026-09-17T06:41:37.002466+00:00
KW-VB-00278,Vitamin B12 (Methylcobalamin),2026-09-17T06:41:37.002466+00:00
KW-VB-00279,Vitamin B12 (Methylcobalamin),2026-09-17T06:41:37.002466+00:00
KW-VB-00280,Vitamin B12 (Methylcobalamin),2026-09-17T06:41:37.002466+00:00
KW-VB-00281,Vitamin B12 (Methylcobalamin),2026-09-17T06:41:37.002466+00:00
KW-VB-00282,Vitamin B12 (Methylcobalamin),2026-09-17T06:41:37.002466+00:00
KW-VB-00283,Vitamin B12 (Methylcobalamin),2026-09-17T06:41:37.002466+00:00
KW-VB-00284,Vitamin B12 (Methylcobalamin),2026-09-17T06:41:37.002466+00:00
KW-VB-00285,Vitamin B12 (Methylcobalamin),2026-09-17T06:41:37.002466+00:00
KW-VB-00286,Vitamin B12 (Methylcobalamin),2026-09-17T06:41:37.002466+00:00
KW-VB-00287,Vitamin B12 (Methylcobalamin),2026-09-17T06:41:37.002466+00:00
KW-VB-00288,Vitamin B12 (Methylcobalamin),2026-09-17T06:41:37.002466+00:00
KW-VB-00289,Vitamin B12 (Methylcobalamin),2026-09-17T06:41:37.002466+00:00
KW-VB-00290,Vitamin B12 (Methylcobalamin),2026-09-17T06:41:37.002466+00:00
KW-VB-00291,Vitamin B12 (Methylcobalamin),2026-09-17T06:41:37.002466+00:00
KW-VB-00292,Vitamin B12 (Methylcobalamin),2026-09-17T06:41:37.002466+00:00
KW-VB-00293,Vitamin B12 (Methylcobalamin),2026-09-17T06:41:37.002466+00:00
KW-VB-00294,Vitamin B12 (Methylcobalamin),2026-09-17T06:41:37.002466+00:00
KW-VB-00295,Vitamin B12 (Methylcobalamin),2026-09-17T06:41:37.002466+00:00
KW-VC-00001,Vitamin C,2026-09-17T06:41:37.002466+00:00
KW-VC-00002,Vitamin C,2026-09-17T06:41:37.002466+00:00
KW-VC-00003,Vitamin C,2026-09-17T06:41:37.002466+00:00
KW-VC-00004,Vitamin C,2026-09-17T06:41:37.002466+00:00
KW-VC-00005,Vitamin C,2026-09-17T06:41:37.002466+00:00
KW-VC-00006,Vitamin C,2026-09-17T06:41:37.002466+00:00
KW-VC-00007,Vitamin C,2026-09-17T06:41:37.002466+00:00
KW-VC-00008,Vitamin C,2026-09-17T06:41:37.002466+00:00
KW-VC-00009,Vitamin C,2026-09-17T06:41:37.002466+00:00
KW-VC-00010,Vitamin C,2026-09-17T06:41:37.002466+00:00
KW-VC-00011,Vitamin C,2026-09-17T06:41:37.002466+00:00
KW-VC-00012,Vitamin C,2026-09-17T06:41:37.002466+00:00
KW-VC-00013,Vitamin C,2026-09-17T06:41:37.002466+00:00
KW-VC-00014,Vitamin C,2026-09-17T06:41:37.002466+00:00
KW-VC-00015,Vitamin C,2026-09-17T06:41:37.002466+00:00
KW-VC-00016,Vitamin C,2026-09-17T06:41:37.002466+00:00
KW-VC-00017,Vitamin C,2026-09-17T06:41:37.002466+00:00
KW-VC-00018,Vitamin C,2026-09-17T06:41:37.002466+00:00
KW-VC-00019,Vitamin C,2026-09-17T06:41:37.002466+00:00
KW-VC-00020,Vitamin C,2026-09-17T06:41:37.002466+00:00
KW-VC-00021,Vitamin C,2026-09-17T06:41:37.002466+00:00
KW-VC-00022,Vitamin C,2026-09-17T06:41:37.002466+00:00
KW-VC-00023,Vitamin C,2026-09-17T06:41:37.002466+00:00
KW-VC-00024,Vitamin C,2026-09-17T06:41:37.002466+00:00
KW-VC-00025,Vitamin C,2026-09-17T06:41:37.002466+00:00
KW-VC-00026,Vitamin C,2026-09-17T06:41:37.002466+00:00
KW-VC-00027,Vitamin C,2026-09-17T06:41:37.002466+00:00
KW-VC-00028,Vitamin C,2026-09-17T06:41:37.002466+00:00
KW-VC-00029,Vitamin C,2026-09-17T06:41:37.002466+00:00
KW-VC-00030,Vitamin C,2026-09-17T06:41:37.002466+00:00
KW-VC-00031,Vitamin C,2026-09-17T06:41:37.002466+00:00
KW-VC-00032,Vitamin C,2026-09-17T06:41:37.002466+00:00
KW-VC-00033,Vitamin C,2026-09-17T06:41:37.002466+00:00
KW-VC-00034,Vitamin C,2026-09-17T06:41:37.002466+00:00
KW-VC-00035,Vitamin C,2026-09-17T06:41:37.002466+00:00
KW-VC-00036,Vitamin C,2026-09-17T06:41:37.002466+00:00
KW-VC-00037,Vitamin C,2026-09-17T06:41:37.002466+00:00
KW-VC-00038,Vitamin C,2026-09-17T06:41:37.002466+00:00
KW-VC-00039,Vitamin C,2026-09-17T06:41:37.002466+00:00
KW-VC-00040,Vitamin C,2026-09-17T06:41:37.002466+00:00
KW-VC-00041,Vitamin C,2026-09-17T06:41:37.002466+00:00
KW-VC-00042,Vitamin C,2026-09-17T06:41:37.002466+00:00
KW-VC-00043,Vitamin C,2026-09-17T06:41:37.002466+00:00
KW-VC-00044,Vitamin C,2026-09-17T06:41:37.002466+00:00
KW-VC-00045,Vitamin C,2026-09-17T06:41:37.002466+00:00
KW-VC-00046,Vitamin C,2026-09-17T06:41:37.002466+00:00
KW-VC-00047,Vitamin C,2026-09-17T06:41:37.002466+00:00
KW-VC-00048,Vitamin C,2026-09-17T06:41:37.002466+00:00
KW-VC-00049,Vitamin C,2026-09-17T06:41:37.002466+00:00
KW-VC-00050,Vitamin C,2026-09-17T06:41:37.002466+00:00
KW-VC-00051,Vitamin C,2026-09-17T06:41:37.002466+00:00
KW-VC-00052,Vitamin C,2026-09-17T06:41:37.002466+00:00
KW-VC-00053,Vitamin C,2026-09-17T06:41:37.002466+00:00
KW-VC-00054,Vitamin C,2026-09-17T06:41:37.002466+00:00
KW-VC-00055,Vitamin C,2026-09-17T06:41:37.002466+00:00
KW-VC-00056,Vitamin C,2026-09-17T06:41:37.002466+00:00
KW-VC-00057,Vitamin C,2026-09-17T06:41:37.002466+00:00
KW-VC-00058,Vitamin C,2026-09-17T06:41:37.002466+00:00
KW-VC-00059,Vitamin C,2026-09-17T06:41:37.002466+00:00
KW-VC-00060,Vitamin C,2026-09-17T06:41:37.002466+00:00
KW-VC-00061,Vitamin C,2026-09-17T06:41:37.002466+00:00
KW-VC-00062,Vitamin C,2026-09-17T06:41:37.002466+00:00
KW-VC-00063,Vitamin C,2026-09-17T06:41:37.002466+00:00
KW-VC-00064,Vitamin C,2026-09-17T06:41:37.002466+00:00
KW-VC-00065,Vitamin C,2026-09-17T06:41:37.002466+00:00
KW-VC-00066,Vitamin C,2026-09-17T06:41:37.002466+00:00
KW-VC-00067,Vitamin C,2026-09-17T06:41:37.002466+00:00
KW-VC-00068,Vitamin C,2026-09-17T06:41:37.002466+00:00
KW-VC-00069,Vitamin C,2026-09-17T06:41:37.002466+00:00
KW-VC-00070,Vitamin C,2026-09-17T06:41:37.002466+00:00
KW-VC-00071,Vitamin C,2026-09-17T06:41:37.002466+00:00
KW-VC-00072,Vitamin C,2026-09-17T06:41:37.002466+00:00
KW-VC-00073,Vitamin C,2026-09-17T06:41:37.002466+00:00
KW-VC-00074,Vitamin C,2026-09-17T06:41:37.002466+00:00
KW-VC-00075,Vitamin C,2026-09-17T06:41:37.002466+00:00
KW-VC-00076,Vitamin C,2026-09-17T06:41:37.002466+00:00
KW-VC-00077,Vitamin C,2026-09-17T06:41:37.002466+00:00
KW-VC-00078,Vitamin C,2026-09-17T06:41:37.002466+00:00
KW-VC-00079,Vitamin C,2026-09-17T06:41:37.002466+00:00
KW-VC-00080,Vitamin C,2026-09-17T06:41:37.002466+00:00
KW-VC-00081,Vitamin C,2026-09-17T06:41:37.002466+00:00
KW-VC-00082,Vitamin C,2026-09-17T06:41:37.002466+00:00
KW-VC-00083,Vitamin C,2026-09-17T06:41:37.002466+00:00
KW-VC-00084,Vitamin C,2026-09-17T06:41:37.002466+00:00
KW-VC-00085,Vitamin C,2026-09-17T06:41:37.002466+00:00
KW-VC-00086,Vitamin C,2026-09-17T06:41:37.002466+00:00
KW-VC-00087,Vitamin C,2026-09-17T06:41:37.002466+00:00
KW-VC-00088,Vitamin C,2026-09-17T06:41:37.002466+00:00
KW-VC-00089,Vitamin C,2026-09-17T06:41:37.002466+00:00
KW-VC-00090,Vitamin C,2026-09-17T06:41:37.002466+00:00
KW-VC-00091,Vitamin C,2026-09-17T06:41:37.002466+00:00
KW-VC-00092,Vitamin C,2026-09-17T06:41:37.002466+00:00
KW-VC-00093,Vitamin C,2026-09-17T06:41:37.002466+00:00
KW-VC-00094,Vitamin C,2026-09-17T06:41:37.002466+00:00
KW-VC-00095,Vitamin C,2026-09-17T06:41:37.002466+00:00
KW-VC-00096,Vitamin C,2026-09-17T06:41:37.002466+00:00
KW-VC-00097,Vitamin C,2026-09-17T06:41:37.002466+00:00
KW-VC-00098,Vitamin C,2026-09-17T06:41:37.002466+00:00
KW-VC-00099,Vitamin C,2026-09-17T06:41:37.002466+00:00
KW-VC-00100,Vitamin C,2026-09-17T06:41:37.002466+00:00
KW-VC-00101,Vitamin C,2026-09-17T06:41:37.002466+00:00
KW-VC-00102,Vitamin C,2026-09-17T06:41:37.002466+00:00
KW-VC-00103,Vitamin C,2026-09-17T06:41:37.002466+00:00
KW-VC-00104,Vitamin C,2026-09-17T06:41:37.002466+00:00
KW-VC-00105,Vitamin C,2026-09-17T06:41:37.002466+00:00
KW-VC-00106,Vitamin C,2026-09-17T06:41:37.002466+00:00
KW-VC-00107,Vitamin C,2026-09-17T06:41:37.002466+00:00
KW-VC-00108,Vitamin C,2026-09-17T06:41:37.002466+00:00
KW-VC-00109,Vitamin C,2026-09-17T06:41:37.002466+00:00
KW-VC-00110,Vitamin C,2026-09-17T06:41:37.002466+00:00
KW-VC-00111,Vitamin C,2026-09-17T06:41:37.002466+00:00
KW-VC-00112,Vitamin C,2026-09-17T06:41:37.002466+00:00
KW-VC-00113,Vitamin C,2026-09-17T06:41:37.002466+00:00
KW-VC-00114,Vitamin C,2026-09-17T06:41:37.002466+00:00
KW-VC-00115,Vitamin C,2026-09-17T06:41:37.002466+00:00
KW-VC-00116,Vitamin C,2026-09-17T06:41:37.002466+00:00
KW-VC-00117,Vitamin C,2026-09-17T06:41:37.002466+00:00
KW-VC-00118,Vitamin C,2026-09-17T06:41:37.002466+00:00
KW-VC-00119,Vitamin C,2026-09-17T06:41:37.002466+00:00
KW-VC-00120,Vitamin C,2026-09-17T06:41:37.002466+00:00
KW-VC-00121,Vitamin C,2026-09-17T06:41:37.002466+00:00
KW-VC-00122,Vitamin C,2026-09-17T06:41:37.002466+00:00
KW-VC-00123,Vitamin C,2026-09-17T06:41:37.002466+00:00
KW-VC-00124,Vitamin C,2026-09-17T06:41:37.002466+00:00
KW-VC-00125,Vitamin C,2026-09-17T06:41:37.002466+00:00
KW-VC-00126,Vitamin C,2026-09-17T06:41:37.002466+00:00
KW-VC-00127,Vitamin C,2026-09-17T06:41:37.002466+00:00
KW-VC-00128,Vitamin C,2026-09-17T06:41:37.002466+00:00
KW-VC-00129,Vitamin C,2026-09-17T06:41:37.002466+00:00
KW-VC-00130,Vitamin C,2026-09-17T06:41:37.002466+00:00
KW-VC-00131,Vitamin C,2026-09-17T06:41:37.002466+00:00
KW-VC-00132,Vitamin C,2026-09-17T06:41:37.002466+00:00
KW-VC-00133,Vitamin C,2026-09-17T06:41:37.002466+00:00
KW-VC-00134,Vitamin C,2026-09-17T06:41:37.002466+00:00
KW-VC-00135,Vitamin C,2026-09-17T06:41:37.002466+00:00
KW-VC-00136,Vitamin C,2026-09-17T06:41:37.002466+00:00
KW-VC-00137,Vitamin C,2026-09-17T06:41:37.002466+00:00
KW-VC-00138,Vitamin C,2026-09-17T06:41:37.002466+00:00
KW-VC-00139,Vitamin C,2026-09-17T06:41:37.002466+00:00
KW-VC-00140,Vitamin C,2026-09-17T06:41:37.002466+00:00
KW-VC-00141,Vitamin C,2026-09-17T06:41:37.002466+00:00
KW-VC-00142,Vitamin C,2026-09-17T06:41:37.002466+00:00
KW-VC-00143,Vitamin C,2026-09-17T06:41:37.002466+00:00
KW-VC-00144,Vitamin C,2026-09-17T06:41:37.002466+00:00
KW-VC-00145,Vitamin C,2026-09-17T06:41:37.002466+00:00
KW-VC-00146,Vitamin C,2026-09-17T06:41:37.002466+00:00
KW-VC-00147,Vitamin C,2026-09-17T06:41:37.002466+00:00
KW-VC-00148,Vitamin C,2026-09-17T06:41:37.002466+00:00
KW-VC-00149,Vitamin C,2026-09-17T06:41:37.002466+00:00
KW-VC-00150,Vitamin C,2026-09-17T06:41:37.002466+00:00
KW-VC-00151,Vitamin C,2026-09-17T06:41:37.002466+00:00
KW-VC-00152,Vitamin C,2026-09-17T06:41:37.002466+00:00
KW-VC-00153,Vitamin C,2026-09-17T06:41:37.002466+00:00
KW-VC-00154,Vitamin C,2026-09-17T06:41:37.002466+00:00
KW-VC-00155,Vitamin C,2026-09-17T06:41:37.002466+00:00
KW-VC-00156,Vitamin C,2026-09-17T06:41:37.002466+00:00
KW-VC-00157,Vitamin C,2026-09-17T06:41:37.002466+00:00
KW-VC-00158,Vitamin C,2026-09-17T06:41:37.002466+00:00
KW-VC-00159,Vitamin C,2026-09-17T06:41:37.002466+00:00
KW-VC-00160,Vitamin C,2026-09-17T06:41:37.002466+00:00
KW-VC-00161,Vitamin C,2026-09-17T06:41:37.002466+00:00
KW-VC-00162,Vitamin C,2026-09-17T06:41:37.002466+00:00
KW-VC-00163,Vitamin C,2026-09-17T06:41:37.002466+00:00
KW-VC-00164,Vitamin C,2026-09-17T06:41:37.002466+00:00
KW-VC-00165,Vitamin C,2026-09-17T06:41:37.002466+00:00
KW-VC-00166,Vitamin C,2026-09-17T06:41:37.002466+00:00
KW-VC-00167,Vitamin C,2026-09-17T06:41:37.002466+00:00
KW-VC-00168,Vitamin C,2026-09-17T06:41:37.002466+00:00
KW-VC-00169,Vitamin C,2026-09-17T06:41:37.002466+00:00
KW-VC-00170,Vitamin C,2026-09-17T06:41:37.002466+00:00
KW-VC-00171,Vitamin C,2026-09-17T06:41:37.002466+00:00
KW-VC-00172,Vitamin C,2026-09-17T06:41:37.002466+00:00
KW-VC-00173,Vitamin C,2026-09-17T06:41:37.002466+00:00
KW-VC-00174,Vitamin C,2026-09-17T06:41:37.002466+00:00
KW-VC-00175,Vitamin C,2026-09-17T06:41:37.002466+00:00
KW-VC-00176,Vitamin C,2026-09-17T06:41:37.002466+00:00
KW-VC-00177,Vitamin C,2026-09-17T06:41:37.002466+00:00
KW-VC-00178,Vitamin C,2026-09-17T06:41:37.002466+00:00
KW-VC-00179,Vitamin C,2026-09-17T06:41:37.002466+00:00
KW-VC-00180,Vitamin C,2026-09-17T06:41:37.002466+00:00
KW-VC-00181,Vitamin C,2026-09-17T06:41:37.002466+00:00
KW-VC-00182,Vitamin C,2026-09-17T06:41:37.002466+00:00
KW-VC-00183,Vitamin C,2026-09-17T06:41:37.002466+00:00
KW-VC-00184,Vitamin C,2026-09-17T06:41:37.002466+00:00
KW-VC-00185,Vitamin C,2026-09-17T06:41:37.002466+00:00
KW-VC-00186,Vitamin C,2026-09-17T06:41:37.002466+00:00
KW-VC-00187,Vitamin C,2026-09-17T06:41:37.002466+00:00
KW-VC-00188,Vitamin C,2026-09-17T06:41:37.002466+00:00
KW-VC-00189,Vitamin C,2026-09-17T06:41:37.002466+00:00
KW-VC-00190,Vitamin C,2026-09-17T06:41:37.002466+00:00
KW-VC-00191,Vitamin C,2026-09-17T06:41:37.002466+00:00
KW-VC-00192,Vitamin C,2026-09-17T06:41:37.002466+00:00
KW-VC-00193,Vitamin C,2026-09-17T06:41:37.002466+00:00
KW-VC-00194,Vitamin C,2026-09-17T06:41:37.002466+00:00
KW-VC-00195,Vitamin C,2026-09-17T06:41:37.002466+00:00
KW-VC-00196,Vitamin C,2026-09-17T06:41:37.002466+00:00
KW-VC-00197,Vitamin C,2026-09-17T06:41:37.002466+00:00
KW-VC-00198,Vitamin C,2026-09-17T06:41:37.002466+00:00
KW-VC-00199,Vitamin C,2026-09-17T06:41:37.002466+00:00
KW-VC-00200,Vitamin C,2026-09-17T06:41:37.002466+00:00
KW-VC-00201,Vitamin C,2026-09-17T06:41:37.002466+00:00
KW-VC-00202,Vitamin C,2026-09-17T06:41:37.002466+00:00
KW-VC-00203,Vitamin C,2026-09-17T06:41:37.002466+00:00
KW-VC-00204,Vitamin C,2026-09-17T06:41:37.002466+00:00
KW-VC-00205,Vitamin C,2026-09-17T06:41:37.002466+00:00
KW-VC-00206,Vitamin C,2026-09-17T06:41:37.002466+00:00
KW-VC-00207,Vitamin C,2026-09-17T06:41:37.002466+00:00
KW-VC-00208,Vitamin C,2026-09-17T06:41:37.002466+00:00
KW-VC-00209,Vitamin C,2026-09-17T06:41:37.002466+00:00
KW-VC-00210,Vitamin C,2026-09-17T06:41:37.002466+00:00
KW-VC-00211,Vitamin C,2026-09-17T06:41:37.002466+00:00
KW-VC-00212,Vitamin C,2026-09-17T06:41:37.002466+00:00
KW-VC-00213,Vitamin C,2026-09-17T06:41:37.002466+00:00
KW-VC-00214,Vitamin C,2026-09-17T06:41:37.002466+00:00
KW-VC-00215,Vitamin C,2026-09-17T06:41:37.002466+00:00
KW-VC-00216,Vitamin C,2026-09-17T06:41:37.002466+00:00
KW-VC-00217,Vitamin C,2026-09-17T06:41:37.002466+00:00
KW-VC-00218,Vitamin C,2026-09-17T06:41:37.002466+00:00
KW-VC-00219,Vitamin C,2026-09-17T06:41:37.002466+00:00
KW-VC-00220,Vitamin C,2026-09-17T06:41:37.002466+00:00
KW-VC-00221,Vitamin C,2026-09-17T06:41:37.002466+00:00
KW-VC-00222,Vitamin C,2026-09-17T06:41:37.002466+00:00
KW-VC-00223,Vitamin C,2026-09-17T06:41:37.002466+00:00
KW-VC-00224,Vitamin C,2026-09-17T06:41:37.002466+00:00
KW-VC-00225,Vitamin C,2026-09-17T06:41:37.002466+00:00
KW-VC-00226,Vitamin C,2026-09-17T06:41:37.002466+00:00
KW-VC-00227,Vitamin C,2026-09-17T06:41:37.002466+00:00
KW-VC-00228,Vitamin C,2026-09-17T06:41:37.002466+00:00
KW-VC-00229,Vitamin C,2026-09-17T06:41:37.002466+00:00
KW-VC-00230,Vitamin C,2026-09-17T06:41:37.002466+00:00
KW-VC-00231,Vitamin C,2026-09-17T06:41:37.002466+00:00
KW-VC-00232,Vitamin C,2026-09-17T06:41:37.002466+00:00
KW-VC-00233,Vitamin C,2026-09-17T06:41:37.002466+00:00
KW-VC-00234,Vitamin C,2026-09-17T06:41:37.002466+00:00
KW-VC-00235,Vitamin C,2026-09-17T06:41:37.002466+00:00
KW-VC-00236,Vitamin C,2026-09-17T06:41:37.002466+00:00
KW-VC-00237,Vitamin C,2026-09-17T06:41:37.002466+00:00
KW-VC-00238,Vitamin C,2026-09-17T06:41:37.002466+00:00
KW-VC-00239,Vitamin C,2026-09-17T06:41:37.002466+00:00
KW-VC-00240,Vitamin C,2026-09-17T06:41:37.002466+00:00
KW-VC-00241,Vitamin C,2026-09-17T06:41:37.002466+00:00
KW-VC-00242,Vitamin C,2026-09-17T06:41:37.002466+00:00
KW-VC-00243,Vitamin C,2026-09-17T06:41:37.002466+00:00
KW-VC-00244,Vitamin C,2026-09-17T06:41:37.002466+00:00
KW-VC-00245,Vitamin C,2026-09-17T06:41:37.002466+00:00
KW-VC-00246,Vitamin C,2026-09-17T06:41:37.002466+00:00
KW-VC-00247,Vitamin C,2026-09-17T06:41:37.002466+00:00
KW-VC-00248,Vitamin C,2026-09-17T06:41:37.002466+00:00
KW-VC-00249,Vitamin C,2026-09-17T06:41:37.002466+00:00
KW-VC-00250,Vitamin C,2026-09-17T06:41:37.002466+00:00
KW-VC-00251,Vitamin C,2026-09-17T06:41:37.002466+00:00
KW-VC-00252,Vitamin C,2026-09-17T06:41:37.002466+00:00
KW-VC-00253,Vitamin C,2026-09-17T06:41:37.002466+00:00
KW-VC-00254,Vitamin C,2026-09-17T06:41:37.002466+00:00
KW-VC-00255,Vitamin C,2026-09-17T06:41:37.002466+00:00
KW-VC-00256,Vitamin C,2026-09-17T06:41:37.002466+00:00
KW-VC-00257,Vitamin C,2026-09-17T06:41:37.002466+00:00
KW-VC-00258,Vitamin C,2026-09-17T06:41:37.002466+00:00
KW-VC-00259,Vitamin C,2026-09-17T06:41:37.002466+00:00
KW-VC-00260,Vitamin C,2026-09-17T06:41:37.002466+00:00
KW-VC-00261,Vitamin C,2026-09-17T06:41:37.002466+00:00
KW-VC-00262,Vitamin C,2026-09-17T06:41:37.002466+00:00
KW-VC-00263,Vitamin C,2026-09-17T06:41:37.002466+00:00
KW-VC-00264,Vitamin C,2026-09-17T06:41:37.002466+00:00
KW-VC-00265,Vitamin C,2026-09-17T06:41:37.002466+00:00
KW-VC-00266,Vitamin C,2026-09-17T06:41:37.002466+00:00
KW-VC-00267,Vitamin C,2026-09-17T06:41:37.002466+00:00
KW-VC-00268,Vitamin C,2026-09-17T06:41:37.002466+00:00
KW-VC-00269,Vitamin C,2026-09-17T06:41:37.002466+00:00
KW-VC-00270,Vitamin C,2026-09-17T06:41:37.002466+00:00
KW-VC-00271,Vitamin C,2026-09-17T06:41:37.002466+00:00
KW-VC-00272,Vitamin C,2026-09-17T06:41:37.002466+00:00
KW-VC-00273,Vitamin C,2026-09-17T06:41:37.002466+00:00
KW-VC-00274,Vitamin C,2026-09-17T06:41:37.002466+00:00
KW-VC-00275,Vitamin C,2026-09-17T06:41:37.002466+00:00
KW-VC-00276,Vitamin C,2026-09-17T06:41:37.002466+00:00
KW-VC-00277,Vitamin C,2026-09-17T06:41:37.002466+00:00
KW-VC-00278,Vitamin C,2026-09-17T06:41:37.002466+00:00
KW-VC-00279,Vitamin C,2026-09-17T06:41:37.002466+00:00
KW-VC-00280,Vitamin C,2026-09-17T06:41:37.002466+00:00
KW-VC-00281,Vitamin C,2026-09-17T06:41:37.002466+00:00
KW-VC-00282,Vitamin C,2026-09-17T06:41:37.002466+00:00
KW-VC-00283,Vitamin C,2026-09-17T06:41:37.002466+00:00
KW-VC-00284,Vitamin C,2026-09-17T06:41:37.002466+00:00
KW-VC-00285,Vitamin C,2026-09-17T06:41:37.002466+00:00
KW-VC-00286,Vitamin C,2026-09-17T06:41:37.002466+00:00
KW-VC-00287,Vitamin C,2026-09-17T06:41:37.002466+00:00
KW-VC-00288,Vitamin C,2026-09-17T06:41:37.002466+00:00
KW-VC-00289,Vitamin C,2026-09-17T06:41:37.002466+00:00
KW-VC-00290,Vitamin C,2026-09-17T06:41:37.002466+00:00
KW-VC-00291,Vitamin C,2026-09-17T06:41:37.002466+00:00
KW-VC-00292,Vitamin C,2026-09-17T06:41:37.002466+00:00
KW-VC-00293,Vitamin C,2026-09-17T06:41:37.002466+00:00
KW-VC-00294,Vitamin C,2026-09-17T06:41:37.002466+00:00
KW-VC-00295,Vitamin C,2026-09-17T06:41:37.002466+00:00
KW-VC-00296,Vitamin C,2026-09-17T06:41:37.002466+00:00
KW-VC-00297,Vitamin C,2026-09-17T06:41:37.002466+00:00
KW-VC-00298,Vitamin C,2026-09-17T06:41:37.002466+00:00
KW-VC-00299,Vitamin C,2026-09-17T06:41:37.002466+00:00
KW-VC-00300,Vitamin C,2026-09-17T06:41:37.002466+00:00
KW-VC-00301,Vitamin C,2026-09-17T06:41:37.002466+00:00
KW-VC-00302,Vitamin C,2026-09-17T06:41:37.002466+00:00
KW-VC-00303,Vitamin C,2026-09-17T06:41:37.002466+00:00
KW-VC-00304,Vitamin C,2026-09-17T06:41:37.002466+00:00
KW-VC-00305,Vitamin C,2026-09-17T06:41:37.002466+00:00
KW-VC-00306,Vitamin C,2026-09-17T06:41:37.002466+00:00
KW-VC-00307,Vitamin C,2026-09-17T06:41:37.002466+00:00
KW-MG-00001,Chelated Magnesium Glycinate,2026-09-17T06:41:37.002466+00:00
KW-MG-00002,Chelated Magnesium Glycinate,2026-09-17T06:41:37.002466+00:00
KW-MG-00003,Chelated Magnesium Glycinate,2026-09-17T06:41:37.002466+00:00
KW-MG-00004,Chelated Magnesium Glycinate,2026-09-17T06:41:37.002466+00:00
KW-MG-00005,Chelated Magnesium Glycinate,2026-09-17T06:41:37.002466+00:00
KW-MG-00006,Chelated Magnesium Glycinate,2026-09-17T06:41:37.002466+00:00
KW-MG-00007,Chelated Magnesium Glycinate,2026-09-17T06:41:37.002466+00:00
KW-MG-00008,Chelated Magnesium Glycinate,2026-09-17T06:41:37.002466+00:00
KW-MG-00009,Chelated Magnesium Glycinate,2026-09-17T06:41:37.002466+00:00
KW-MG-00010,Chelated Magnesium Glycinate,2026-09-17T06:41:37.002466+00:00
KW-MG-00011,Chelated Magnesium Glycinate,2026-09-17T06:41:37.002466+00:00
KW-MG-00012,Chelated Magnesium Glycinate,2026-09-17T06:41:37.002466+00:00
KW-MG-00013,Chelated Magnesium Glycinate,2026-09-17T06:41:37.002466+00:00
KW-MG-00014,Chelated Magnesium Glycinate,2026-09-17T06:41:37.002466+00:00
KW-MG-00015,Chelated Magnesium Glycinate,2026-09-17T06:41:37.002466+00:00
KW-MG-00016,Chelated Magnesium Glycinate,2026-09-17T06:41:37.002466+00:00
KW-MG-00017,Chelated Magnesium Glycinate,2026-09-17T06:41:37.002466+00:00
KW-MG-00018,Chelated Magnesium Glycinate,2026-09-17T06:41:37.002466+00:00
KW-MG-00019,Chelated Magnesium Glycinate,2026-09-17T06:41:37.002466+00:00
KW-MG-00020,Chelated Magnesium Glycinate,2026-09-17T06:41:37.002466+00:00
KW-MG-00021,Chelated Magnesium Glycinate,2026-09-17T06:41:37.002466+00:00
KW-MG-00022,Chelated Magnesium Glycinate,2026-09-17T06:41:37.002466+00:00
KW-MG-00023,Chelated Magnesium Glycinate,2026-09-17T06:41:37.002466+00:00
KW-MG-00024,Chelated Magnesium Glycinate,2026-09-17T06:41:37.002466+00:00
KW-MG-00025,Chelated Magnesium Glycinate,2026-09-17T06:41:37.002466+00:00
KW-MG-00026,Chelated Magnesium Glycinate,2026-09-17T06:41:37.002466+00:00
KW-MG-00027,Chelated Magnesium Glycinate,2026-09-17T06:41:37.002466+00:00
KW-MG-00028,Chelated Magnesium Glycinate,2026-09-17T06:41:37.002466+00:00
KW-MG-00029,Chelated Magnesium Glycinate,2026-09-17T06:41:37.002466+00:00
KW-MG-00030,Chelated Magnesium Glycinate,2026-09-17T06:41:37.002466+00:00
KW-MG-00031,Chelated Magnesium Glycinate,2026-09-17T06:41:37.002466+00:00
KW-MG-00032,Chelated Magnesium Glycinate,2026-09-17T06:41:37.002466+00:00
KW-MG-00033,Chelated Magnesium Glycinate,2026-09-17T06:41:37.002466+00:00
KW-MG-00034,Chelated Magnesium Glycinate,2026-09-17T06:41:37.002466+00:00
KW-MG-00035,Chelated Magnesium Glycinate,2026-09-17T06:41:37.002466+00:00
KW-MG-00036,Chelated Magnesium Glycinate,2026-09-17T06:41:37.002466+00:00
KW-MG-00037,Chelated Magnesium Glycinate,2026-09-17T06:41:37.002466+00:00
KW-MG-00038,Chelated Magnesium Glycinate,2026-09-17T06:41:37.002466+00:00
KW-MG-00039,Chelated Magnesium Glycinate,2026-09-17T06:41:37.002466+00:00
KW-MG-00040,Chelated Magnesium Glycinate,2026-09-17T06:41:37.002466+00:00
KW-MG-00041,Chelated Magnesium Glycinate,2026-09-17T06:41:37.002466+00:00
KW-MG-00042,Chelated Magnesium Glycinate,2026-09-17T06:41:37.002466+00:00
KW-MG-00043,Chelated Magnesium Glycinate,2026-09-17T06:41:37.002466+00:00
KW-MG-00044,Chelated Magnesium Glycinate,2026-09-17T06:41:37.002466+00:00
KW-MG-00045,Chelated Magnesium Glycinate,2026-09-17T06:41:37.002466+00:00
KW-MG-00046,Chelated Magnesium Glycinate,2026-09-17T06:41:37.002466+00:00
KW-MG-00047,Chelated Magnesium Glycinate,2026-09-17T06:41:37.002466+00:00
KW-MG-00048,Chelated Magnesium Glycinate,2026-09-17T06:41:37.002466+00:00
KW-MG-00049,Chelated Magnesium Glycinate,2026-09-17T06:41:37.002466+00:00
KW-MG-00050,Chelated Magnesium Glycinate,2026-09-17T06:41:37.002466+00:00
KW-MG-00051,Chelated Magnesium Glycinate,2026-09-17T06:41:37.002466+00:00
KW-MG-00052,Chelated Magnesium Glycinate,2026-09-17T06:41:37.002466+00:00
KW-MG-00053,Chelated Magnesium Glycinate,2026-09-17T06:41:37.002466+00:00
KW-MG-00054,Chelated Magnesium Glycinate,2026-09-17T06:41:37.002466+00:00
KW-MG-00055,Chelated Magnesium Glycinate,2026-09-17T06:41:37.002466+00:00
KW-MG-00056,Chelated Magnesium Glycinate,2026-09-17T06:41:37.002466+00:00
KW-MG-00057,Chelated Magnesium Glycinate,2026-09-17T06:41:37.002466+00:00
KW-MG-00058,Chelated Magnesium Glycinate,2026-09-17T06:41:37.002466+00:00
KW-MG-00059,Chelated Magnesium Glycinate,2026-09-17T06:41:37.002466+00:00
KW-MG-00060,Chelated Magnesium Glycinate,2026-09-17T06:41:37.002466+00:00
KW-MG-00061,Chelated Magnesium Glycinate,2026-09-17T06:41:37.002466+00:00
KW-MG-00062,Chelated Magnesium Glycinate,2026-09-17T06:41:37.002466+00:00
KW-MG-00063,Chelated Magnesium Glycinate,2026-09-17T06:41:37.002466+00:00
KW-MG-00064,Chelated Magnesium Glycinate,2026-09-17T06:41:37.002466+00:00
KW-MG-00065,Chelated Magnesium Glycinate,2026-09-17T06:41:37.002466+00:00
KW-MG-00066,Chelated Magnesium Glycinate,2026-09-17T06:41:37.002466+00:00
KW-MG-00067,Chelated Magnesium Glycinate,2026-09-17T06:41:37.002466+00:00
KW-MG-00068,Chelated Magnesium Glycinate,2026-09-17T06:41:37.002466+00:00
KW-MG-00069,Chelated Magnesium Glycinate,2026-09-17T06:41:37.002466+00:00
KW-MG-00070,Chelated Magnesium Glycinate,2026-09-17T06:41:37.002466+00:00
KW-MG-00071,Chelated Magnesium Glycinate,2026-09-17T06:41:37.002466+00:00
KW-MG-00072,Chelated Magnesium Glycinate,2026-09-17T06:41:37.002466+00:00
KW-MG-00073,Chelated Magnesium Glycinate,2026-09-17T06:41:37.002466+00:00
KW-MG-00074,Chelated Magnesium Glycinate,2026-09-17T06:41:37.002466+00:00
KW-MG-00075,Chelated Magnesium Glycinate,2026-09-17T06:41:37.002466+00:00
KW-MG-00076,Chelated Magnesium Glycinate,2026-09-17T06:41:37.002466+00:00
KW-MG-00077,Chelated Magnesium Glycinate,2026-09-17T06:41:37.002466+00:00
KW-MG-00078,Chelated Magnesium Glycinate,2026-09-17T06:41:37.002466+00:00
KW-MG-00079,Chelated Magnesium Glycinate,2026-09-17T06:41:37.002466+00:00
KW-MG-00080,Chelated Magnesium Glycinate,2026-09-17T06:41:37.002466+00:00
KW-MG-00081,Chelated Magnesium Glycinate,2026-09-17T06:41:37.002466+00:00
KW-MG-00082,Chelated Magnesium Glycinate,2026-09-17T06:41:37.002466+00:00
KW-MG-00083,Chelated Magnesium Glycinate,2026-09-17T06:41:37.002466+00:00
KW-MG-00084,Chelated Magnesium Glycinate,2026-09-17T06:41:37.002466+00:00
KW-MG-00085,Chelated Magnesium Glycinate,2026-09-17T06:41:37.002466+00:00
KW-MG-00086,Chelated Magnesium Glycinate,2026-09-17T06:41:37.002466+00:00
KW-MG-00087,Chelated Magnesium Glycinate,2026-09-17T06:41:37.002466+00:00
KW-MG-00088,Chelated Magnesium Glycinate,2026-09-17T06:41:37.002466+00:00
KW-MG-00089,Chelated Magnesium Glycinate,2026-09-17T06:41:37.002466+00:00
KW-MG-00090,Chelated Magnesium Glycinate,2026-09-17T06:41:37.002466+00:00
KW-MG-00091,Chelated Magnesium Glycinate,2026-09-17T06:41:37.002466+00:00
KW-MG-00092,Chelated Magnesium Glycinate,2026-09-17T06:41:37.002466+00:00
KW-MG-00093,Chelated Magnesium Glycinate,2026-09-17T06:41:37.002466+00:00
KW-MG-00094,Chelated Magnesium Glycinate,2026-09-17T06:41:37.002466+00:00
KW-MG-00095,Chelated Magnesium Glycinate,2026-09-17T06:41:37.002466+00:00
KW-MG-00096,Chelated Magnesium Glycinate,2026-09-17T06:41:37.002466+00:00
KW-MG-00097,Chelated Magnesium Glycinate,2026-09-17T06:41:37.002466+00:00
KW-MG-00098,Chelated Magnesium Glycinate,2026-09-17T06:41:37.002466+00:00
KW-MG-00099,Chelated Magnesium Glycinate,2026-09-17T06:41:37.002466+00:00
KW-MG-00100,Chelated Magnesium Glycinate,2026-09-17T06:41:37.002466+00:00
KW-MG-00101,Chelated Magnesium Glycinate,2026-09-17T06:41:37.002466+00:00
KW-MG-00102,Chelated Magnesium Glycinate,2026-09-17T06:41:37.002466+00:00
KW-MG-00103,Chelated Magnesium Glycinate,2026-09-17T06:41:37.002466+00:00
KW-MG-00104,Chelated Magnesium Glycinate,2026-09-17T06:41:37.002466+00:00
KW-MG-00105,Chelated Magnesium Glycinate,2026-09-17T06:41:37.002466+00:00
KW-MG-00106,Chelated Magnesium Glycinate,2026-09-17T06:41:37.002466+00:00
KW-MG-00107,Chelated Magnesium Glycinate,2026-09-17T06:41:37.002466+00:00
KW-MG-00108,Chelated Magnesium Glycinate,2026-09-17T06:41:37.002466+00:00
KW-MG-00109,Chelated Magnesium Glycinate,2026-09-17T06:41:37.002466+00:00
KW-MG-00110,Chelated Magnesium Glycinate,2026-09-17T06:41:37.002466+00:00
KW-MG-00111,Chelated Magnesium Glycinate,2026-09-17T06:41:37.002466+00:00
KW-MG-00112,Chelated Magnesium Glycinate,2026-09-17T06:41:37.002466+00:00
KW-MG-00113,Chelated Magnesium Glycinate,2026-09-17T06:41:37.002466+00:00
KW-MG-00114,Chelated Magnesium Glycinate,2026-09-17T06:41:37.002466+00:00
KW-MG-00115,Chelated Magnesium Glycinate,2026-09-17T06:41:37.002466+00:00
KW-MG-00116,Chelated Magnesium Glycinate,2026-09-17T06:41:37.002466+00:00
KW-MG-00117,Chelated Magnesium Glycinate,2026-09-17T06:41:37.002466+00:00
KW-MG-00118,Chelated Magnesium Glycinate,2026-09-17T06:41:37.002466+00:00
KW-MG-00119,Chelated Magnesium Glycinate,2026-09-17T06:41:37.002466+00:00
KW-MG-00120,Chelated Magnesium Glycinate,2026-09-17T06:41:37.002466+00:00
KW-MG-00121,Chelated Magnesium Glycinate,2026-09-17T06:41:37.002466+00:00
KW-MG-00122,Chelated Magnesium Glycinate,2026-09-17T06:41:37.002466+00:00
KW-MG-00123,Chelated Magnesium Glycinate,2026-09-17T06:41:37.002466+00:00
KW-MG-00124,Chelated Magnesium Glycinate,2026-09-17T06:41:37.002466+00:00
KW-MG-00125,Chelated Magnesium Glycinate,2026-09-17T06:41:37.002466+00:00
KW-MG-00126,Chelated Magnesium Glycinate,2026-09-17T06:41:37.002466+00:00
KW-MG-00127,Chelated Magnesium Glycinate,2026-09-17T06:41:37.002466+00:00
KW-MG-00128,Chelated Magnesium Glycinate,2026-09-17T06:41:37.002466+00:00
KW-MG-00129,Chelated Magnesium Glycinate,2026-09-17T06:41:37.002466+00:00
KW-MG-00130,Chelated Magnesium Glycinate,2026-09-17T06:41:37.002466+00:00
KW-MG-00131,Chelated Magnesium Glycinate,2026-09-17T06:41:37.002466+00:00
KW-MG-00132,Chelated Magnesium Glycinate,2026-09-17T06:41:37.002466+00:00
KW-MG-00133,Chelated Magnesium Glycinate,2026-09-17T06:41:37.002466+00:00
KW-MG-00134,Chelated Magnesium Glycinate,2026-09-17T06:41:37.002466+00:00
KW-MG-00135,Chelated Magnesium Glycinate,2026-09-17T06:41:37.002466+00:00
KW-MG-00136,Chelated Magnesium Glycinate,2026-09-17T06:41:37.002466+00:00
KW-MG-00137,Chelated Magnesium Glycinate,2026-09-17T06:41:37.002466+00:00
KW-MG-00138,Chelated Magnesium Glycinate,2026-09-17T06:41:37.002466+00:00
KW-MG-00139,Chelated Magnesium Glycinate,2026-09-17T06:41:37.002466+00:00
KW-MG-00140,Chelated Magnesium Glycinate,2026-09-17T06:41:37.002466+00:00
KW-MG-00141,Chelated Magnesium Glycinate,2026-09-17T06:41:37.002466+00:00
KW-MG-00142,Chelated Magnesium Glycinate,2026-09-17T06:41:37.002466+00:00
KW-MG-00143,Chelated Magnesium Glycinate,2026-09-17T06:41:37.002466+00:00
KW-MG-00144,Chelated Magnesium Glycinate,2026-09-17T06:41:37.002466+00:00
KW-MG-00145,Chelated Magnesium Glycinate,2026-09-17T06:41:37.002466+00:00
KW-MG-00146,Chelated Magnesium Glycinate,2026-09-17T06:41:37.002466+00:00
KW-MG-00147,Chelated Magnesium Glycinate,2026-09-17T06:41:37.002466+00:00
KW-MG-00148,Chelated Magnesium Glycinate,2026-09-17T06:41:37.002466+00:00
KW-MG-00149,Chelated Magnesium Glycinate,2026-09-17T06:41:37.002466+00:00
KW-MG-00150,Chelated Magnesium Glycinate,2026-09-17T06:41:37.002466+00:00
KW-MG-00151,Chelated Magnesium Glycinate,2026-09-17T06:41:37.002466+00:00
KW-MG-00152,Chelated Magnesium Glycinate,2026-09-17T06:41:37.002466+00:00
KW-MG-00153,Chelated Magnesium Glycinate,2026-09-17T06:41:37.002466+00:00
KW-MG-00154,Chelated Magnesium Glycinate,2026-09-17T06:41:37.002466+00:00
KW-MG-00155,Chelated Magnesium Glycinate,2026-09-17T06:41:37.002466+00:00
KW-MG-00156,Chelated Magnesium Glycinate,2026-09-17T06:41:37.002466+00:00
KW-MG-00157,Chelated Magnesium Glycinate,2026-09-17T06:41:37.002466+00:00
KW-MG-00158,Chelated Magnesium Glycinate,2026-09-17T06:41:37.002466+00:00
KW-MG-00159,Chelated Magnesium Glycinate,2026-09-17T06:41:37.002466+00:00
KW-MG-00160,Chelated Magnesium Glycinate,2026-09-17T06:41:37.002466+00:00
KW-MG-00161,Chelated Magnesium Glycinate,2026-09-17T06:41:37.002466+00:00
KW-MG-00162,Chelated Magnesium Glycinate,2026-09-17T06:41:37.002466+00:00
KW-MG-00163,Chelated Magnesium Glycinate,2026-09-17T06:41:37.002466+00:00
KW-MG-00164,Chelated Magnesium Glycinate,2026-09-17T06:41:37.002466+00:00
KW-MG-00165,Chelated Magnesium Glycinate,2026-09-17T06:41:37.002466+00:00
KW-MG-00166,Chelated Magnesium Glycinate,2026-09-17T06:41:37.002466+00:00
KW-MG-00167,Chelated Magnesium Glycinate,2026-09-17T06:41:37.002466+00:00
KW-MG-00168,Chelated Magnesium Glycinate,2026-09-17T06:41:37.002466+00:00
KW-MG-00169,Chelated Magnesium Glycinate,2026-09-17T06:41:37.002466+00:00
KW-MG-00170,Chelated Magnesium Glycinate,2026-09-17T06:41:37.002466+00:00
KW-MG-00171,Chelated Magnesium Glycinate,2026-09-17T06:41:37.002466+00:00
KW-MG-00172,Chelated Magnesium Glycinate,2026-09-17T06:41:37.002466+00:00
KW-MG-00173,Chelated Magnesium Glycinate,2026-09-17T06:41:37.002466+00:00
KW-MG-00174,Chelated Magnesium Glycinate,2026-09-17T06:41:37.002466+00:00
KW-MG-00175,Chelated Magnesium Glycinate,2026-09-17T06:41:37.002466+00:00
KW-MG-00176,Chelated Magnesium Glycinate,2026-09-17T06:41:37.002466+00:00
KW-MG-00177,Chelated Magnesium Glycinate,2026-09-17T06:41:37.002466+00:00
KW-MG-00178,Chelated Magnesium Glycinate,2026-09-17T06:41:37.002466+00:00
KW-MG-00179,Chelated Magnesium Glycinate,2026-09-17T06:41:37.002466+00:00
KW-MG-00180,Chelated Magnesium Glycinate,2026-09-17T06:41:37.002466+00:00
KW-MG-00181,Chelated Magnesium Glycinate,2026-09-17T06:41:37.002466+00:00
KW-MG-00182,Chelated Magnesium Glycinate,2026-09-17T06:41:37.002466+00:00
KW-MG-00183,Chelated Magnesium Glycinate,2026-09-17T06:41:37.002466+00:00
KW-MG-00184,Chelated Magnesium Glycinate,2026-09-17T06:41:37.002466+00:00
KW-MG-00185,Chelated Magnesium Glycinate,2026-09-17T06:41:37.002466+00:00
KW-MG-00186,Chelated Magnesium Glycinate,2026-09-17T06:41:37.002466+00:00
KW-MG-00187,Chelated Magnesium Glycinate,2026-09-17T06:41:37.002466+00:00
KW-MG-00188,Chelated Magnesium Glycinate,2026-09-17T06:41:37.002466+00:00
KW-MG-00189,Chelated Magnesium Glycinate,2026-09-17T06:41:37.002466+00:00
KW-MG-00190,Chelated Magnesium Glycinate,2026-09-17T06:41:37.002466+00:00
KW-MG-00191,Chelated Magnesium Glycinate,2026-09-17T06:41:37.002466+00:00
KW-MG-00192,Chelated Magnesium Glycinate,2026-09-17T06:41:37.002466+00:00
KW-MG-00193,Chelated Magnesium Glycinate,2026-09-17T06:41:37.002466+00:00
KW-MG-00194,Chelated Magnesium Glycinate,2026-09-17T06:41:37.002466+00:00
KW-MG-00195,Chelated Magnesium Glycinate,2026-09-17T06:41:37.002466+00:00
KW-MG-00196,Chelated Magnesium Glycinate,2026-09-17T06:41:37.002466+00:00
KW-MG-00197,Chelated Magnesium Glycinate,2026-09-17T06:41:37.002466+00:00
KW-MG-00198,Chelated Magnesium Glycinate,2026-09-17T06:41:37.002466+00:00
KW-MG-00199,Chelated Magnesium Glycinate,2026-09-17T06:41:37.002466+00:00
KW-MG-00200,Chelated Magnesium Glycinate,2026-09-17T06:41:37.002466+00:00
KW-MG-00201,Chelated Magnesium Glycinate,2026-09-17T06:41:37.002466+00:00
KW-MG-00202,Chelated Magnesium Glycinate,2026-09-17T06:41:37.002466+00:00
KW-MG-00203,Chelated Magnesium Glycinate,2026-09-17T06:41:37.002466+00:00
KW-MG-00204,Chelated Magnesium Glycinate,2026-09-17T06:41:37.002466+00:00
KW-MG-00205,Chelated Magnesium Glycinate,2026-09-17T06:41:37.002466+00:00
KW-MG-00206,Chelated Magnesium Glycinate,2026-09-17T06:41:37.002466+00:00
KW-MG-00207,Chelated Magnesium Glycinate,2026-09-17T06:41:37.002466+00:00
KW-MG-00208,Chelated Magnesium Glycinate,2026-09-17T06:41:37.002466+00:00
KW-MG-00209,Chelated Magnesium Glycinate,2026-09-17T06:41:37.002466+00:00
KW-MG-00210,Chelated Magnesium Glycinate,2026-09-17T06:41:37.002466+00:00
KW-MG-00211,Chelated Magnesium Glycinate,2026-09-17T06:41:37.002466+00:00
KW-MG-00212,Chelated Magnesium Glycinate,2026-09-17T06:41:37.002466+00:00
KW-MG-00213,Chelated Magnesium Glycinate,2026-09-17T06:41:37.002466+00:00
KW-MG-00214,Chelated Magnesium Glycinate,2026-09-17T06:41:37.002466+00:00
KW-MG-00215,Chelated Magnesium Glycinate,2026-09-17T06:41:37.002466+00:00
KW-MG-00216,Chelated Magnesium Glycinate,2026-09-17T06:41:37.002466+00:00
KW-MG-00217,Chelated Magnesium Glycinate,2026-09-17T06:41:37.002466+00:00
KW-MG-00218,Chelated Magnesium Glycinate,2026-09-17T06:41:37.002466+00:00
KW-MG-00219,Chelated Magnesium Glycinate,2026-09-17T06:41:37.002466+00:00
KW-MG-00220,Chelated Magnesium Glycinate,2026-09-17T06:41:37.002466+00:00
KW-MG-00221,Chelated Magnesium Glycinate,2026-09-17T06:41:37.002466+00:00
KW-MG-00222,Chelated Magnesium Glycinate,2026-09-17T06:41:37.002466+00:00
KW-MG-00223,Chelated Magnesium Glycinate,2026-09-17T06:41:37.002466+00:00
KW-MG-00224,Chelated Magnesium Glycinate,2026-09-17T06:41:37.002466+00:00
KW-MG-00225,Chelated Magnesium Glycinate,2026-09-17T06:41:37.002466+00:00
KW-MG-00226,Chelated Magnesium Glycinate,2026-09-17T06:41:37.002466+00:00
KW-MG-00227,Chelated Magnesium Glycinate,2026-09-17T06:41:37.002466+00:00
KW-MG-00228,Chelated Magnesium Glycinate,2026-09-17T06:41:37.002466+00:00
KW-MG-00229,Chelated Magnesium Glycinate,2026-09-17T06:41:37.002466+00:00
KW-MG-00230,Chelated Magnesium Glycinate,2026-09-17T06:41:37.002466+00:00
KW-MG-00231,Chelated Magnesium Glycinate,2026-09-17T06:41:37.002466+00:00
KW-MG-00232,Chelated Magnesium Glycinate,2026-09-17T06:41:37.002466+00:00
KW-MG-00233,Chelated Magnesium Glycinate,2026-09-17T06:41:37.002466+00:00
KW-MG-00234,Chelated Magnesium Glycinate,2026-09-17T06:41:37.002466+00:00
KW-MG-00235,Chelated Magnesium Glycinate,2026-09-17T06:41:37.002466+00:00
KW-MG-00236,Chelated Magnesium Glycinate,2026-09-17T06:41:37.002466+00:00
KW-MG-00237,Chelated Magnesium Glycinate,2026-09-17T06:41:37.002466+00:00
KW-MG-00238,Chelated Magnesium Glycinate,2026-09-17T06:41:37.002466+00:00
KW-MG-00239,Chelated Magnesium Glycinate,2026-09-17T06:41:37.002466+00:00
KW-MG-00240,Chelated Magnesium Glycinate,2026-09-17T06:41:37.002466+00:00
KW-MG-00241,Chelated Magnesium Glycinate,2026-09-17T06:41:37.002466+00:00
KW-MG-00242,Chelated Magnesium Glycinate,2026-09-17T06:41:37.002466+00:00
KW-MG-00243,Chelated Magnesium Glycinate,2026-09-17T06:41:37.002466+00:00
KW-MG-00244,Chelated Magnesium Glycinate,2026-09-17T06:41:37.002466+00:00
KW-MG-00245,Chelated Magnesium Glycinate,2026-09-17T06:41:37.002466+00:00
KW-MG-00246,Chelated Magnesium Glycinate,2026-09-17T06:41:37.002466+00:00
KW-MG-00247,Chelated Magnesium Glycinate,2026-09-17T06:41:37.002466+00:00
KW-MG-00248,Chelated Magnesium Glycinate,2026-09-17T06:41:37.002466+00:00
KW-MG-00249,Chelated Magnesium Glycinate,2026-09-17T06:41:37.002466+00:00
KW-MG-00250,Chelated Magnesium Glycinate,2026-09-17T06:41:37.002466+00:00
KW-MG-00251,Chelated Magnesium Glycinate,2026-09-17T06:41:37.002466+00:00
KW-MG-00252,Chelated Magnesium Glycinate,2026-09-17T06:41:37.002466+00:00
KW-MG-00253,Chelated Magnesium Glycinate,2026-09-17T06:41:37.002466+00:00
KW-MG-00254,Chelated Magnesium Glycinate,2026-09-17T06:41:37.002466+00:00
KW-MG-00255,Chelated Magnesium Glycinate,2026-09-17T06:41:37.002466+00:00
KW-MG-00256,Chelated Magnesium Glycinate,2026-09-17T06:41:37.002466+00:00
KW-MG-00257,Chelated Magnesium Glycinate,2026-09-17T06:41:37.002466+00:00
KW-MG-00258,Chelated Magnesium Glycinate,2026-09-17T06:41:37.002466+00:00
KW-MG-00259,Chelated Magnesium Glycinate,2026-09-17T06:41:37.002466+00:00
KW-MG-00260,Chelated Magnesium Glycinate,2026-09-17T06:41:37.002466+00:00
KW-MG-00261,Chelated Magnesium Glycinate,2026-09-17T06:41:37.002466+00:00
KW-MG-00262,Chelated Magnesium Glycinate,2026-09-17T06:41:37.002466+00:00
KW-MG-00263,Chelated Magnesium Glycinate,2026-09-17T06:41:37.002466+00:00
KW-MG-00264,Chelated Magnesium Glycinate,2026-09-17T06:41:37.002466+00:00
KW-MG-00265,Chelated Magnesium Glycinate,2026-09-17T06:41:37.002466+00:00
KW-MG-00266,Chelated Magnesium Glycinate,2026-09-17T06:41:37.002466+00:00
KW-MG-00267,Chelated Magnesium Glycinate,2026-09-17T06:41:37.002466+00:00
KW-MG-00268,Chelated Magnesium Glycinate,2026-09-17T06:41:37.002466+00:00
KW-MG-00269,Chelated Magnesium Glycinate,2026-09-17T06:41:37.002466+00:00
KW-MG-00270,Chelated Magnesium Glycinate,2026-09-17T06:41:37.002466+00:00
KW-MG-00271,Chelated Magnesium Glycinate,2026-09-17T06:41:37.002466+00:00
KW-MG-00272,Chelated Magnesium Glycinate,2026-09-17T06:41:37.002466+00:00
KW-MG-00273,Chelated Magnesium Glycinate,2026-09-17T06:41:37.002466+00:00
KW-MG-00274,Chelated Magnesium Glycinate,2026-09-17T06:41:37.002466+00:00
KW-MG-00275,Chelated Magnesium Glycinate,2026-09-17T06:41:37.002466+00:00
KW-MG-00276,Chelated Magnesium Glycinate,2026-09-17T06:41:37.002466+00:00
KW-MG-00277,Chelated Magnesium Glycinate,2026-09-17T06:41:37.002466+00:00
KW-MG-00278,Chelated Magnesium Glycinate,2026-09-17T06:41:37.002466+00:00
KW-MG-00279,Chelated Magnesium Glycinate,2026-09-17T06:41:37.002466+00:00
KW-MG-00280,Chelated Magnesium Glycinate,2026-09-17T06:41:37.002466+00:00
KW-MG-00281,Chelated Magnesium Glycinate,2026-09-17T06:41:37.002466+00:00
KW-MG-00282,Chelated Magnesium Glycinate,2026-09-17T06:41:37.002466+00:00
KW-MG-00283,Chelated Magnesium Glycinate,2026-09-17T06:41:37.002466+00:00
KW-MG-00284,Chelated Magnesium Glycinate,2026-09-17T06:41:37.002466+00:00
KW-MG-00285,Chelated Magnesium Glycinate,2026-09-17T06:41:37.002466+00:00
KW-MG-00286,Chelated Magnesium Glycinate,2026-09-17T06:41:37.002466+00:00
KW-MG-00287,Chelated Magnesium Glycinate,2026-09-17T06:41:37.002466+00:00
KW-MG-00288,Chelated Magnesium Glycinate,2026-09-17T06:41:37.002466+00:00
KW-MG-00289,Chelated Magnesium Glycinate,2026-09-17T06:41:37.002466+00:00
KW-MG-00290,Chelated Magnesium Glycinate,2026-09-17T06:41:37.002466+00:00
KW-MG-00291,Chelated Magnesium Glycinate,2026-09-17T06:41:37.002466+00:00
KW-MG-00292,Chelated Magnesium Glycinate,2026-09-17T06:41:37.002466+00:00
KW-MG-00293,Chelated Magnesium Glycinate,2026-09-17T06:41:37.002466+00:00
KW-MG-00294,Chelated Magnesium Glycinate,2026-09-17T06:41:37.002466+00:00
KW-MG-00295,Chelated Magnesium Glycinate,2026-09-17T06:41:37.002466+00:00
KW-MG-00296,Chelated Magnesium Glycinate,2026-09-17T06:41:37.002466+00:00
KW-MG-00297,Chelated Magnesium Glycinate,2026-09-17T06:41:37.002466+00:00
KW-MG-00298,Chelated Magnesium Glycinate,2026-09-17T06:41:37.002466+00:00
KW-MG-00299,Chelated Magnesium Glycinate,2026-09-17T06:41:37.002466+00:00
KW-MG-00300,Chelated Magnesium Glycinate,2026-09-17T06:41:37.002466+00:00
KW-MG-00301,Chelated Magnesium Glycinate,2026-09-17T06:41:37.002466+00:00
KW-MG-00302,Chelated Magnesium Glycinate,2026-09-17T06:41:37.002466+00:00
KW-MG-00303,Chelated Magnesium Glycinate,2026-09-17T06:41:37.002466+00:00
KW-MG-00304,Chelated Magnesium Glycinate,2026-09-17T06:41:37.002466+00:00
KW-MG-00305,Chelated Magnesium Glycinate,2026-09-17T06:41:37.002466+00:00
KW-MG-00306,Chelated Magnesium Glycinate,2026-09-17T06:41:37.002466+00:00
KW-MG-00307,Chelated Magnesium Glycinate,2026-09-17T06:41:37.002466+00:00
KW-MG-00308,Chelated Magnesium Glycinate,2026-09-17T06:41:37.002466+00:00
KW-MG-00309,Chelated Magnesium Glycinate,2026-09-17T06:41:37.002466+00:00
KW-MG-00310,Chelated Magnesium Glycinate,2026-09-17T06:41:37.002466+00:00
KW-MG-00311,Chelated Magnesium Glycinate,2026-09-17T06:41:37.002466+00:00
KW-MG-00312,Chelated Magnesium Glycinate,2026-09-17T06:41:37.002466+00:00
KW-MG-00313,Chelated Magnesium Glycinate,2026-09-17T06:41:37.002466+00:00
KW-MG-00314,Chelated Magnesium Glycinate,2026-09-17T06:41:37.002466+00:00
KW-MG-00315,Chelated Magnesium Glycinate,2026-09-17T06:41:37.002466+00:00
KW-MG-00316,Chelated Magnesium Glycinate,2026-09-17T06:41:37.002466+00:00
KW-MG-00317,Chelated Magnesium Glycinate,2026-09-17T06:41:37.002466+00:00
KW-MG-00318,Chelated Magnesium Glycinate,2026-09-17T06:41:37.002466+00:00
KW-MG-00319,Chelated Magnesium Glycinate,2026-09-17T06:41:37.002466+00:00
KW-MG-00320,Chelated Magnesium Glycinate,2026-09-17T06:41:37.002466+00:00
KW-MG-00321,Chelated Magnesium Glycinate,2026-09-17T06:41:37.002466+00:00
KW-MG-00322,Chelated Magnesium Glycinate,2026-09-17T06:41:37.002466+00:00
KW-MG-00323,Chelated Magnesium Glycinate,2026-09-17T06:41:37.002466+00:00
KW-MG-00324,Chelated Magnesium Glycinate,2026-09-17T06:41:37.002466+00:00
KW-MG-00325,Chelated Magnesium Glycinate,2026-09-17T06:41:37.002466+00:00
KW-MG-00326,Chelated Magnesium Glycinate,2026-09-17T06:41:37.002466+00:00
KW-MG-00327,Chelated Magnesium Glycinate,2026-09-17T06:41:37.002466+00:00
KW-MG-00328,Chelated Magnesium Glycinate,2026-09-17T06:41:37.002466+00:00
KW-MG-00329,Chelated Magnesium Glycinate,2026-09-17T06:41:37.002466+00:00
KW-MG-00330,Chelated Magnesium Glycinate,2026-09-17T06:41:37.002466+00:00
KW-MG-00331,Chelated Magnesium Glycinate,2026-09-17T06:41:37.002466+00:00
KW-MG-00332,Chelated Magnesium Glycinate,2026-09-17T06:41:37.002466+00:00
KW-MG-00333,Chelated Magnesium Glycinate,2026-09-17T06:41:37.002466+00:00
KW-MG-00334,Chelated Magnesium Glycinate,2026-09-17T06:41:37.002466+00:00
KW-MG-00335,Chelated Magnesium Glycinate,2026-09-17T06:41:37.002466+00:00
KW-MG-00336,Chelated Magnesium Glycinate,2026-09-17T06:41:37.002466+00:00
KW-MG-00337,Chelated Magnesium Glycinate,2026-09-17T06:41:37.002466+00:00
KW-MG-00338,Chelated Magnesium Glycinate,2026-09-17T06:41:37.002466+00:00
KW-MG-00339,Chelated Magnesium Glycinate,2026-09-17T06:41:37.002466+00:00
KW-MG-00340,Chelated Magnesium Glycinate,2026-09-17T06:41:37.002466+00:00
KW-MG-00341,Chelated Magnesium Glycinate,2026-09-17T06:41:37.002466+00:00
KW-MG-00342,Chelated Magnesium Glycinate,2026-09-17T06:41:37.002466+00:00
KW-MG-00343,Chelated Magnesium Glycinate,2026-09-17T06:41:37.002466+00:00
KW-MG-00344,Chelated Magnesium Glycinate,2026-09-17T06:41:37.002466+00:00
KW-MG-00345,Chelated Magnesium Glycinate,2026-09-17T06:41:37.002466+00:00
KW-MG-00346,Chelated Magnesium Glycinate,2026-09-17T06:41:37.002466+00:00
KW-MG-00347,Chelated Magnesium Glycinate,2026-09-17T06:41:37.002466+00:00
KW-MG-00348,Chelated Magnesium Glycinate,2026-09-17T06:41:37.002466+00:00
KW-MG-00349,Chelated Magnesium Glycinate,2026-09-17T06:41:37.002466+00:00
KW-MG-00350,Chelated Magnesium Glycinate,2026-09-17T06:41:37.002466+00:00
KW-MG-00351,Chelated Magnesium Glycinate,2026-09-17T06:41:37.002466+00:00
KW-MG-00352,Chelated Magnesium Glycinate,2026-09-17T06:41:37.002466+00:00
KW-MG-00353,Chelated Magnesium Glycinate,2026-09-17T06:41:37.002466+00:00
KW-MG-00354,Chelated Magnesium Glycinate,2026-09-17T06:41:37.002466+00:00
KW-MG-00355,Chelated Magnesium Glycinate,2026-09-17T06:41:37.002466+00:00
KW-MG-00356,Chelated Magnesium Glycinate,2026-09-17T06:41:37.002466+00:00
KW-MG-00357,Chelated Magnesium Glycinate,2026-09-17T06:41:37.002466+00:00
KW-MG-00358,Chelated Magnesium Glycinate,2026-09-17T06:41:37.002466+00:00
KW-MG-00359,Chelated Magnesium Glycinate,2026-09-17T06:41:37.002466+00:00
KW-MG-00360,Chelated Magnesium Glycinate,2026-09-17T06:41:37.002466+00:00
KW-MG-00361,Chelated Magnesium Glycinate,2026-09-17T06:41:37.002466+00:00
KW-MG-00362,Chelated Magnesium Glycinate,2026-09-17T06:41:37.002466+00:00
KW-MG-00363,Chelated Magnesium Glycinate,2026-09-17T06:41:37.002466+00:00
KW-MG-00364,Chelated Magnesium Glycinate,2026-09-17T06:41:37.002466+00:00
KW-MG-00365,Chelated Magnesium Glycinate,2026-09-17T06:41:37.002466+00:00
KW-MG-00366,Chelated Magnesium Glycinate,2026-09-17T06:41:37.002466+00:00
KW-MG-00367,Chelated Magnesium Glycinate,2026-09-17T06:41:37.002466+00:00
KW-MG-00368,Chelated Magnesium Glycinate,2026-09-17T06:41:37.002466+00:00
KW-MG-00369,Chelated Magnesium Glycinate,2026-09-17T06:41:37.002466+00:00
KW-MG-00370,Chelated Magnesium Glycinate,2026-09-17T06:41:37.002466+00:00
KW-MG-00371,Chelated Magnesium Glycinate,2026-09-17T06:41:37.002466+00:00
KW-MG-00372,Chelated Magnesium Glycinate,2026-09-17T06:41:37.002466+00:00
KW-MG-00373,Chelated Magnesium Glycinate,2026-09-17T06:41:37.002466+00:00
KW-MG-00374,Chelated Magnesium Glycinate,2026-09-17T06:41:37.002466+00:00
KW-MG-00375,Chelated Magnesium Glycinate,2026-09-17T06:41:37.002466+00:00
KW-MG-00376,Chelated Magnesium Glycinate,2026-09-17T06:41:37.002466+00:00
KW-MG-00377,Chelated Magnesium Glycinate,2026-09-17T06:41:37.002466+00:00
KW-MG-00378,Chelated Magnesium Glycinate,2026-09-17T06:41:37.002466+00:00
KW-MG-00379,Chelated Magnesium Glycinate,2026-09-17T06:41:37.002466+00:00
KW-MG-00380,Chelated Magnesium Glycinate,2026-09-17T06:41:37.002466+00:00
KW-MG-00381,Chelated Magnesium Glycinate,2026-09-17T06:41:37.002466+00:00
KW-MG-00382,Chelated Magnesium Glycinate,2026-09-17T06:41:37.002466+00:00
KW-MG-00383,Chelated Magnesium Glycinate,2026-09-17T06:41:37.002466+00:00
KW-MG-00384,Chelated Magnesium Glycinate,2026-09-17T06:41:37.002466+00:00
KW-MG-00385,Chelated Magnesium Glycinate,2026-09-17T06:41:37.002466+00:00
KW-MG-00386,Chelated Magnesium Glycinate,2026-09-17T06:41:37.002466+00:00
KW-MG-00387,Chelated Magnesium Glycinate,2026-09-17T06:41:37.002466+00:00
KW-MG-00388,Chelated Magnesium Glycinate,2026-09-17T06:41:37.002466+00:00
KW-MG-00389,Chelated Magnesium Glycinate,2026-09-17T06:41:37.002466+00:00
KW-MG-00390,Chelated Magnesium Glycinate,2026-09-17T06:41:37.002466+00:00
KW-MG-00391,Chelated Magnesium Glycinate,2026-09-17T06:41:37.002466+00:00
KW-MG-00392,Chelated Magnesium Glycinate,2026-09-17T06:41:37.002466+00:00
KW-MG-00393,Chelated Magnesium Glycinate,2026-09-17T06:41:37.002466+00:00
KW-MG-00394,Chelated Magnesium Glycinate,2026-09-17T06:41:37.002466+00:00
KW-MG-00395,Chelated Magnesium Glycinate,2026-09-17T06:41:37.002466+00:00
KW-MG-00396,Chelated Magnesium Glycinate,2026-09-17T06:41:37.002466+00:00
KW-MG-00397,Chelated Magnesium Glycinate,2026-09-17T06:41:37.002466+00:00
KW-MG-00398,Chelated Magnesium Glycinate,2026-09-17T06:41:37.002466+00:00
KW-MG-00399,Chelated Magnesium Glycinate,2026-09-17T06:41:37.002466+00:00
KW-MG-00400,Chelated Magnesium Glycinate,2026-09-17T06:41:37.002466+00:00
KW-MG-00401,Chelated Magnesium Glycinate,2026-09-17T06:41:37.002466+00:00
KW-MG-00402,Chelated Magnesium Glycinate,2026-09-17T06:41:37.002466+00:00
KW-MG-00403,Chelated Magnesium Glycinate,2026-09-17T06:41:37.002466+00:00
KW-MG-00404,Chelated Magnesium Glycinate,2026-09-17T06:41:37.002466+00:00
KW-MG-00405,Chelated Magnesium Glycinate,2026-09-17T06:41:37.002466+00:00
KW-MG-00406,Chelated Magnesium Glycinate,2026-09-17T06:41:37.002466+00:00
KW-MG-00407,Chelated Magnesium Glycinate,2026-09-17T06:41:37.002466+00:00
KW-MG-00408,Chelated Magnesium Glycinate,2026-09-17T06:41:37.002466+00:00
KW-ME-00001,Melatonin Sleep Support,2026-09-17T06:41:37.002466+00:00
KW-ME-00002,Melatonin Sleep Support,2026-09-17T06:41:37.002466+00:00
KW-ME-00003,Melatonin Sleep Support,2026-09-17T06:41:37.002466+00:00
KW-ME-00004,Melatonin Sleep Support,2026-09-17T06:41:37.456677+00:00
KW-ME-00005,Melatonin Sleep Support,2026-09-17T06:41:37.456677+00:00
KW-ME-00006,Melatonin Sleep Support,2026-09-17T06:41:37.456677+00:00
KW-ME-00007,Melatonin Sleep Support,2026-09-17T06:41:37.456677+00:00
KW-ME-00008,Melatonin Sleep Support,2026-09-17T06:41:37.456677+00:00
KW-ME-00009,Melatonin Sleep Support,2026-09-17T06:41:37.456677+00:00
KW-ME-00010,Melatonin Sleep Support,2026-09-17T06:41:37.456677+00:00
KW-ME-00011,Melatonin Sleep Support,2026-09-17T06:41:37.456677+00:00
KW-ME-00012,Melatonin Sleep Support,2026-09-17T06:41:37.456677+00:00
KW-ME-00013,Melatonin Sleep Support,2026-09-17T06:41:37.456677+00:00
KW-ME-00014,Melatonin Sleep Support,2026-09-17T06:41:37.456677+00:00
KW-ME-00015,Melatonin Sleep Support,2026-09-17T06:41:37.456677+00:00
KW-ME-00016,Melatonin Sleep Support,2026-09-17T06:41:37.456677+00:00
KW-ME-00017,Melatonin Sleep Support,2026-09-17T06:41:37.456677+00:00
KW-ME-00018,Melatonin Sleep Support,2026-09-17T06:41:37.456677+00:00
KW-ME-00019,Melatonin Sleep Support,2026-09-17T06:41:37.456677+00:00
KW-ME-00020,Melatonin Sleep Support,2026-09-17T06:41:37.456677+00:00
KW-ME-00021,Melatonin Sleep Support,2026-09-17T06:41:37.456677+00:00
KW-ME-00022,Melatonin Sleep Support,2026-09-17T06:41:37.456677+00:00
KW-ME-00023,Melatonin Sleep Support,2026-09-17T06:41:37.456677+00:00
KW-ME-00024,Melatonin Sleep Support,2026-09-17T06:41:37.456677+00:00
KW-ME-00025,Melatonin Sleep Support,2026-09-17T06:41:37.456677+00:00
KW-ME-00026,Melatonin Sleep Support,2026-09-17T06:41:37.456677+00:00
KW-ME-00027,Melatonin Sleep Support,2026-09-17T06:41:37.456677+00:00
KW-ME-00028,Melatonin Sleep Support,2026-09-17T06:41:37.456677+00:00
KW-ME-00029,Melatonin Sleep Support,2026-09-17T06:41:37.456677+00:00
KW-ME-00030,Melatonin Sleep Support,2026-09-17T06:41:37.456677+00:00
KW-ME-00031,Melatonin Sleep Support,2026-09-17T06:41:37.456677+00:00
KW-ME-00032,Melatonin Sleep Support,2026-09-17T06:41:37.456677+00:00
KW-ME-00033,Melatonin Sleep Support,2026-09-17T06:41:37.456677+00:00
KW-ME-00034,Melatonin Sleep Support,2026-09-17T06:41:37.456677+00:00
KW-ME-00035,Melatonin Sleep Support,2026-09-17T06:41:37.456677+00:00
KW-ME-00036,Melatonin Sleep Support,2026-09-17T06:41:37.456677+00:00
KW-ME-00037,Melatonin Sleep Support,2026-09-17T06:41:37.456677+00:00
KW-ME-00038,Melatonin Sleep Support,2026-09-17T06:41:37.456677+00:00
KW-ME-00039,Melatonin Sleep Support,2026-09-17T06:41:37.456677+00:00
KW-ME-00040,Melatonin Sleep Support,2026-09-17T06:41:37.456677+00:00
KW-ME-00041,Melatonin Sleep Support,2026-09-17T06:41:37.456677+00:00
KW-ME-00042,Melatonin Sleep Support,2026-09-17T06:41:37.456677+00:00
KW-ME-00043,Melatonin Sleep Support,2026-09-17T06:41:37.456677+00:00
KW-ME-00044,Melatonin Sleep Support,2026-09-17T06:41:37.456677+00:00
KW-ME-00045,Melatonin Sleep Support,2026-09-17T06:41:37.456677+00:00
KW-ME-00046,Melatonin Sleep Support,2026-09-17T06:41:37.456677+00:00
KW-ME-00047,Melatonin Sleep Support,2026-09-17T06:41:37.456677+00:00
KW-ME-00048,Melatonin Sleep Support,2026-09-17T06:41:37.456677+00:00
KW-ME-00049,Melatonin Sleep Support,2026-09-17T06:41:37.456677+00:00
KW-ME-00050,Melatonin Sleep Support,2026-09-17T06:41:37.456677+00:00
KW-ME-00051,Melatonin Sleep Support,2026-09-17T06:41:37.456677+00:00
KW-ME-00052,Melatonin Sleep Support,2026-09-17T06:41:37.456677+00:00
KW-ME-00053,Melatonin Sleep Support,2026-09-17T06:41:37.456677+00:00
KW-ME-00054,Melatonin Sleep Support,2026-09-17T06:41:37.456677+00:00
KW-ME-00055,Melatonin Sleep Support,2026-09-17T06:41:37.456677+00:00
KW-ME-00056,Melatonin Sleep Support,2026-09-17T06:41:37.456677+00:00
KW-ME-00057,Melatonin Sleep Support,2026-09-17T06:41:37.456677+00:00
KW-ME-00058,Melatonin Sleep Support,2026-09-17T06:41:37.456677+00:00
KW-ME-00059,Melatonin Sleep Support,2026-09-17T06:41:37.456677+00:00
KW-ME-00060,Melatonin Sleep Support,2026-09-17T06:41:37.456677+00:00
KW-ME-00061,Melatonin Sleep Support,2026-09-17T06:41:37.456677+00:00
KW-ME-00062,Melatonin Sleep Support,2026-09-17T06:41:37.456677+00:00
KW-ME-00063,Melatonin Sleep Support,2026-09-17T06:41:37.456677+00:00
KW-ME-00064,Melatonin Sleep Support,2026-09-17T06:41:37.456677+00:00
KW-ME-00065,Melatonin Sleep Support,2026-09-17T06:41:37.456677+00:00
KW-ME-00066,Melatonin Sleep Support,2026-09-17T06:41:37.456677+00:00
KW-ME-00067,Melatonin Sleep Support,2026-09-17T06:41:37.456677+00:00
KW-ME-00068,Melatonin Sleep Support,2026-09-17T06:41:37.456677+00:00
KW-ME-00069,Melatonin Sleep Support,2026-09-17T06:41:37.456677+00:00
KW-ME-00070,Melatonin Sleep Support,2026-09-17T06:41:37.456677+00:00
KW-ME-00071,Melatonin Sleep Support,2026-09-17T06:41:37.456677+00:00
KW-ME-00072,Melatonin Sleep Support,2026-09-17T06:41:37.456677+00:00
KW-ME-00073,Melatonin Sleep Support,2026-09-17T06:41:37.456677+00:00
KW-ME-00074,Melatonin Sleep Support,2026-09-17T06:41:37.456677+00:00
KW-ME-00075,Melatonin Sleep Support,2026-09-17T06:41:37.456677+00:00
KW-ME-00076,Melatonin Sleep Support,2026-09-17T06:41:37.456677+00:00
KW-ME-00077,Melatonin Sleep Support,2026-09-17T06:41:37.456677+00:00
KW-ME-00078,Melatonin Sleep Support,2026-09-17T06:41:37.456677+00:00
KW-ME-00079,Melatonin Sleep Support,2026-09-17T06:41:37.456677+00:00
KW-ME-00080,Melatonin Sleep Support,2026-09-17T06:41:37.456677+00:00
KW-ME-00081,Melatonin Sleep Support,2026-09-17T06:41:37.456677+00:00
KW-ME-00082,Melatonin Sleep Support,2026-09-17T06:41:37.456677+00:00
KW-ME-00083,Melatonin Sleep Support,2026-09-17T06:41:37.456677+00:00
KW-ME-00084,Melatonin Sleep Support,2026-09-17T06:41:37.456677+00:00
KW-ME-00085,Melatonin Sleep Support,2026-09-17T06:41:37.456677+00:00
KW-ME-00086,Melatonin Sleep Support,2026-09-17T06:41:37.456677+00:00
KW-ME-00087,Melatonin Sleep Support,2026-09-17T06:41:37.456677+00:00
KW-ME-00088,Melatonin Sleep Support,2026-09-17T06:41:37.456677+00:00
KW-ME-00089,Melatonin Sleep Support,2026-09-17T06:41:37.456677+00:00
KW-ME-00090,Melatonin Sleep Support,2026-09-17T06:41:37.456677+00:00
KW-ME-00091,Melatonin Sleep Support,2026-09-17T06:41:37.456677+00:00
KW-ME-00092,Melatonin Sleep Support,2026-09-17T06:41:37.456677+00:00
KW-ME-00093,Melatonin Sleep Support,2026-09-17T06:41:37.456677+00:00
KW-ME-00094,Melatonin Sleep Support,2026-09-17T06:41:37.456677+00:00
KW-ME-00095,Melatonin Sleep Support,2026-09-17T06:41:37.456677+00:00
KW-ME-00096,Melatonin Sleep Support,2026-09-17T06:41:37.456677+00:00
KW-ME-00097,Melatonin Sleep Support,2026-09-17T06:41:37.456677+00:00
KW-ME-00098,Melatonin Sleep Support,2026-09-17T06:41:37.456677+00:00
KW-ME-00099,Melatonin Sleep Support,2026-09-17T06:41:37.456677+00:00
KW-ME-00100,Melatonin Sleep Support,2026-09-17T06:41:37.456677+00:00
KW-ME-00101,Melatonin Sleep Support,2026-09-17T06:41:37.456677+00:00
KW-ME-00102,Melatonin Sleep Support,2026-09-17T06:41:37.456677+00:00
KW-ME-00103,Melatonin Sleep Support,2026-09-17T06:41:37.456677+00:00
KW-ME-00104,Melatonin Sleep Support,2026-09-17T06:41:37.456677+00:00
KW-ME-00105,Melatonin Sleep Support,2026-09-17T06:41:37.456677+00:00
KW-ME-00106,Melatonin Sleep Support,2026-09-17T06:41:37.456677+00:00
KW-ME-00107,Melatonin Sleep Support,2026-09-17T06:41:37.456677+00:00
KW-ME-00108,Melatonin Sleep Support,2026-09-17T06:41:37.456677+00:00
KW-ME-00109,Melatonin Sleep Support,2026-09-17T06:41:37.456677+00:00
KW-ME-00110,Melatonin Sleep Support,2026-09-17T06:41:37.456677+00:00
KW-ME-00111,Melatonin Sleep Support,2026-09-17T06:41:37.456677+00:00
KW-ME-00112,Melatonin Sleep Support,2026-09-17T06:41:37.456677+00:00
KW-ME-00113,Melatonin Sleep Support,2026-09-17T06:41:37.456677+00:00
KW-ME-00114,Melatonin Sleep Support,2026-09-17T06:41:37.456677+00:00
KW-ME-00115,Melatonin Sleep Support,2026-09-17T06:41:37.456677+00:00
KW-ME-00116,Melatonin Sleep Support,2026-09-17T06:41:37.456677+00:00
KW-ME-00117,Melatonin Sleep Support,2026-09-17T06:41:37.456677+00:00
KW-ME-00118,Melatonin Sleep Support,2026-09-17T06:41:37.456677+00:00
KW-ME-00119,Melatonin Sleep Support,2026-09-17T06:41:37.456677+00:00
KW-ME-00120,Melatonin Sleep Support,2026-09-17T06:41:37.456677+00:00
KW-ME-00121,Melatonin Sleep Support,2026-09-17T06:41:37.456677+00:00
KW-ME-00122,Melatonin Sleep Support,2026-09-17T06:41:37.456677+00:00
KW-ME-00123,Melatonin Sleep Support,2026-09-17T06:41:37.456677+00:00
KW-ME-00124,Melatonin Sleep Support,2026-09-17T06:41:37.456677+00:00
KW-ME-00125,Melatonin Sleep Support,2026-09-17T06:41:37.456677+00:00
KW-ME-00126,Melatonin Sleep Support,2026-09-17T06:41:37.456677+00:00
KW-ME-00127,Melatonin Sleep Support,2026-09-17T06:41:37.456677+00:00
KW-ME-00128,Melatonin Sleep Support,2026-09-17T06:41:37.456677+00:00
KW-ME-00129,Melatonin Sleep Support,2026-09-17T06:41:37.456677+00:00
KW-ME-00130,Melatonin Sleep Support,2026-09-17T06:41:37.456677+00:00
KW-ME-00131,Melatonin Sleep Support,2026-09-17T06:41:37.456677+00:00
KW-ME-00132,Melatonin Sleep Support,2026-09-17T06:41:37.456677+00:00
KW-ME-00133,Melatonin Sleep Support,2026-09-17T06:41:37.456677+00:00
KW-ME-00134,Melatonin Sleep Support,2026-09-17T06:41:37.456677+00:00
KW-ME-00135,Melatonin Sleep Support,2026-09-17T06:41:37.456677+00:00
KW-ME-00136,Melatonin Sleep Support,2026-09-17T06:41:37.456677+00:00
KW-ME-00137,Melatonin Sleep Support,2026-09-17T06:41:37.456677+00:00
KW-ME-00138,Melatonin Sleep Support,2026-09-17T06:41:37.456677+00:00
KW-ME-00139,Melatonin Sleep Support,2026-09-17T06:41:37.456677+00:00
KW-ME-00140,Melatonin Sleep Support,2026-09-17T06:41:37.456677+00:00
KW-ME-00141,Melatonin Sleep Support,2026-09-17T06:41:37.456677+00:00
KW-ME-00142,Melatonin Sleep Support,2026-09-17T06:41:37.456677+00:00
KW-ME-00143,Melatonin Sleep Support,2026-09-17T06:41:37.456677+00:00
KW-ME-00144,Melatonin Sleep Support,2026-09-17T06:41:37.456677+00:00
KW-ME-00145,Melatonin Sleep Support,2026-09-17T06:41:37.456677+00:00
KW-ME-00146,Melatonin Sleep Support,2026-09-17T06:41:37.456677+00:00
KW-ME-00147,Melatonin Sleep Support,2026-09-17T06:41:37.456677+00:00
KW-ME-00148,Melatonin Sleep Support,2026-09-17T06:41:37.456677+00:00
KW-ME-00149,Melatonin Sleep Support,2026-09-17T06:41:37.456677+00:00
KW-ME-00150,Melatonin Sleep Support,2026-09-17T06:41:37.456677+00:00
KW-ME-00151,Melatonin Sleep Support,2026-09-17T06:41:37.456677+00:00
KW-ME-00152,Melatonin Sleep Support,2026-09-17T06:41:37.456677+00:00
KW-ME-00153,Melatonin Sleep Support,2026-09-17T06:41:37.456677+00:00
KW-ME-00154,Melatonin Sleep Support,2026-09-17T06:41:37.456677+00:00
KW-ME-00155,Melatonin Sleep Support,2026-09-17T06:41:37.456677+00:00
KW-ME-00156,Melatonin Sleep Support,2026-09-17T06:41:37.456677+00:00
KW-ME-00157,Melatonin Sleep Support,2026-09-17T06:41:37.456677+00:00
KW-ME-00158,Melatonin Sleep Support,2026-09-17T06:41:37.456677+00:00
KW-ME-00159,Melatonin Sleep Support,2026-09-17T06:41:37.456677+00:00
KW-ME-00160,Melatonin Sleep Support,2026-09-17T06:41:37.456677+00:00
KW-ME-00161,Melatonin Sleep Support,2026-09-17T06:41:37.456677+00:00
KW-ME-00162,Melatonin Sleep Support,2026-09-17T06:41:37.456677+00:00
KW-ME-00163,Melatonin Sleep Support,2026-09-17T06:41:37.456677+00:00
KW-ME-00164,Melatonin Sleep Support,2026-09-17T06:41:37.456677+00:00
KW-ME-00165,Melatonin Sleep Support,2026-09-17T06:41:37.456677+00:00
KW-ME-00166,Melatonin Sleep Support,2026-09-17T06:41:37.456677+00:00
KW-ME-00167,Melatonin Sleep Support,2026-09-17T06:41:37.456677+00:00
KW-ME-00168,Melatonin Sleep Support,2026-09-17T06:41:37.456677+00:00
KW-ME-00169,Melatonin Sleep Support,2026-09-17T06:41:37.456677+00:00
KW-ME-00170,Melatonin Sleep Support,2026-09-17T06:41:37.456677+00:00
KW-ME-00171,Melatonin Sleep Support,2026-09-17T06:41:37.456677+00:00
KW-ME-00172,Melatonin Sleep Support,2026-09-17T06:41:37.456677+00:00
KW-ME-00173,Melatonin Sleep Support,2026-09-17T06:41:37.456677+00:00
KW-ME-00174,Melatonin Sleep Support,2026-09-17T06:41:37.456677+00:00
KW-ME-00175,Melatonin Sleep Support,2026-09-17T06:41:37.456677+00:00
KW-ME-00176,Melatonin Sleep Support,2026-09-17T06:41:37.456677+00:00
KW-ME-00177,Melatonin Sleep Support,2026-09-17T06:41:37.456677+00:00
KW-ME-00178,Melatonin Sleep Support,2026-09-17T06:41:37.456677+00:00
KW-ME-00179,Melatonin Sleep Support,2026-09-17T06:41:37.456677+00:00
KW-ME-00180,Melatonin Sleep Support,2026-09-17T06:41:37.456677+00:00
KW-ME-00181,Melatonin Sleep Support,2026-09-17T06:41:37.456677+00:00
KW-ME-00182,Melatonin Sleep Support,2026-09-17T06:41:37.456677+00:00
KW-ME-00183,Melatonin Sleep Support,2026-09-17T06:41:37.456677+00:00
KW-ME-00184,Melatonin Sleep Support,2026-09-17T06:41:37.456677+00:00
KW-ME-00185,Melatonin Sleep Support,2026-09-17T06:41:37.456677+00:00
KW-ME-00186,Melatonin Sleep Support,2026-09-17T06:41:37.456677+00:00
KW-ME-00187,Melatonin Sleep Support,2026-09-17T06:41:37.456677+00:00
KW-ME-00188,Melatonin Sleep Support,2026-09-17T06:41:37.456677+00:00
KW-ME-00189,Melatonin Sleep Support,2026-09-17T06:41:37.456677+00:00
KW-ME-00190,Melatonin Sleep Support,2026-09-17T06:41:37.456677+00:00
KW-ME-00191,Melatonin Sleep Support,2026-09-17T06:41:37.456677+00:00
KW-ME-00192,Melatonin Sleep Support,2026-09-17T06:41:37.456677+00:00
KW-ME-00193,Melatonin Sleep Support,2026-09-17T06:41:37.456677+00:00
KW-ME-00194,Melatonin Sleep Support,2026-09-17T06:41:37.456677+00:00
KW-ME-00195,Melatonin Sleep Support,2026-09-17T06:41:37.456677+00:00
KW-ME-00196,Melatonin Sleep Support,2026-09-17T06:41:37.456677+00:00
KW-ME-00197,Melatonin Sleep Support,2026-09-17T06:41:37.456677+00:00
KW-ME-00198,Melatonin Sleep Support,2026-09-17T06:41:37.456677+00:00
KW-ME-00199,Melatonin Sleep Support,2026-09-17T06:41:37.456677+00:00
KW-ME-00200,Melatonin Sleep Support,2026-09-17T06:41:37.456677+00:00
KW-ME-00201,Melatonin Sleep Support,2026-09-17T06:41:37.456677+00:00
KW-ME-00202,Melatonin Sleep Support,2026-09-17T06:41:37.456677+00:00
KW-ME-00203,Melatonin Sleep Support,2026-09-17T06:41:37.456677+00:00
KW-ME-00204,Melatonin Sleep Support,2026-09-17T06:41:37.456677+00:00
KW-ME-00205,Melatonin Sleep Support,2026-09-17T06:41:37.456677+00:00
KW-ME-00206,Melatonin Sleep Support,2026-09-17T06:41:37.456677+00:00
KW-ME-00207,Melatonin Sleep Support,2026-09-17T06:41:37.456677+00:00
KW-ME-00208,Melatonin Sleep Support,2026-09-17T06:41:37.456677+00:00
KW-ME-00209,Melatonin Sleep Support,2026-09-17T06:41:37.456677+00:00
KW-ME-00210,Melatonin Sleep Support,2026-09-17T06:41:37.456677+00:00
KW-ME-00211,Melatonin Sleep Support,2026-09-17T06:41:37.456677+00:00
KW-ME-00212,Melatonin Sleep Support,2026-09-17T06:41:37.456677+00:00
KW-ME-00213,Melatonin Sleep Support,2026-09-17T06:41:37.456677+00:00
KW-ME-00214,Melatonin Sleep Support,2026-09-17T06:41:37.456677+00:00
KW-ME-00215,Melatonin Sleep Support,2026-09-17T06:41:37.456677+00:00
KW-ME-00216,Melatonin Sleep Support,2026-09-17T06:41:37.456677+00:00
KW-ME-00217,Melatonin Sleep Support,2026-09-17T06:41:37.456677+00:00
KW-ME-00218,Melatonin Sleep Support,2026-09-17T06:41:37.456677+00:00
KW-ME-00219,Melatonin Sleep Support,2026-09-17T06:41:37.456677+00:00
KW-ME-00220,Melatonin Sleep Support,2026-09-17T06:41:37.456677+00:00
KW-ME-00221,Melatonin Sleep Support,2026-09-17T06:41:37.456677+00:00
KW-ME-00222,Melatonin Sleep Support,2026-09-17T06:41:37.456677+00:00
KW-ME-00223,Melatonin Sleep Support,2026-09-17T06:41:37.456677+00:00
KW-ME-00224,Melatonin Sleep Support,2026-09-17T06:41:37.456677+00:00
KW-ME-00225,Melatonin Sleep Support,2026-09-17T06:41:37.456677+00:00
KW-ME-00226,Melatonin Sleep Support,2026-09-17T06:41:37.456677+00:00
KW-ME-00227,Melatonin Sleep Support,2026-09-17T06:41:37.456677+00:00
KW-ME-00228,Melatonin Sleep Support,2026-09-17T06:41:37.456677+00:00
KW-ME-00229,Melatonin Sleep Support,2026-09-17T06:41:37.456677+00:00
KW-ME-00230,Melatonin Sleep Support,2026-09-17T06:41:37.456677+00:00
KW-ME-00231,Melatonin Sleep Support,2026-09-17T06:41:37.456677+00:00
KW-ME-00232,Melatonin Sleep Support,2026-09-17T06:41:37.456677+00:00
KW-ME-00233,Melatonin Sleep Support,2026-09-17T06:41:37.456677+00:00
KW-ME-00234,Melatonin Sleep Support,2026-09-17T06:41:37.456677+00:00
KW-ME-00235,Melatonin Sleep Support,2026-09-17T06:41:37.456677+00:00
KW-ME-00236,Melatonin Sleep Support,2026-09-17T06:41:37.456677+00:00
KW-ME-00237,Melatonin Sleep Support,2026-09-17T06:41:37.456677+00:00
KW-ME-00238,Melatonin Sleep Support,2026-09-17T06:41:37.456677+00:00
KW-ME-00239,Melatonin Sleep Support,2026-09-17T06:41:37.456677+00:00
KW-ME-00240,Melatonin Sleep Support,2026-09-17T06:41:37.456677+00:00
KW-ME-00241,Melatonin Sleep Support,2026-09-17T06:41:37.456677+00:00
KW-ME-00242,Melatonin Sleep Support,2026-09-17T06:41:37.456677+00:00
KW-ME-00243,Melatonin Sleep Support,2026-09-17T06:41:37.456677+00:00
KW-ME-00244,Melatonin Sleep Support,2026-09-17T06:41:37.456677+00:00
KW-ME-00245,Melatonin Sleep Support,2026-09-17T06:41:37.456677+00:00
KW-ME-00246,Melatonin Sleep Support,2026-09-17T06:41:37.456677+00:00
KW-ME-00247,Melatonin Sleep Support,2026-09-17T06:41:37.456677+00:00
KW-ME-00248,Melatonin Sleep Support,2026-09-17T06:41:37.456677+00:00
KW-ME-00249,Melatonin Sleep Support,2026-09-17T06:41:37.456677+00:00
KW-ME-00250,Melatonin Sleep Support,2026-09-17T06:41:37.456677+00:00
KW-ME-00251,Melatonin Sleep Support,2026-09-17T06:41:37.456677+00:00
KW-ME-00252,Melatonin Sleep Support,2026-09-17T06:41:37.456677+00:00
KW-ME-00253,Melatonin Sleep Support,2026-09-17T06:41:37.456677+00:00
KW-ME-00254,Melatonin Sleep Support,2026-09-17T06:41:37.456677+00:00
KW-ME-00255,Melatonin Sleep Support,2026-09-17T06:41:37.456677+00:00
KW-ME-00256,Melatonin Sleep Support,2026-09-17T06:41:37.456677+00:00
KW-ME-00257,Melatonin Sleep Support,2026-09-17T06:41:37.456677+00:00
KW-ME-00258,Melatonin Sleep Support,2026-09-17T06:41:37.456677+00:00
KW-ME-00259,Melatonin Sleep Support,2026-09-17T06:41:37.456677+00:00
KW-ME-00260,Melatonin Sleep Support,2026-09-17T06:41:37.456677+00:00
KW-ME-00261,Melatonin Sleep Support,2026-09-17T06:41:37.456677+00:00
KW-ME-00262,Melatonin Sleep Support,2026-09-17T06:41:37.456677+00:00
KW-ME-00263,Melatonin Sleep Support,2026-09-17T06:41:37.456677+00:00
KW-ME-00264,Melatonin Sleep Support,2026-09-17T06:41:37.456677+00:00
KW-ME-00265,Melatonin Sleep Support,2026-09-17T06:41:37.456677+00:00
KW-ME-00266,Melatonin Sleep Support,2026-09-17T06:41:37.456677+00:00
KW-ME-00267,Melatonin Sleep Support,2026-09-17T06:41:37.456677+00:00
KW-ME-00268,Melatonin Sleep Support,2026-09-17T06:41:37.456677+00:00
KW-ME-00269,Melatonin Sleep Support,2026-09-17T06:41:37.456677+00:00
KW-ME-00270,Melatonin Sleep Support,2026-09-17T06:41:37.456677+00:00
KW-ME-00271,Melatonin Sleep Support,2026-09-17T06:41:37.456677+00:00
KW-ME-00272,Melatonin Sleep Support,2026-09-17T06:41:37.456677+00:00
KW-ME-00273,Melatonin Sleep Support,2026-09-17T06:41:37.456677+00:00
KW-ME-00274,Melatonin Sleep Support,2026-09-17T06:41:37.456677+00:00
KW-ME-00275,Melatonin Sleep Support,2026-09-17T06:41:37.456677+00:00
KW-ME-00276,Melatonin Sleep Support,2026-09-17T06:41:37.456677+00:00
KW-ME-00277,Melatonin Sleep Support,2026-09-17T06:41:37.456677+00:00
KW-ME-00278,Melatonin Sleep Support,2026-09-17T06:41:37.456677+00:00
KW-ME-00279,Melatonin Sleep Support,2026-09-17T06:41:37.456677+00:00
KW-ME-00280,Melatonin Sleep Support,2026-09-17T06:41:37.456677+00:00
KW-ME-00281,Melatonin Sleep Support,2026-09-17T06:41:37.456677+00:00
KW-ME-00282,Melatonin Sleep Support,2026-09-17T06:41:37.456677+00:00
KW-ME-00283,Melatonin Sleep Support,2026-09-17T06:41:37.456677+00:00
KW-ME-00284,Melatonin Sleep Support,2026-09-17T06:41:37.456677+00:00
KW-ME-00285,Melatonin Sleep Support,2026-09-17T06:41:37.456677+00:00
KW-ME-00286,Melatonin Sleep Support,2026-09-17T06:41:37.456677+00:00
KW-ME-00287,Melatonin Sleep Support,2026-09-17T06:41:37.456677+00:00
KW-ME-00288,Melatonin Sleep Support,2026-09-17T06:41:37.456677+00:00
KW-ME-00289,Melatonin Sleep Support,2026-09-17T06:41:37.456677+00:00
KW-ME-00290,Melatonin Sleep Support,2026-09-17T06:41:37.456677+00:00
KW-ME-00291,Melatonin Sleep Support,2026-09-17T06:41:37.456677+00:00
KW-ME-00292,Melatonin Sleep Support,2026-09-17T06:41:37.456677+00:00
KW-ME-00293,Melatonin Sleep Support,2026-09-17T06:41:37.456677+00:00
KW-ME-00294,Melatonin Sleep Support,2026-09-17T06:41:37.456677+00:00
KW-ME-00295,Melatonin Sleep Support,2026-09-17T06:41:37.456677+00:00
KW-ME-00296,Melatonin Sleep Support,2026-09-17T06:41:37.456677+00:00
KW-ME-00297,Melatonin Sleep Support,2026-09-17T06:41:37.456677+00:00
KW-ME-00298,Melatonin Sleep Support,2026-09-17T06:41:37.456677+00:00
KW-ME-00299,Melatonin Sleep Support,2026-09-17T06:41:37.456677+00:00
KW-ME-00300,Melatonin Sleep Support,2026-09-17T06:41:37.456677+00:00
KW-ME-00301,Melatonin Sleep Support,2026-09-17T06:41:37.456677+00:00
KW-ME-00302,Melatonin Sleep Support,2026-09-17T06:41:37.456677+00:00
KW-ME-00303,Melatonin Sleep Support,2026-09-17T06:41:37.456677+00:00
KW-ME-00304,Melatonin Sleep Support,2026-09-17T06:41:37.456677+00:00
KW-ME-00305,Melatonin Sleep Support,2026-09-17T06:41:37.456677+00:00
KW-ME-00306,Melatonin Sleep Support,2026-09-17T06:41:37.456677+00:00
KW-ME-00307,Melatonin Sleep Support,2026-09-17T06:41:37.456677+00:00
KW-ME-00308,Melatonin Sleep Support,2026-09-17T06:41:37.456677+00:00
KW-ME-00309,Melatonin Sleep Support,2026-09-17T06:41:37.456677+00:00
KW-ME-00310,Melatonin Sleep Support,2026-09-17T06:41:37.456677+00:00
KW-ME-00311,Melatonin Sleep Support,2026-09-17T06:41:37.456677+00:00
KW-ME-00312,Melatonin Sleep Support,2026-09-17T06:41:37.456677+00:00
KW-ME-00313,Melatonin Sleep Support,2026-09-17T06:41:37.456677+00:00
KW-ME-00314,Melatonin Sleep Support,2026-09-17T06:41:37.456677+00:00
KW-ME-00315,Melatonin Sleep Support,2026-09-17T06:41:37.456677+00:00
KW-ME-00316,Melatonin Sleep Support,2026-09-17T06:41:37.456677+00:00
KW-ME-00317,Melatonin Sleep Support,2026-09-17T06:41:37.456677+00:00
KW-MT-00001,Milk Thistle,2026-09-17T06:41:37.456677+00:00
KW-MT-00002,Milk Thistle,2026-09-17T06:41:37.456677+00:00
KW-MT-00003,Milk Thistle,2026-09-17T06:41:37.456677+00:00
KW-MT-00004,Milk Thistle,2026-09-17T06:41:37.456677+00:00
KW-MT-00005,Milk Thistle,2026-09-17T06:41:37.456677+00:00
KW-MT-00006,Milk Thistle,2026-09-17T06:41:37.456677+00:00
KW-MT-00007,Milk Thistle,2026-09-17T06:41:37.456677+00:00
KW-MT-00008,Milk Thistle,2026-09-17T06:41:37.456677+00:00
KW-MT-00009,Milk Thistle,2026-09-17T06:41:37.456677+00:00
KW-MT-00010,Milk Thistle,2026-09-17T06:41:37.456677+00:00
KW-MT-00011,Milk Thistle,2026-09-17T06:41:37.456677+00:00
KW-MT-00012,Milk Thistle,2026-09-17T06:41:37.456677+00:00
KW-MT-00013,Milk Thistle,2026-09-17T06:41:37.456677+00:00
KW-MT-00014,Milk Thistle,2026-09-17T06:41:37.456677+00:00
KW-MT-00015,Milk Thistle,2026-09-17T06:41:37.456677+00:00
KW-MT-00016,Milk Thistle,2026-09-17T06:41:37.456677+00:00
KW-MT-00017,Milk Thistle,2026-09-17T06:41:37.456677+00:00
KW-MT-00018,Milk Thistle,2026-09-17T06:41:37.456677+00:00
KW-MT-00019,Milk Thistle,2026-09-17T06:41:37.456677+00:00
KW-MT-00020,Milk Thistle,2026-09-17T06:41:37.456677+00:00
KW-MT-00021,Milk Thistle,2026-09-17T06:41:37.456677+00:00
KW-MT-00022,Milk Thistle,2026-09-17T06:41:37.456677+00:00
KW-MT-00023,Milk Thistle,2026-09-17T06:41:37.456677+00:00
KW-MT-00024,Milk Thistle,2026-09-17T06:41:37.456677+00:00
KW-MT-00025,Milk Thistle,2026-09-17T06:41:37.456677+00:00
KW-MT-00026,Milk Thistle,2026-09-17T06:41:37.456677+00:00
KW-MT-00027,Milk Thistle,2026-09-17T06:41:37.456677+00:00
KW-MT-00028,Milk Thistle,2026-09-17T06:41:37.456677+00:00
KW-MT-00029,Milk Thistle,2026-09-17T06:41:37.456677+00:00
KW-MT-00030,Milk Thistle,2026-09-17T06:41:37.456677+00:00
KW-MT-00031,Milk Thistle,2026-09-17T06:41:37.456677+00:00
KW-MT-00032,Milk Thistle,2026-09-17T06:41:37.456677+00:00
KW-MT-00033,Milk Thistle,2026-09-17T06:41:37.456677+00:00
KW-MT-00034,Milk Thistle,2026-09-17T06:41:37.456677+00:00
KW-MT-00035,Milk Thistle,2026-09-17T06:41:37.456677+00:00
KW-MT-00036,Milk Thistle,2026-09-17T06:41:37.456677+00:00
KW-MT-00037,Milk Thistle,2026-09-17T06:41:37.456677+00:00
KW-MT-00038,Milk Thistle,2026-09-17T06:41:37.456677+00:00
KW-MT-00039,Milk Thistle,2026-09-17T06:41:37.456677+00:00
KW-MT-00040,Milk Thistle,2026-09-17T06:41:37.456677+00:00
KW-MT-00041,Milk Thistle,2026-09-17T06:41:37.456677+00:00
KW-MT-00042,Milk Thistle,2026-09-17T06:41:37.456677+00:00
KW-MT-00043,Milk Thistle,2026-09-17T06:41:37.456677+00:00
KW-MT-00044,Milk Thistle,2026-09-17T06:41:37.456677+00:00
KW-MT-00045,Milk Thistle,2026-09-17T06:41:37.456677+00:00
KW-MT-00046,Milk Thistle,2026-09-17T06:41:37.456677+00:00
KW-MT-00047,Milk Thistle,2026-09-17T06:41:37.456677+00:00
KW-MT-00048,Milk Thistle,2026-09-17T06:41:37.456677+00:00
KW-MT-00049,Milk Thistle,2026-09-17T06:41:37.456677+00:00
KW-MT-00050,Milk Thistle,2026-09-17T06:41:37.456677+00:00
KW-MT-00051,Milk Thistle,2026-09-17T06:41:37.456677+00:00
KW-MT-00052,Milk Thistle,2026-09-17T06:41:37.456677+00:00
KW-MT-00053,Milk Thistle,2026-09-17T06:41:37.456677+00:00
KW-MT-00054,Milk Thistle,2026-09-17T06:41:37.456677+00:00
KW-MT-00055,Milk Thistle,2026-09-17T06:41:37.456677+00:00
KW-MT-00056,Milk Thistle,2026-09-17T06:41:37.456677+00:00
KW-MT-00057,Milk Thistle,2026-09-17T06:41:37.456677+00:00
KW-MT-00058,Milk Thistle,2026-09-17T06:41:37.456677+00:00
KW-MT-00059,Milk Thistle,2026-09-17T06:41:37.456677+00:00
KW-MT-00060,Milk Thistle,2026-09-17T06:41:37.456677+00:00
KW-MT-00061,Milk Thistle,2026-09-17T06:41:37.456677+00:00
KW-MT-00062,Milk Thistle,2026-09-17T06:41:37.456677+00:00
KW-MT-00063,Milk Thistle,2026-09-17T06:41:37.456677+00:00
KW-MT-00064,Milk Thistle,2026-09-17T06:41:37.456677+00:00
KW-MT-00065,Milk Thistle,2026-09-17T06:41:37.456677+00:00
KW-MT-00066,Milk Thistle,2026-09-17T06:41:37.456677+00:00
KW-MT-00067,Milk Thistle,2026-09-17T06:41:37.456677+00:00
KW-MT-00068,Milk Thistle,2026-09-17T06:41:37.456677+00:00
KW-MT-00069,Milk Thistle,2026-09-17T06:41:37.456677+00:00
KW-MT-00070,Milk Thistle,2026-09-17T06:41:37.456677+00:00
KW-MT-00071,Milk Thistle,2026-09-17T06:41:37.456677+00:00
KW-MT-00072,Milk Thistle,2026-09-17T06:41:37.456677+00:00
KW-MT-00073,Milk Thistle,2026-09-17T06:41:37.456677+00:00
KW-MT-00074,Milk Thistle,2026-09-17T06:41:37.456677+00:00
KW-MT-00075,Milk Thistle,2026-09-17T06:41:37.456677+00:00
KW-MT-00076,Milk Thistle,2026-09-17T06:41:37.456677+00:00
KW-MT-00077,Milk Thistle,2026-09-17T06:41:37.456677+00:00
KW-MT-00078,Milk Thistle,2026-09-17T06:41:37.456677+00:00
KW-MT-00079,Milk Thistle,2026-09-17T06:41:37.456677+00:00
KW-MT-00080,Milk Thistle,2026-09-17T06:41:37.456677+00:00
KW-MT-00081,Milk Thistle,2026-09-17T06:41:37.456677+00:00
KW-MT-00082,Milk Thistle,2026-09-17T06:41:37.456677+00:00
KW-MT-00083,Milk Thistle,2026-09-17T06:41:37.456677+00:00
KW-MT-00084,Milk Thistle,2026-09-17T06:41:37.456677+00:00
KW-MT-00085,Milk Thistle,2026-09-17T06:41:37.456677+00:00
KW-MT-00086,Milk Thistle,2026-09-17T06:41:37.456677+00:00
KW-MT-00087,Milk Thistle,2026-09-17T06:41:37.456677+00:00
KW-MT-00088,Milk Thistle,2026-09-17T06:41:37.456677+00:00
KW-MT-00089,Milk Thistle,2026-09-17T06:41:37.456677+00:00
KW-MT-00090,Milk Thistle,2026-09-17T06:41:37.456677+00:00
KW-MT-00091,Milk Thistle,2026-09-17T06:41:37.456677+00:00
KW-MT-00092,Milk Thistle,2026-09-17T06:41:37.456677+00:00
KW-MT-00093,Milk Thistle,2026-09-17T06:41:37.456677+00:00
KW-MT-00094,Milk Thistle,2026-09-17T06:41:37.456677+00:00
KW-MT-00095,Milk Thistle,2026-09-17T06:41:37.456677+00:00
KW-MT-00096,Milk Thistle,2026-09-17T06:41:37.456677+00:00
KW-MT-00097,Milk Thistle,2026-09-17T06:41:37.456677+00:00
KW-MT-00098,Milk Thistle,2026-09-17T06:41:37.456677+00:00
KW-MT-00099,Milk Thistle,2026-09-17T06:41:37.456677+00:00
KW-MT-00100,Milk Thistle,2026-09-17T06:41:37.456677+00:00
KW-MT-00101,Milk Thistle,2026-09-17T06:41:37.456677+00:00
KW-MT-00102,Milk Thistle,2026-09-17T06:41:37.456677+00:00
KW-MT-00103,Milk Thistle,2026-09-17T06:41:37.456677+00:00
KW-MT-00104,Milk Thistle,2026-09-17T06:41:37.456677+00:00
KW-MT-00105,Milk Thistle,2026-09-17T06:41:37.456677+00:00
KW-MT-00106,Milk Thistle,2026-09-17T06:41:37.456677+00:00
KW-MT-00107,Milk Thistle,2026-09-17T06:41:37.456677+00:00
KW-MT-00108,Milk Thistle,2026-09-17T06:41:37.456677+00:00
KW-MT-00109,Milk Thistle,2026-09-17T06:41:37.456677+00:00
KW-MT-00110,Milk Thistle,2026-09-17T06:41:37.456677+00:00
KW-MT-00111,Milk Thistle,2026-09-17T06:41:37.456677+00:00
KW-MT-00112,Milk Thistle,2026-09-17T06:41:37.456677+00:00
KW-MT-00113,Milk Thistle,2026-09-17T06:41:37.456677+00:00
KW-MT-00114,Milk Thistle,2026-09-17T06:41:37.456677+00:00
KW-MT-00115,Milk Thistle,2026-09-17T06:41:37.456677+00:00
KW-MT-00116,Milk Thistle,2026-09-17T06:41:37.456677+00:00
KW-MT-00117,Milk Thistle,2026-09-17T06:41:37.456677+00:00
KW-MT-00118,Milk Thistle,2026-09-17T06:41:37.456677+00:00
KW-MT-00119,Milk Thistle,2026-09-17T06:41:37.456677+00:00
KW-MT-00120,Milk Thistle,2026-09-17T06:41:37.456677+00:00
KW-MT-00121,Milk Thistle,2026-09-17T06:41:37.456677+00:00
KW-MT-00122,Milk Thistle,2026-09-17T06:41:37.456677+00:00
KW-MT-00123,Milk Thistle,2026-09-17T06:41:37.456677+00:00
KW-MT-00124,Milk Thistle,2026-09-17T06:41:37.456677+00:00
KW-MT-00125,Milk Thistle,2026-09-17T06:41:37.456677+00:00
KW-MT-00126,Milk Thistle,2026-09-17T06:41:37.456677+00:00
KW-MT-00127,Milk Thistle,2026-09-17T06:41:37.456677+00:00
KW-MT-00128,Milk Thistle,2026-09-17T06:41:37.456677+00:00
KW-MT-00129,Milk Thistle,2026-09-17T06:41:37.456677+00:00
KW-MT-00130,Milk Thistle,2026-09-17T06:41:37.456677+00:00
KW-MT-00131,Milk Thistle,2026-09-17T06:41:37.456677+00:00
KW-MT-00132,Milk Thistle,2026-09-17T06:41:37.456677+00:00
KW-MT-00133,Milk Thistle,2026-09-17T06:41:37.456677+00:00
KW-MT-00134,Milk Thistle,2026-09-17T06:41:37.456677+00:00
KW-MT-00135,Milk Thistle,2026-09-17T06:41:37.456677+00:00
KW-MT-00136,Milk Thistle,2026-09-17T06:41:37.456677+00:00
KW-MT-00137,Milk Thistle,2026-09-17T06:41:37.456677+00:00
KW-MT-00138,Milk Thistle,2026-09-17T06:41:37.456677+00:00
KW-MT-00139,Milk Thistle,2026-09-17T06:41:37.456677+00:00
KW-MT-00140,Milk Thistle,2026-09-17T06:41:37.456677+00:00
KW-MT-00141,Milk Thistle,2026-09-17T06:41:37.456677+00:00
KW-MT-00142,Milk Thistle,2026-09-17T06:41:37.456677+00:00
KW-MT-00143,Milk Thistle,2026-09-17T06:41:37.456677+00:00
KW-MT-00144,Milk Thistle,2026-09-17T06:41:37.456677+00:00
KW-MT-00145,Milk Thistle,2026-09-17T06:41:37.456677+00:00
KW-MT-00146,Milk Thistle,2026-09-17T06:41:37.456677+00:00
KW-MT-00147,Milk Thistle,2026-09-17T06:41:37.456677+00:00
KW-MT-00148,Milk Thistle,2026-09-17T06:41:37.456677+00:00
KW-MT-00149,Milk Thistle,2026-09-17T06:41:37.456677+00:00
KW-MT-00150,Milk Thistle,2026-09-17T06:41:37.456677+00:00
KW-MT-00151,Milk Thistle,2026-09-17T06:41:37.456677+00:00
KW-MT-00152,Milk Thistle,2026-09-17T06:41:37.456677+00:00
KW-MT-00153,Milk Thistle,2026-09-17T06:41:37.456677+00:00
KW-MT-00154,Milk Thistle,2026-09-17T06:41:37.456677+00:00
KW-MT-00155,Milk Thistle,2026-09-17T06:41:37.456677+00:00
KW-MT-00156,Milk Thistle,2026-09-17T06:41:37.456677+00:00
KW-MT-00157,Milk Thistle,2026-09-17T06:41:37.456677+00:00
KW-MT-00158,Milk Thistle,2026-09-17T06:41:37.456677+00:00
KW-MT-00159,Milk Thistle,2026-09-17T06:41:37.456677+00:00
KW-MT-00160,Milk Thistle,2026-09-17T06:41:37.456677+00:00
KW-MT-00161,Milk Thistle,2026-09-17T06:41:37.456677+00:00
KW-MT-00162,Milk Thistle,2026-09-17T06:41:37.456677+00:00
KW-MT-00163,Milk Thistle,2026-09-17T06:41:37.456677+00:00
KW-MT-00164,Milk Thistle,2026-09-17T06:41:37.456677+00:00
KW-MT-00165,Milk Thistle,2026-09-17T06:41:37.456677+00:00
KW-MT-00166,Milk Thistle,2026-09-17T06:41:37.456677+00:00
KW-MT-00167,Milk Thistle,2026-09-17T06:41:37.456677+00:00
KW-MT-00168,Milk Thistle,2026-09-17T06:41:37.456677+00:00
KW-MT-00169,Milk Thistle,2026-09-17T06:41:37.456677+00:00
KW-MT-00170,Milk Thistle,2026-09-17T06:41:37.456677+00:00
KW-MT-00171,Milk Thistle,2026-09-17T06:41:37.456677+00:00
KW-MT-00172,Milk Thistle,2026-09-17T06:41:37.456677+00:00
KW-MT-00173,Milk Thistle,2026-09-17T06:41:37.456677+00:00
KW-MT-00174,Milk Thistle,2026-09-17T06:41:37.456677+00:00
KW-MT-00175,Milk Thistle,2026-09-17T06:41:37.456677+00:00
KW-MT-00176,Milk Thistle,2026-09-17T06:41:37.456677+00:00
KW-MT-00177,Milk Thistle,2026-09-17T06:41:37.456677+00:00
KW-MT-00178,Milk Thistle,2026-09-17T06:41:37.456677+00:00
KW-MT-00179,Milk Thistle,2026-09-17T06:41:37.456677+00:00
KW-MT-00180,Milk Thistle,2026-09-17T06:41:37.456677+00:00
KW-MT-00181,Milk Thistle,2026-09-17T06:41:37.456677+00:00
KW-MT-00182,Milk Thistle,2026-09-17T06:41:37.456677+00:00
KW-MT-00183,Milk Thistle,2026-09-17T06:41:37.456677+00:00
KW-MT-00184,Milk Thistle,2026-09-17T06:41:37.456677+00:00
KW-MT-00185,Milk Thistle,2026-09-17T06:41:37.456677+00:00
KW-MT-00186,Milk Thistle,2026-09-17T06:41:37.456677+00:00
KW-MT-00187,Milk Thistle,2026-09-17T06:41:37.456677+00:00
KW-MT-00188,Milk Thistle,2026-09-17T06:41:37.456677+00:00
KW-MT-00189,Milk Thistle,2026-09-17T06:41:37.456677+00:00
KW-MT-00190,Milk Thistle,2026-09-17T06:41:37.456677+00:00
KW-MT-00191,Milk Thistle,2026-09-17T06:41:37.456677+00:00
KW-MT-00192,Milk Thistle,2026-09-17T06:41:37.456677+00:00
KW-MT-00193,Milk Thistle,2026-09-17T06:41:37.456677+00:00
KW-MT-00194,Milk Thistle,2026-09-17T06:41:37.456677+00:00
KW-MT-00195,Milk Thistle,2026-09-17T06:41:37.456677+00:00
KW-MT-00196,Milk Thistle,2026-09-17T06:41:37.456677+00:00
KW-MT-00197,Milk Thistle,2026-09-17T06:41:37.456677+00:00
KW-MT-00198,Milk Thistle,2026-09-17T06:41:37.456677+00:00
KW-MT-00199,Milk Thistle,2026-09-17T06:41:37.456677+00:00
KW-MT-00200,Milk Thistle,2026-09-17T06:41:37.456677+00:00
KW-MT-00201,Milk Thistle,2026-09-17T06:41:37.456677+00:00
KW-MT-00202,Milk Thistle,2026-09-17T06:41:37.456677+00:00
KW-MT-00203,Milk Thistle,2026-09-17T06:41:37.456677+00:00
KW-MT-00204,Milk Thistle,2026-09-17T06:41:37.456677+00:00
KW-MT-00205,Milk Thistle,2026-09-17T06:41:37.456677+00:00
KW-MT-00206,Milk Thistle,2026-09-17T06:41:37.456677+00:00
KW-MT-00207,Milk Thistle,2026-09-17T06:41:37.456677+00:00
KW-MT-00208,Milk Thistle,2026-09-17T06:41:37.456677+00:00
KW-MT-00209,Milk Thistle,2026-09-17T06:41:37.456677+00:00
KW-MT-00210,Milk Thistle,2026-09-17T06:41:37.456677+00:00
KW-MT-00211,Milk Thistle,2026-09-17T06:41:37.456677+00:00
KW-MT-00212,Milk Thistle,2026-09-17T06:41:37.456677+00:00
KW-MT-00213,Milk Thistle,2026-09-17T06:41:37.456677+00:00
KW-MT-00214,Milk Thistle,2026-09-17T06:41:37.456677+00:00
KW-MT-00215,Milk Thistle,2026-09-17T06:41:37.456677+00:00
KW-MT-00216,Milk Thistle,2026-09-17T06:41:37.456677+00:00
KW-MT-00217,Milk Thistle,2026-09-17T06:41:37.456677+00:00
KW-MT-00218,Milk Thistle,2026-09-17T06:41:37.456677+00:00
KW-MT-00219,Milk Thistle,2026-09-17T06:41:37.456677+00:00
KW-MT-00220,Milk Thistle,2026-09-17T06:41:37.456677+00:00
KW-MT-00221,Milk Thistle,2026-09-17T06:41:37.456677+00:00
KW-MT-00222,Milk Thistle,2026-09-17T06:41:37.456677+00:00
KW-MT-00223,Milk Thistle,2026-09-17T06:41:37.456677+00:00
KW-MT-00224,Milk Thistle,2026-09-17T06:41:37.456677+00:00
KW-MT-00225,Milk Thistle,2026-09-17T06:41:37.456677+00:00
KW-MT-00226,Milk Thistle,2026-09-17T06:41:37.456677+00:00
KW-MT-00227,Milk Thistle,2026-09-17T06:41:37.456677+00:00
KW-MT-00228,Milk Thistle,2026-09-17T06:41:37.456677+00:00
KW-MT-00229,Milk Thistle,2026-09-17T06:41:37.456677+00:00
KW-MT-00230,Milk Thistle,2026-09-17T06:41:37.456677+00:00
KW-MT-00231,Milk Thistle,2026-09-17T06:41:37.456677+00:00
KW-MT-00232,Milk Thistle,2026-09-17T06:41:37.456677+00:00
KW-MT-00233,Milk Thistle,2026-09-17T06:41:37.456677+00:00
KW-MT-00234,Milk Thistle,2026-09-17T06:41:37.456677+00:00
KW-MT-00235,Milk Thistle,2026-09-17T06:41:37.456677+00:00
KW-MT-00236,Milk Thistle,2026-09-17T06:41:37.456677+00:00
KW-MT-00237,Milk Thistle,2026-09-17T06:41:37.456677+00:00
KW-MT-00238,Milk Thistle,2026-09-17T06:41:37.456677+00:00
KW-MT-00239,Milk Thistle,2026-09-17T06:41:37.456677+00:00
KW-MT-00240,Milk Thistle,2026-09-17T06:41:37.456677+00:00
KW-MT-00241,Milk Thistle,2026-09-17T06:41:37.456677+00:00
KW-MT-00242,Milk Thistle,2026-09-17T06:41:37.456677+00:00
KW-MT-00243,Milk Thistle,2026-09-17T06:41:37.456677+00:00
KW-MT-00244,Milk Thistle,2026-09-17T06:41:37.456677+00:00
KW-MT-00245,Milk Thistle,2026-09-17T06:41:37.456677+00:00
KW-MT-00246,Milk Thistle,2026-09-17T06:41:37.456677+00:00
KW-MT-00247,Milk Thistle,2026-09-17T06:41:37.456677+00:00
KW-MT-00248,Milk Thistle,2026-09-17T06:41:37.456677+00:00
KW-MT-00249,Milk Thistle,2026-09-17T06:41:37.456677+00:00
KW-MT-00250,Milk Thistle,2026-09-17T06:41:37.456677+00:00
KW-MT-00251,Milk Thistle,2026-09-17T06:41:37.456677+00:00
KW-MT-00252,Milk Thistle,2026-09-17T06:41:37.456677+00:00
KW-MT-00253,Milk Thistle,2026-09-17T06:41:37.456677+00:00
KW-MT-00254,Milk Thistle,2026-09-17T06:41:37.456677+00:00
KW-MT-00255,Milk Thistle,2026-09-17T06:41:37.456677+00:00
KW-MT-00256,Milk Thistle,2026-09-17T06:41:37.456677+00:00
KW-MT-00257,Milk Thistle,2026-09-17T06:41:37.456677+00:00
KW-MT-00258,Milk Thistle,2026-09-17T06:41:37.456677+00:00
KW-MT-00259,Milk Thistle,2026-09-17T06:41:37.456677+00:00
KW-MT-00260,Milk Thistle,2026-09-17T06:41:37.456677+00:00
KW-MT-00261,Milk Thistle,2026-09-17T06:41:37.456677+00:00
KW-MT-00262,Milk Thistle,2026-09-17T06:41:37.456677+00:00
KW-MT-00263,Milk Thistle,2026-09-17T06:41:37.456677+00:00
KW-MT-00264,Milk Thistle,2026-09-17T06:41:37.456677+00:00
KW-MT-00265,Milk Thistle,2026-09-17T06:41:37.456677+00:00
KW-MT-00266,Milk Thistle,2026-09-17T06:41:37.456677+00:00
KW-MT-00267,Milk Thistle,2026-09-17T06:41:37.456677+00:00
KW-MT-00268,Milk Thistle,2026-09-17T06:41:37.456677+00:00
KW-MT-00269,Milk Thistle,2026-09-17T06:41:37.456677+00:00
KW-MT-00270,Milk Thistle,2026-09-17T06:41:37.456677+00:00
KW-MT-00271,Milk Thistle,2026-09-17T06:41:37.456677+00:00
KW-MT-00272,Milk Thistle,2026-09-17T06:41:37.456677+00:00
KW-MT-00273,Milk Thistle,2026-09-17T06:41:37.456677+00:00
KW-MT-00274,Milk Thistle,2026-09-17T06:41:37.456677+00:00
KW-MT-00275,Milk Thistle,2026-09-17T06:41:37.456677+00:00
KW-MT-00276,Milk Thistle,2026-09-17T06:41:37.456677+00:00
KW-MT-00277,Milk Thistle,2026-09-17T06:41:37.456677+00:00
KW-MT-00278,Milk Thistle,2026-09-17T06:41:37.456677+00:00
KW-MT-00279,Milk Thistle,2026-09-17T06:41:37.456677+00:00
KW-MT-00280,Milk Thistle,2026-09-17T06:41:37.456677+00:00
KW-MT-00281,Milk Thistle,2026-09-17T06:41:37.456677+00:00
KW-MT-00282,Milk Thistle,2026-09-17T06:41:37.456677+00:00
KW-MT-00283,Milk Thistle,2026-09-17T06:41:37.456677+00:00
KW-MT-00284,Milk Thistle,2026-09-17T06:41:37.456677+00:00
KW-MT-00285,Milk Thistle,2026-09-17T06:41:37.456677+00:00
KW-MT-00286,Milk Thistle,2026-09-17T06:41:37.456677+00:00
KW-MT-00287,Milk Thistle,2026-09-17T06:41:37.456677+00:00
KW-MT-00288,Milk Thistle,2026-09-17T06:41:37.456677+00:00
KW-MT-00289,Milk Thistle,2026-09-17T06:41:37.456677+00:00
KW-MT-00290,Milk Thistle,2026-09-17T06:41:37.456677+00:00
KW-MT-00291,Milk Thistle,2026-09-17T06:41:37.456677+00:00
KW-MT-00292,Milk Thistle,2026-09-17T06:41:37.456677+00:00
KW-MT-00293,Milk Thistle,2026-09-17T06:41:37.456677+00:00
KW-MT-00294,Milk Thistle,2026-09-17T06:41:37.456677+00:00
KW-MT-00295,Milk Thistle,2026-09-17T06:41:37.456677+00:00
KW-MT-00296,Milk Thistle,2026-09-17T06:41:37.456677+00:00
KW-MT-00297,Milk Thistle,2026-09-17T06:41:37.456677+00:00
KW-MT-00298,Milk Thistle,2026-09-17T06:41:37.456677+00:00
KW-MT-00299,Milk Thistle,2026-09-17T06:41:37.456677+00:00
KW-MT-00300,Milk Thistle,2026-09-17T06:41:37.456677+00:00
KW-MT-00301,Milk Thistle,2026-09-17T06:41:37.456677+00:00
KW-MT-00302,Milk Thistle,2026-09-17T06:41:37.456677+00:00
KW-MT-00303,Milk Thistle,2026-09-17T06:41:37.456677+00:00
KW-MT-00304,Milk Thistle,2026-09-17T06:41:37.456677+00:00
KW-MT-00305,Milk Thistle,2026-09-17T06:41:37.456677+00:00
KW-MT-00306,Milk Thistle,2026-09-17T06:41:37.456677+00:00
KW-MT-00307,Milk Thistle,2026-09-17T06:41:37.456677+00:00
KW-MT-00308,Milk Thistle,2026-09-17T06:41:37.456677+00:00
KW-MV-00001,Multivitamin with Probiotics,2026-09-17T06:41:37.456677+00:00
KW-MV-00002,Multivitamin with Probiotics,2026-09-17T06:41:37.456677+00:00
KW-MV-00003,Multivitamin with Probiotics,2026-09-17T06:41:37.456677+00:00
KW-MV-00004,Multivitamin with Probiotics,2026-09-17T06:41:37.456677+00:00
KW-MV-00005,Multivitamin with Probiotics,2026-09-17T06:41:37.456677+00:00
KW-MV-00006,Multivitamin with Probiotics,2026-09-17T06:41:37.456677+00:00
KW-MV-00007,Multivitamin with Probiotics,2026-09-17T06:41:37.456677+00:00
KW-MV-00008,Multivitamin with Probiotics,2026-09-17T06:41:37.456677+00:00
KW-MV-00009,Multivitamin with Probiotics,2026-09-17T06:41:37.456677+00:00
KW-MV-00010,Multivitamin with Probiotics,2026-09-17T06:41:37.456677+00:00
KW-MV-00011,Multivitamin with Probiotics,2026-09-17T06:41:37.456677+00:00
KW-MV-00012,Multivitamin with Probiotics,2026-09-17T06:41:37.456677+00:00
KW-MV-00013,Multivitamin with Probiotics,2026-09-17T06:41:37.456677+00:00
KW-MV-00014,Multivitamin with Probiotics,2026-09-17T06:41:37.456677+00:00
KW-MV-00015,Multivitamin with Probiotics,2026-09-17T06:41:37.456677+00:00
KW-MV-00016,Multivitamin with Probiotics,2026-09-17T06:41:37.456677+00:00
KW-MV-00017,Multivitamin with Probiotics,2026-09-17T06:41:37.456677+00:00
KW-MV-00018,Multivitamin with Probiotics,2026-09-17T06:41:37.456677+00:00
KW-MV-00019,Multivitamin with Probiotics,2026-09-17T06:41:37.456677+00:00
KW-MV-00020,Multivitamin with Probiotics,2026-09-17T06:41:37.456677+00:00
KW-MV-00021,Multivitamin with Probiotics,2026-09-17T06:41:37.456677+00:00
KW-MV-00022,Multivitamin with Probiotics,2026-09-17T06:41:37.456677+00:00
KW-MV-00023,Multivitamin with Probiotics,2026-09-17T06:41:37.456677+00:00
KW-MV-00024,Multivitamin with Probiotics,2026-09-17T06:41:37.456677+00:00
KW-MV-00025,Multivitamin with Probiotics,2026-09-17T06:41:37.456677+00:00
KW-MV-00026,Multivitamin with Probiotics,2026-09-17T06:41:37.456677+00:00
KW-MV-00027,Multivitamin with Probiotics,2026-09-17T06:41:37.456677+00:00
KW-MV-00028,Multivitamin with Probiotics,2026-09-17T06:41:37.456677+00:00
KW-MV-00029,Multivitamin with Probiotics,2026-09-17T06:41:37.456677+00:00
KW-MV-00030,Multivitamin with Probiotics,2026-09-17T06:41:37.456677+00:00
KW-MV-00031,Multivitamin with Probiotics,2026-09-17T06:41:37.456677+00:00
KW-MV-00032,Multivitamin with Probiotics,2026-09-17T06:41:37.456677+00:00
KW-MV-00033,Multivitamin with Probiotics,2026-09-17T06:41:37.456677+00:00
KW-MV-00034,Multivitamin with Probiotics,2026-09-17T06:41:37.456677+00:00
KW-MV-00035,Multivitamin with Probiotics,2026-09-17T06:41:37.456677+00:00
KW-MV-00036,Multivitamin with Probiotics,2026-09-17T06:41:37.456677+00:00
KW-MV-00037,Multivitamin with Probiotics,2026-09-17T06:41:37.456677+00:00
KW-MV-00038,Multivitamin with Probiotics,2026-09-17T06:41:37.456677+00:00
KW-MV-00039,Multivitamin with Probiotics,2026-09-17T06:41:37.456677+00:00
KW-MV-00040,Multivitamin with Probiotics,2026-09-17T06:41:37.456677+00:00
KW-MV-00041,Multivitamin with Probiotics,2026-09-17T06:41:37.456677+00:00
KW-MV-00042,Multivitamin with Probiotics,2026-09-17T06:41:37.456677+00:00
KW-MV-00043,Multivitamin with Probiotics,2026-09-17T06:41:37.456677+00:00
KW-MV-00044,Multivitamin with Probiotics,2026-09-17T06:41:37.456677+00:00
KW-MV-00045,Multivitamin with Probiotics,2026-09-17T06:41:37.456677+00:00
KW-MV-00046,Multivitamin with Probiotics,2026-09-17T06:41:37.456677+00:00
KW-MV-00047,Multivitamin with Probiotics,2026-09-17T06:41:37.456677+00:00
KW-MV-00048,Multivitamin with Probiotics,2026-09-17T06:41:37.456677+00:00
KW-MV-00049,Multivitamin with Probiotics,2026-09-17T06:41:37.456677+00:00
KW-MV-00050,Multivitamin with Probiotics,2026-09-17T06:41:37.456677+00:00
KW-MV-00051,Multivitamin with Probiotics,2026-09-17T06:41:37.456677+00:00
KW-MV-00052,Multivitamin with Probiotics,2026-09-17T06:41:37.456677+00:00
KW-MV-00053,Multivitamin with Probiotics,2026-09-17T06:41:37.456677+00:00
KW-MV-00054,Multivitamin with Probiotics,2026-09-17T06:41:37.456677+00:00
KW-MV-00055,Multivitamin with Probiotics,2026-09-17T06:41:37.456677+00:00
KW-MV-00056,Multivitamin with Probiotics,2026-09-17T06:41:37.456677+00:00
KW-MV-00057,Multivitamin with Probiotics,2026-09-17T06:41:37.456677+00:00
KW-MV-00058,Multivitamin with Probiotics,2026-09-17T06:41:37.456677+00:00
KW-MV-00059,Multivitamin with Probiotics,2026-09-17T06:41:37.456677+00:00
KW-MV-00060,Multivitamin with Probiotics,2026-09-17T06:41:37.456677+00:00
KW-MV-00061,Multivitamin with Probiotics,2026-09-17T06:41:37.456677+00:00
KW-MV-00062,Multivitamin with Probiotics,2026-09-17T06:41:37.456677+00:00
KW-MV-00063,Multivitamin with Probiotics,2026-09-17T06:41:37.456677+00:00
KW-MV-00064,Multivitamin with Probiotics,2026-09-17T06:41:37.456677+00:00
KW-MV-00065,Multivitamin with Probiotics,2026-09-17T06:41:37.456677+00:00
KW-MV-00066,Multivitamin with Probiotics,2026-09-17T06:41:37.456677+00:00
KW-MV-00067,Multivitamin with Probiotics,2026-09-17T06:41:37.456677+00:00
KW-MV-00068,Multivitamin with Probiotics,2026-09-17T06:41:37.456677+00:00
KW-MV-00069,Multivitamin with Probiotics,2026-09-17T06:41:37.456677+00:00
KW-MV-00070,Multivitamin with Probiotics,2026-09-17T06:41:37.456677+00:00
KW-MV-00071,Multivitamin with Probiotics,2026-09-17T06:41:37.456677+00:00
KW-MV-00072,Multivitamin with Probiotics,2026-09-17T06:41:37.456677+00:00
KW-MV-00073,Multivitamin with Probiotics,2026-09-17T06:41:37.456677+00:00
KW-MV-00074,Multivitamin with Probiotics,2026-09-17T06:41:37.456677+00:00
KW-MV-00075,Multivitamin with Probiotics,2026-09-17T06:41:37.456677+00:00
KW-MV-00076,Multivitamin with Probiotics,2026-09-17T06:41:37.456677+00:00
KW-MV-00077,Multivitamin with Probiotics,2026-09-17T06:41:37.456677+00:00
KW-MV-00078,Multivitamin with Probiotics,2026-09-17T06:41:37.456677+00:00
KW-MV-00079,Multivitamin with Probiotics,2026-09-17T06:41:37.456677+00:00
KW-MV-00080,Multivitamin with Probiotics,2026-09-17T06:41:37.456677+00:00
KW-MV-00081,Multivitamin with Probiotics,2026-09-17T06:41:37.456677+00:00
KW-MV-00082,Multivitamin with Probiotics,2026-09-17T06:41:37.456677+00:00
KW-MV-00083,Multivitamin with Probiotics,2026-09-17T06:41:37.456677+00:00
KW-MV-00084,Multivitamin with Probiotics,2026-09-17T06:41:37.456677+00:00
KW-MV-00085,Multivitamin with Probiotics,2026-09-17T06:41:37.456677+00:00
KW-MV-00086,Multivitamin with Probiotics,2026-09-17T06:41:37.456677+00:00
KW-MV-00087,Multivitamin with Probiotics,2026-09-17T06:41:37.456677+00:00
KW-MV-00088,Multivitamin with Probiotics,2026-09-17T06:41:37.456677+00:00
KW-MV-00089,Multivitamin with Probiotics,2026-09-17T06:41:37.456677+00:00
KW-MV-00090,Multivitamin with Probiotics,2026-09-17T06:41:37.456677+00:00
KW-MV-00091,Multivitamin with Probiotics,2026-09-17T06:41:37.456677+00:00
KW-MV-00092,Multivitamin with Probiotics,2026-09-17T06:41:37.456677+00:00
KW-MV-00093,Multivitamin with Probiotics,2026-09-17T06:41:37.456677+00:00
KW-MV-00094,Multivitamin with Probiotics,2026-09-17T06:41:37.456677+00:00
KW-MV-00095,Multivitamin with Probiotics,2026-09-17T06:41:37.456677+00:00
KW-MV-00096,Multivitamin with Probiotics,2026-09-17T06:41:37.456677+00:00
KW-MV-00097,Multivitamin with Probiotics,2026-09-17T06:41:37.456677+00:00
KW-MV-00098,Multivitamin with Probiotics,2026-09-17T06:41:37.456677+00:00
KW-MV-00099,Multivitamin with Probiotics,2026-09-17T06:41:37.456677+00:00
KW-MV-00100,Multivitamin with Probiotics,2026-09-17T06:41:37.456677+00:00
KW-MV-00101,Multivitamin with Probiotics,2026-09-17T06:41:37.456677+00:00
KW-MV-00102,Multivitamin with Probiotics,2026-09-17T06:41:37.456677+00:00
KW-MV-00103,Multivitamin with Probiotics,2026-09-17T06:41:37.456677+00:00
KW-MV-00104,Multivitamin with Probiotics,2026-09-17T06:41:37.456677+00:00
KW-MV-00105,Multivitamin with Probiotics,2026-09-17T06:41:37.456677+00:00
KW-MV-00106,Multivitamin with Probiotics,2026-09-17T06:41:37.456677+00:00
KW-MV-00107,Multivitamin with Probiotics,2026-09-17T06:41:37.456677+00:00
KW-MV-00108,Multivitamin with Probiotics,2026-09-17T06:41:37.456677+00:00
KW-MV-00109,Multivitamin with Probiotics,2026-09-17T06:41:37.456677+00:00
KW-MV-00110,Multivitamin with Probiotics,2026-09-17T06:41:37.456677+00:00
KW-MV-00111,Multivitamin with Probiotics,2026-09-17T06:41:37.456677+00:00
KW-MV-00112,Multivitamin with Probiotics,2026-09-17T06:41:37.456677+00:00
KW-MV-00113,Multivitamin with Probiotics,2026-09-17T06:41:37.456677+00:00
KW-MV-00114,Multivitamin with Probiotics,2026-09-17T06:41:37.456677+00:00
KW-MV-00115,Multivitamin with Probiotics,2026-09-17T06:41:37.456677+00:00
KW-MV-00116,Multivitamin with Probiotics,2026-09-17T06:41:37.456677+00:00
KW-MV-00117,Multivitamin with Probiotics,2026-09-17T06:41:37.456677+00:00
KW-MV-00118,Multivitamin with Probiotics,2026-09-17T06:41:37.456677+00:00
KW-MV-00119,Multivitamin with Probiotics,2026-09-17T06:41:37.456677+00:00
KW-MV-00120,Multivitamin with Probiotics,2026-09-17T06:41:37.456677+00:00
KW-MV-00121,Multivitamin with Probiotics,2026-09-17T06:41:37.456677+00:00
KW-MV-00122,Multivitamin with Probiotics,2026-09-17T06:41:37.456677+00:00
KW-MV-00123,Multivitamin with Probiotics,2026-09-17T06:41:37.456677+00:00
KW-MV-00124,Multivitamin with Probiotics,2026-09-17T06:41:37.456677+00:00
KW-MV-00125,Multivitamin with Probiotics,2026-09-17T06:41:37.456677+00:00
KW-MV-00126,Multivitamin with Probiotics,2026-09-17T06:41:37.456677+00:00
KW-MV-00127,Multivitamin with Probiotics,2026-09-17T06:41:37.456677+00:00
KW-MV-00128,Multivitamin with Probiotics,2026-09-17T06:41:37.456677+00:00
KW-MV-00129,Multivitamin with Probiotics,2026-09-17T06:41:37.456677+00:00
KW-MV-00130,Multivitamin with Probiotics,2026-09-17T06:41:37.456677+00:00
KW-MV-00131,Multivitamin with Probiotics,2026-09-17T06:41:37.456677+00:00
KW-MV-00132,Multivitamin with Probiotics,2026-09-17T06:41:37.456677+00:00
KW-MV-00133,Multivitamin with Probiotics,2026-09-17T06:41:37.456677+00:00
KW-MV-00134,Multivitamin with Probiotics,2026-09-17T06:41:37.456677+00:00
KW-MV-00135,Multivitamin with Probiotics,2026-09-17T06:41:37.456677+00:00
KW-MV-00136,Multivitamin with Probiotics,2026-09-17T06:41:37.456677+00:00
KW-MV-00137,Multivitamin with Probiotics,2026-09-17T06:41:37.456677+00:00
KW-MV-00138,Multivitamin with Probiotics,2026-09-17T06:41:37.456677+00:00
KW-MV-00139,Multivitamin with Probiotics,2026-09-17T06:41:37.456677+00:00
KW-MV-00140,Multivitamin with Probiotics,2026-09-17T06:41:37.456677+00:00
KW-MV-00141,Multivitamin with Probiotics,2026-09-17T06:41:37.456677+00:00
KW-MV-00142,Multivitamin with Probiotics,2026-09-17T06:41:37.456677+00:00
KW-MV-00143,Multivitamin with Probiotics,2026-09-17T06:41:37.456677+00:00
KW-MV-00144,Multivitamin with Probiotics,2026-09-17T06:41:37.456677+00:00
KW-MV-00145,Multivitamin with Probiotics,2026-09-17T06:41:37.456677+00:00
KW-MV-00146,Multivitamin with Probiotics,2026-09-17T06:41:37.456677+00:00
KW-MV-00147,Multivitamin with Probiotics,2026-09-17T06:41:37.456677+00:00
KW-MV-00148,Multivitamin with Probiotics,2026-09-17T06:41:37.456677+00:00
KW-MV-00149,Multivitamin with Probiotics,2026-09-17T06:41:37.456677+00:00
KW-MV-00150,Multivitamin with Probiotics,2026-09-17T06:41:37.456677+00:00
KW-MV-00151,Multivitamin with Probiotics,2026-09-17T06:41:37.456677+00:00
KW-MV-00152,Multivitamin with Probiotics,2026-09-17T06:41:37.456677+00:00
KW-MV-00153,Multivitamin with Probiotics,2026-09-17T06:41:37.456677+00:00
KW-MV-00154,Multivitamin with Probiotics,2026-09-17T06:41:37.456677+00:00
KW-MV-00155,Multivitamin with Probiotics,2026-09-17T06:41:37.456677+00:00
KW-MV-00156,Multivitamin with Probiotics,2026-09-17T06:41:37.456677+00:00
KW-MV-00157,Multivitamin with Probiotics,2026-09-17T06:41:37.456677+00:00
KW-MV-00158,Multivitamin with Probiotics,2026-09-17T06:41:37.456677+00:00
KW-MV-00159,Multivitamin with Probiotics,2026-09-17T06:41:37.456677+00:00
KW-MV-00160,Multivitamin with Probiotics,2026-09-17T06:41:37.456677+00:00
KW-MV-00161,Multivitamin with Probiotics,2026-09-17T06:41:37.456677+00:00
KW-MV-00162,Multivitamin with Probiotics,2026-09-17T06:41:37.456677+00:00
KW-MV-00163,Multivitamin with Probiotics,2026-09-17T06:41:37.456677+00:00
KW-MV-00164,Multivitamin with Probiotics,2026-09-17T06:41:37.456677+00:00
KW-MV-00165,Multivitamin with Probiotics,2026-09-17T06:41:37.456677+00:00
KW-MV-00166,Multivitamin with Probiotics,2026-09-17T06:41:37.456677+00:00
KW-MV-00167,Multivitamin with Probiotics,2026-09-17T06:41:37.456677+00:00
KW-MV-00168,Multivitamin with Probiotics,2026-09-17T06:41:37.456677+00:00
KW-MV-00169,Multivitamin with Probiotics,2026-09-17T06:41:37.456677+00:00
KW-MV-00170,Multivitamin with Probiotics,2026-09-17T06:41:37.456677+00:00
KW-MV-00171,Multivitamin with Probiotics,2026-09-17T06:41:37.456677+00:00
KW-MV-00172,Multivitamin with Probiotics,2026-09-17T06:41:37.456677+00:00
KW-MV-00173,Multivitamin with Probiotics,2026-09-17T06:41:37.456677+00:00
KW-MV-00174,Multivitamin with Probiotics,2026-09-17T06:41:37.456677+00:00
KW-MV-00175,Multivitamin with Probiotics,2026-09-17T06:41:37.456677+00:00
KW-MV-00176,Multivitamin with Probiotics,2026-09-17T06:41:37.456677+00:00
KW-MV-00177,Multivitamin with Probiotics,2026-09-17T06:41:37.456677+00:00
KW-MV-00178,Multivitamin with Probiotics,2026-09-17T06:41:37.456677+00:00
KW-MV-00179,Multivitamin with Probiotics,2026-09-17T06:41:37.456677+00:00
KW-MV-00180,Multivitamin with Probiotics,2026-09-17T06:41:37.456677+00:00
KW-MV-00181,Multivitamin with Probiotics,2026-09-17T06:41:37.456677+00:00
KW-MV-00182,Multivitamin with Probiotics,2026-09-17T06:41:37.456677+00:00
KW-MV-00183,Multivitamin with Probiotics,2026-09-17T06:41:37.456677+00:00
KW-MV-00184,Multivitamin with Probiotics,2026-09-17T06:41:37.456677+00:00
KW-MV-00185,Multivitamin with Probiotics,2026-09-17T06:41:37.456677+00:00
KW-MV-00186,Multivitamin with Probiotics,2026-09-17T06:41:37.456677+00:00
KW-MV-00187,Multivitamin with Probiotics,2026-09-17T06:41:37.456677+00:00
KW-MV-00188,Multivitamin with Probiotics,2026-09-17T06:41:37.456677+00:00
KW-MV-00189,Multivitamin with Probiotics,2026-09-17T06:41:37.456677+00:00
KW-MV-00190,Multivitamin with Probiotics,2026-09-17T06:41:37.456677+00:00
KW-MV-00191,Multivitamin with Probiotics,2026-09-17T06:41:37.456677+00:00
KW-MV-00192,Multivitamin with Probiotics,2026-09-17T06:41:37.456677+00:00
KW-MV-00193,Multivitamin with Probiotics,2026-09-17T06:41:37.456677+00:00
KW-MV-00194,Multivitamin with Probiotics,2026-09-17T06:41:37.456677+00:00
KW-MV-00195,Multivitamin with Probiotics,2026-09-17T06:41:37.456677+00:00
KW-MV-00196,Multivitamin with Probiotics,2026-09-17T06:41:37.456677+00:00
KW-MV-00197,Multivitamin with Probiotics,2026-09-17T06:41:37.456677+00:00
KW-MV-00198,Multivitamin with Probiotics,2026-09-17T06:41:37.456677+00:00
KW-MV-00199,Multivitamin with Probiotics,2026-09-17T06:41:37.456677+00:00
KW-MV-00200,Multivitamin with Probiotics,2026-09-17T06:41:37.456677+00:00
KW-MV-00201,Multivitamin with Probiotics,2026-09-17T06:41:37.456677+00:00
KW-MV-00202,Multivitamin with Probiotics,2026-09-17T06:41:37.456677+00:00
KW-MV-00203,Multivitamin with Probiotics,2026-09-17T06:41:37.456677+00:00
KW-MV-00204,Multivitamin with Probiotics,2026-09-17T06:41:37.456677+00:00
KW-MV-00205,Multivitamin with Probiotics,2026-09-17T06:41:37.456677+00:00
KW-MV-00206,Multivitamin with Probiotics,2026-09-17T06:41:37.456677+00:00
KW-MV-00207,Multivitamin with Probiotics,2026-09-17T06:41:37.456677+00:00
KW-MV-00208,Multivitamin with Probiotics,2026-09-17T06:41:37.456677+00:00
KW-MV-00209,Multivitamin with Probiotics,2026-09-17T06:41:37.456677+00:00
KW-MV-00210,Multivitamin with Probiotics,2026-09-17T06:41:37.456677+00:00
KW-MV-00211,Multivitamin with Probiotics,2026-09-17T06:41:37.456677+00:00
KW-MV-00212,Multivitamin with Probiotics,2026-09-17T06:41:37.456677+00:00
KW-MV-00213,Multivitamin with Probiotics,2026-09-17T06:41:37.456677+00:00
KW-MV-00214,Multivitamin with Probiotics,2026-09-17T06:41:37.456677+00:00
KW-MV-00215,Multivitamin with Probiotics,2026-09-17T06:41:37.456677+00:00
KW-MV-00216,Multivitamin with Probiotics,2026-09-17T06:41:37.456677+00:00
KW-MV-00217,Multivitamin with Probiotics,2026-09-17T06:41:37.456677+00:00
KW-MV-00218,Multivitamin with Probiotics,2026-09-17T06:41:37.456677+00:00
KW-MV-00219,Multivitamin with Probiotics,2026-09-17T06:41:37.456677+00:00
KW-MV-00220,Multivitamin with Probiotics,2026-09-17T06:41:37.456677+00:00
KW-MV-00221,Multivitamin with Probiotics,2026-09-17T06:41:37.456677+00:00
KW-MV-00222,Multivitamin with Probiotics,2026-09-17T06:41:37.456677+00:00
KW-MV-00223,Multivitamin with Probiotics,2026-09-17T06:41:37.456677+00:00
KW-MV-00224,Multivitamin with Probiotics,2026-09-17T06:41:37.456677+00:00
KW-MV-00225,Multivitamin with Probiotics,2026-09-17T06:41:37.456677+00:00
KW-MV-00226,Multivitamin with Probiotics,2026-09-17T06:41:37.456677+00:00
KW-MV-00227,Multivitamin with Probiotics,2026-09-17T06:41:37.456677+00:00
KW-MV-00228,Multivitamin with Probiotics,2026-09-17T06:41:37.456677+00:00
KW-MV-00229,Multivitamin with Probiotics,2026-09-17T06:41:37.456677+00:00
KW-MV-00230,Multivitamin with Probiotics,2026-09-17T06:41:37.456677+00:00
KW-MV-00231,Multivitamin with Probiotics,2026-09-17T06:41:37.456677+00:00
KW-MV-00232,Multivitamin with Probiotics,2026-09-17T06:41:37.456677+00:00
KW-MV-00233,Multivitamin with Probiotics,2026-09-17T06:41:37.456677+00:00
KW-MV-00234,Multivitamin with Probiotics,2026-09-17T06:41:37.456677+00:00
KW-MV-00235,Multivitamin with Probiotics,2026-09-17T06:41:37.456677+00:00
KW-MV-00236,Multivitamin with Probiotics,2026-09-17T06:41:37.456677+00:00
KW-MV-00237,Multivitamin with Probiotics,2026-09-17T06:41:37.456677+00:00
KW-MV-00238,Multivitamin with Probiotics,2026-09-17T06:41:37.456677+00:00
KW-MV-00239,Multivitamin with Probiotics,2026-09-17T06:41:37.456677+00:00
KW-MV-00240,Multivitamin with Probiotics,2026-09-17T06:41:37.456677+00:00
KW-MV-00241,Multivitamin with Probiotics,2026-09-17T06:41:37.456677+00:00
KW-MV-00242,Multivitamin with Probiotics,2026-09-17T06:41:37.456677+00:00
KW-MV-00243,Multivitamin with Probiotics,2026-09-17T06:41:37.456677+00:00
KW-MV-00244,Multivitamin with Probiotics,2026-09-17T06:41:37.456677+00:00
KW-MV-00245,Multivitamin with Probiotics,2026-09-17T06:41:37.456677+00:00
KW-MV-00246,Multivitamin with Probiotics,2026-09-17T06:41:37.456677+00:00
KW-MV-00247,Multivitamin with Probiotics,2026-09-17T06:41:37.456677+00:00
KW-MV-00248,Multivitamin with Probiotics,2026-09-17T06:41:37.456677+00:00
KW-MV-00249,Multivitamin with Probiotics,2026-09-17T06:41:37.456677+00:00
KW-MV-00250,Multivitamin with Probiotics,2026-09-17T06:41:37.456677+00:00
KW-MV-00251,Multivitamin with Probiotics,2026-09-17T06:41:37.456677+00:00
KW-MV-00252,Multivitamin with Probiotics,2026-09-17T06:41:37.456677+00:00
KW-MV-00253,Multivitamin with Probiotics,2026-09-17T06:41:37.456677+00:00
KW-MV-00254,Multivitamin with Probiotics,2026-09-17T06:41:37.456677+00:00
KW-MV-00255,Multivitamin with Probiotics,2026-09-17T06:41:37.456677+00:00
KW-MV-00256,Multivitamin with Probiotics,2026-09-17T06:41:37.456677+00:00
KW-MV-00257,Multivitamin with Probiotics,2026-09-17T06:41:37.456677+00:00
KW-MV-00258,Multivitamin with Probiotics,2026-09-17T06:41:37.456677+00:00
KW-MV-00259,Multivitamin with Probiotics,2026-09-17T06:41:37.456677+00:00
KW-MV-00260,Multivitamin with Probiotics,2026-09-17T06:41:37.456677+00:00
KW-MV-00261,Multivitamin with Probiotics,2026-09-17T06:41:37.456677+00:00
KW-MV-00262,Multivitamin with Probiotics,2026-09-17T06:41:37.456677+00:00
KW-MV-00263,Multivitamin with Probiotics,2026-09-17T06:41:37.456677+00:00
KW-MV-00264,Multivitamin with Probiotics,2026-09-17T06:41:37.456677+00:00
KW-MV-00265,Multivitamin with Probiotics,2026-09-17T06:41:37.456677+00:00
KW-MV-00266,Multivitamin with Probiotics,2026-09-17T06:41:37.456677+00:00
KW-MV-00267,Multivitamin with Probiotics,2026-09-17T06:41:37.456677+00:00
KW-MV-00268,Multivitamin with Probiotics,2026-09-17T06:41:37.456677+00:00
KW-MV-00269,Multivitamin with Probiotics,2026-09-17T06:41:37.456677+00:00
KW-MV-00270,Multivitamin with Probiotics,2026-09-17T06:41:37.456677+00:00
KW-MV-00271,Multivitamin with Probiotics,2026-09-17T06:41:37.456677+00:00
KW-MV-00272,Multivitamin with Probiotics,2026-09-17T06:41:37.456677+00:00
KW-MV-00273,Multivitamin with Probiotics,2026-09-17T06:41:37.456677+00:00
KW-MV-00274,Multivitamin with Probiotics,2026-09-17T06:41:37.456677+00:00
KW-MV-00275,Multivitamin with Probiotics,2026-09-17T06:41:37.456677+00:00
KW-MV-00276,Multivitamin with Probiotics,2026-09-17T06:41:37.456677+00:00
KW-MV-00277,Multivitamin with Probiotics,2026-09-17T06:41:37.456677+00:00
KW-MV-00278,Multivitamin with Probiotics,2026-09-17T06:41:37.456677+00:00
KW-MV-00279,Multivitamin with Probiotics,2026-09-17T06:41:37.456677+00:00
KW-MV-00280,Multivitamin with Probiotics,2026-09-17T06:41:37.456677+00:00
KW-MV-00281,Multivitamin with Probiotics,2026-09-17T06:41:37.456677+00:00
KW-MV-00282,Multivitamin with Probiotics,2026-09-17T06:41:37.456677+00:00
KW-MV-00283,Multivitamin with Probiotics,2026-09-17T06:41:37.456677+00:00
KW-MV-00284,Multivitamin with Probiotics,2026-09-17T06:41:37.456677+00:00
KW-MV-00285,Multivitamin with Probiotics,2026-09-17T06:41:37.456677+00:00
KW-MV-00286,Multivitamin with Probiotics,2026-09-17T06:41:37.456677+00:00
KW-MV-00287,Multivitamin with Probiotics,2026-09-17T06:41:37.456677+00:00
KW-MV-00288,Multivitamin with Probiotics,2026-09-17T06:41:37.456677+00:00
KW-MV-00289,Multivitamin with Probiotics,2026-09-17T06:41:37.456677+00:00
KW-MV-00290,Multivitamin with Probiotics,2026-09-17T06:41:37.456677+00:00
KW-MV-00291,Multivitamin with Probiotics,2026-09-17T06:41:37.456677+00:00
KW-MV-00292,Multivitamin with Probiotics,2026-09-17T06:41:37.456677+00:00
KW-MV-00293,Multivitamin with Probiotics,2026-09-17T06:41:37.456677+00:00
KW-MV-00294,Multivitamin with Probiotics,2026-09-17T06:41:37.456677+00:00
KW-MV-00295,Multivitamin with Probiotics,2026-09-17T06:41:37.456677+00:00
KW-MV-00296,Multivitamin with Probiotics,2026-09-17T06:41:37.456677+00:00
KW-MV-00297,Multivitamin with Probiotics,2026-09-17T06:41:37.456677+00:00
KW-MV-00298,Multivitamin with Probiotics,2026-09-17T06:41:37.456677+00:00
KW-MV-00299,Multivitamin with Probiotics,2026-09-17T06:41:37.456677+00:00
KW-MV-00300,Multivitamin with Probiotics,2026-09-17T06:41:37.456677+00:00
KW-MV-00301,Multivitamin with Probiotics,2026-09-17T06:41:37.456677+00:00
KW-MV-00302,Multivitamin with Probiotics,2026-09-17T06:41:37.456677+00:00
KW-MV-00303,Multivitamin with Probiotics,2026-09-17T06:41:37.456677+00:00
KW-MV-00304,Multivitamin with Probiotics,2026-09-17T06:41:37.456677+00:00
KW-MV-00305,Multivitamin with Probiotics,2026-09-17T06:41:37.456677+00:00
KW-MV-00306,Multivitamin with Probiotics,2026-09-17T06:41:37.456677+00:00
KW-MV-00307,Multivitamin with Probiotics,2026-09-17T06:41:37.456677+00:00
KW-MV-00308,Multivitamin with Probiotics,2026-09-17T06:41:37.456677+00:00
KW-MV-00309,Multivitamin with Probiotics,2026-09-17T06:41:37.456677+00:00
KW-MV-00310,Multivitamin with Probiotics,2026-09-17T06:41:37.456677+00:00
KW-MV-00311,Multivitamin with Probiotics,2026-09-17T06:41:37.456677+00:00
KW-MV-00312,Multivitamin with Probiotics,2026-09-17T06:41:37.456677+00:00
KW-MV-00313,Multivitamin with Probiotics,2026-09-17T06:41:37.456677+00:00
KW-MV-00314,Multivitamin with Probiotics,2026-09-17T06:41:37.456677+00:00
KW-MV-00315,Multivitamin with Probiotics,2026-09-17T06:41:37.456677+00:00
KW-MV-00316,Multivitamin with Probiotics,2026-09-17T06:41:37.456677+00:00
KW-MV-00317,Multivitamin with Probiotics,2026-09-17T06:41:37.456677+00:00
KW-MV-00318,Multivitamin with Probiotics,2026-09-17T06:41:37.456677+00:00
KW-MV-00319,Multivitamin with Probiotics,2026-09-17T06:41:37.456677+00:00
KW-MV-00320,Multivitamin with Probiotics,2026-09-17T06:41:37.456677+00:00
KW-MV-00321,Multivitamin with Probiotics,2026-09-17T06:41:37.456677+00:00
KW-MV-00322,Multivitamin with Probiotics,2026-09-17T06:41:37.456677+00:00
KW-MV-00323,Multivitamin with Probiotics,2026-09-17T06:41:37.456677+00:00
KW-MV-00324,Multivitamin with Probiotics,2026-09-17T06:41:37.456677+00:00
KW-MV-00325,Multivitamin with Probiotics,2026-09-17T06:41:37.456677+00:00
KW-MV-00326,Multivitamin with Probiotics,2026-09-17T06:41:37.456677+00:00
KW-MV-00327,Multivitamin with Probiotics,2026-09-17T06:41:37.456677+00:00
KW-MV-00328,Multivitamin with Probiotics,2026-09-17T06:41:37.456677+00:00
KW-MV-00329,Multivitamin with Probiotics,2026-09-17T06:41:37.456677+00:00
KW-MV-00330,Multivitamin with Probiotics,2026-09-17T06:41:37.456677+00:00
KW-MV-00331,Multivitamin with Probiotics,2026-09-17T06:41:37.456677+00:00
KW-MV-00332,Multivitamin with Probiotics,2026-09-17T06:41:37.456677+00:00
KW-MV-00333,Multivitamin with Probiotics,2026-09-17T06:41:37.456677+00:00
KW-MV-00334,Multivitamin with Probiotics,2026-09-17T06:41:37.456677+00:00
KW-MV-00335,Multivitamin with Probiotics,2026-09-17T06:41:37.456677+00:00
KW-MV-00336,Multivitamin with Probiotics,2026-09-17T06:41:37.456677+00:00
KW-MV-00337,Multivitamin with Probiotics,2026-09-17T06:41:37.456677+00:00
KW-MV-00338,Multivitamin with Probiotics,2026-09-17T06:41:37.456677+00:00
KW-MV-00339,Multivitamin with Probiotics,2026-09-17T06:41:37.456677+00:00
KW-MV-00340,Multivitamin with Probiotics,2026-09-17T06:41:37.456677+00:00
KW-MV-00341,Multivitamin with Probiotics,2026-09-17T06:41:37.456677+00:00
KW-MV-00342,Multivitamin with Probiotics,2026-09-17T06:41:37.456677+00:00
KW-MV-00343,Multivitamin with Probiotics,2026-09-17T06:41:37.456677+00:00
KW-MV-00344,Multivitamin with Probiotics,2026-09-17T06:41:37.456677+00:00
KW-MV-00345,Multivitamin with Probiotics,2026-09-17T06:41:37.456677+00:00
KW-MV-00346,Multivitamin with Probiotics,2026-09-17T06:41:37.456677+00:00
KW-MV-00347,Multivitamin with Probiotics,2026-09-17T06:41:37.456677+00:00
KW-MV-00348,Multivitamin with Probiotics,2026-09-17T06:41:37.456677+00:00
KW-MV-00349,Multivitamin with Probiotics,2026-09-17T06:41:37.456677+00:00
KW-MV-00350,Multivitamin with Probiotics,2026-09-17T06:41:37.456677+00:00
KW-MV-00351,Multivitamin with Probiotics,2026-09-17T06:41:37.456677+00:00
KW-MV-00352,Multivitamin with Probiotics,2026-09-17T06:41:37.456677+00:00
KW-MV-00353,Multivitamin with Probiotics,2026-09-17T06:41:37.456677+00:00
KW-MV-00354,Multivitamin with Probiotics,2026-09-17T06:41:37.456677+00:00
KW-MV-00355,Multivitamin with Probiotics,2026-09-17T06:41:37.456677+00:00
KW-MV-00356,Multivitamin with Probiotics,2026-09-17T06:41:37.456677+00:00
KW-MV-00357,Multivitamin with Probiotics,2026-09-17T06:41:37.456677+00:00
KW-MV-00358,Multivitamin with Probiotics,2026-09-17T06:41:37.456677+00:00
KW-MV-00359,Multivitamin with Probiotics,2026-09-17T06:41:37.456677+00:00
KW-MV-00360,Multivitamin with Probiotics,2026-09-17T06:41:37.456677+00:00
KW-MV-00361,Multivitamin with Probiotics,2026-09-17T06:41:37.456677+00:00
KW-MV-00362,Multivitamin with Probiotics,2026-09-17T06:41:37.456677+00:00
KW-MV-00363,Multivitamin with Probiotics,2026-09-17T06:41:37.456677+00:00
KW-MV-00364,Multivitamin with Probiotics,2026-09-17T06:41:37.456677+00:00
KW-MV-00365,Multivitamin with Probiotics,2026-09-17T06:41:37.456677+00:00
KW-MV-00366,Multivitamin with Probiotics,2026-09-17T06:41:37.456677+00:00
KW-MV-00367,Multivitamin with Probiotics,2026-09-17T06:41:37.456677+00:00
KW-MV-00368,Multivitamin with Probiotics,2026-09-17T06:41:37.456677+00:00
KW-MV-00369,Multivitamin with Probiotics,2026-09-17T06:41:37.456677+00:00
KW-MV-00370,Multivitamin with Probiotics,2026-09-17T06:41:37.456677+00:00
KW-MV-00371,Multivitamin with Probiotics,2026-09-17T06:41:37.456677+00:00
KW-MV-00372,Multivitamin with Probiotics,2026-09-17T06:41:37.456677+00:00
KW-MV-00373,Multivitamin with Probiotics,2026-09-17T06:41:37.456677+00:00
KW-MV-00374,Multivitamin with Probiotics,2026-09-17T06:41:37.456677+00:00
KW-MV-00375,Multivitamin with Probiotics,2026-09-17T06:41:37.456677+00:00
KW-MV-00376,Multivitamin with Probiotics,2026-09-17T06:41:37.456677+00:00
KW-MV-00377,Multivitamin with Probiotics,2026-09-17T06:41:37.456677+00:00
KW-MV-00378,Multivitamin with Probiotics,2026-09-17T06:41:37.456677+00:00
KW-MV-00379,Multivitamin with Probiotics,2026-09-17T06:41:37.846679+00:00
KW-MV-00380,Multivitamin with Probiotics,2026-09-17T06:41:37.846679+00:00
KW-MV-00381,Multivitamin with Probiotics,2026-09-17T06:41:37.846679+00:00
KW-MV-00382,Multivitamin with Probiotics,2026-09-17T06:41:37.846679+00:00
KW-MV-00383,Multivitamin with Probiotics,2026-09-17T06:41:37.846679+00:00
KW-MV-00384,Multivitamin with Probiotics,2026-09-17T06:41:37.846679+00:00
KW-MV-00385,Multivitamin with Probiotics,2026-09-17T06:41:37.846679+00:00
KW-MV-00386,Multivitamin with Probiotics,2026-09-17T06:41:37.846679+00:00
KW-MV-00387,Multivitamin with Probiotics,2026-09-17T06:41:37.846679+00:00
KW-MV-00388,Multivitamin with Probiotics,2026-09-17T06:41:37.846679+00:00
KW-MV-00389,Multivitamin with Probiotics,2026-09-17T06:41:37.846679+00:00
KW-MV-00390,Multivitamin with Probiotics,2026-09-17T06:41:37.846679+00:00
KW-MV-00391,Multivitamin with Probiotics,2026-09-17T06:41:37.846679+00:00
KW-MV-00392,Multivitamin with Probiotics,2026-09-17T06:41:37.846679+00:00
KW-MV-00393,Multivitamin with Probiotics,2026-09-17T06:41:37.846679+00:00
KW-MV-00394,Multivitamin with Probiotics,2026-09-17T06:41:37.846679+00:00
KW-MV-00395,Multivitamin with Probiotics,2026-09-17T06:41:37.846679+00:00
KW-MV-00396,Multivitamin with Probiotics,2026-09-17T06:41:37.846679+00:00
KW-MV-00397,Multivitamin with Probiotics,2026-09-17T06:41:37.846679+00:00
KW-MV-00398,Multivitamin with Probiotics,2026-09-17T06:41:37.846679+00:00
KW-MV-00399,Multivitamin with Probiotics,2026-09-17T06:41:37.846679+00:00
KW-MV-00400,Multivitamin with Probiotics,2026-09-17T06:41:37.846679+00:00
KW-MV-00401,Multivitamin with Probiotics,2026-09-17T06:41:37.846679+00:00
KW-MV-00402,Multivitamin with Probiotics,2026-09-17T06:41:37.846679+00:00
KW-MV-00403,Multivitamin with Probiotics,2026-09-17T06:41:37.846679+00:00
KW-MV-00404,Multivitamin with Probiotics,2026-09-17T06:41:37.846679+00:00
KW-MV-00405,Multivitamin with Probiotics,2026-09-17T06:41:37.846679+00:00
KW-MV-00406,Multivitamin with Probiotics,2026-09-17T06:41:37.846679+00:00
KW-MV-00407,Multivitamin with Probiotics,2026-09-17T06:41:37.846679+00:00
KW-MV-00408,Multivitamin with Probiotics,2026-09-17T06:41:37.846679+00:00
KW-MV-00409,Multivitamin with Probiotics,2026-09-17T06:41:37.846679+00:00
KW-MV-00410,Multivitamin with Probiotics,2026-09-17T06:41:37.846679+00:00
KW-MV-00411,Multivitamin with Probiotics,2026-09-17T06:41:37.846679+00:00
KW-MV-00412,Multivitamin with Probiotics,2026-09-17T06:41:37.846679+00:00
KW-MV-00413,Multivitamin with Probiotics,2026-09-17T06:41:37.846679+00:00
KW-MV-00414,Multivitamin with Probiotics,2026-09-17T06:41:37.846679+00:00
KW-MV-00415,Multivitamin with Probiotics,2026-09-17T06:41:37.846679+00:00
KW-MV-00416,Multivitamin with Probiotics,2026-09-17T06:41:37.846679+00:00
KW-MV-00417,Multivitamin with Probiotics,2026-09-17T06:41:37.846679+00:00
KW-MV-00418,Multivitamin with Probiotics,2026-09-17T06:41:37.846679+00:00
KW-MV-00419,Multivitamin with Probiotics,2026-09-17T06:41:37.846679+00:00
KW-MV-00420,Multivitamin with Probiotics,2026-09-17T06:41:37.846679+00:00
KW-MV-00421,Multivitamin with Probiotics,2026-09-17T06:41:37.846679+00:00
KW-MV-00422,Multivitamin with Probiotics,2026-09-17T06:41:37.846679+00:00
KW-MV-00423,Multivitamin with Probiotics,2026-09-17T06:41:37.846679+00:00
KW-MV-00424,Multivitamin with Probiotics,2026-09-17T06:41:37.846679+00:00
KW-MV-00425,Multivitamin with Probiotics,2026-09-17T06:41:37.846679+00:00
KW-MV-00426,Multivitamin with Probiotics,2026-09-17T06:41:37.846679+00:00
KW-MV-00427,Multivitamin with Probiotics,2026-09-17T06:41:37.846679+00:00
KW-MV-00428,Multivitamin with Probiotics,2026-09-17T06:41:37.846679+00:00
KW-MV-00429,Multivitamin with Probiotics,2026-09-17T06:41:37.846679+00:00
KW-MV-00430,Multivitamin with Probiotics,2026-09-17T06:41:37.846679+00:00
KW-MV-00431,Multivitamin with Probiotics,2026-09-17T06:41:37.846679+00:00
KW-MV-00432,Multivitamin with Probiotics,2026-09-17T06:41:37.846679+00:00
KW-MV-00433,Multivitamin with Probiotics,2026-09-17T06:41:37.846679+00:00
KW-MV-00434,Multivitamin with Probiotics,2026-09-17T06:41:37.846679+00:00
KW-MV-00435,Multivitamin with Probiotics,2026-09-17T06:41:37.846679+00:00
KW-MV-00436,Multivitamin with Probiotics,2026-09-17T06:41:37.846679+00:00
KW-MV-00437,Multivitamin with Probiotics,2026-09-17T06:41:37.846679+00:00
KW-MV-00438,Multivitamin with Probiotics,2026-09-17T06:41:37.846679+00:00
KW-MV-00439,Multivitamin with Probiotics,2026-09-17T06:41:37.846679+00:00
KW-MV-00440,Multivitamin with Probiotics,2026-09-17T06:41:37.846679+00:00
KW-MV-00441,Multivitamin with Probiotics,2026-09-17T06:41:37.846679+00:00
KW-MV-00442,Multivitamin with Probiotics,2026-09-17T06:41:37.846679+00:00
KW-MV-00443,Multivitamin with Probiotics,2026-09-17T06:41:37.846679+00:00
KW-MV-00444,Multivitamin with Probiotics,2026-09-17T06:41:37.846679+00:00
KW-MV-00445,Multivitamin with Probiotics,2026-09-17T06:41:37.846679+00:00
KW-MV-00446,Multivitamin with Probiotics,2026-09-17T06:41:37.846679+00:00
KW-MV-00447,Multivitamin with Probiotics,2026-09-17T06:41:37.846679+00:00
KW-MV-00448,Multivitamin with Probiotics,2026-09-17T06:41:37.846679+00:00
KW-MV-00449,Multivitamin with Probiotics,2026-09-17T06:41:37.846679+00:00
KW-MV-00450,Multivitamin with Probiotics,2026-09-17T06:41:37.846679+00:00
KW-MV-00451,Multivitamin with Probiotics,2026-09-17T06:41:37.846679+00:00
KW-MV-00452,Multivitamin with Probiotics,2026-09-17T06:41:37.846679+00:00
KW-MV-00453,Multivitamin with Probiotics,2026-09-17T06:41:37.846679+00:00
KW-MV-00454,Multivitamin with Probiotics,2026-09-17T06:41:37.846679+00:00
KW-MV-00455,Multivitamin with Probiotics,2026-09-17T06:41:37.846679+00:00
KW-MV-00456,Multivitamin with Probiotics,2026-09-17T06:41:37.846679+00:00
KW-MV-00457,Multivitamin with Probiotics,2026-09-17T06:41:37.846679+00:00
KW-MV-00458,Multivitamin with Probiotics,2026-09-17T06:41:37.846679+00:00
KW-MV-00459,Multivitamin with Probiotics,2026-09-17T06:41:37.846679+00:00
KW-MV-00460,Multivitamin with Probiotics,2026-09-17T06:41:37.846679+00:00
KW-MV-00461,Multivitamin with Probiotics,2026-09-17T06:41:37.846679+00:00
KW-MV-00462,Multivitamin with Probiotics,2026-09-17T06:41:37.846679+00:00
KW-MV-00463,Multivitamin with Probiotics,2026-09-17T06:41:37.846679+00:00
KW-MV-00464,Multivitamin with Probiotics,2026-09-17T06:41:37.846679+00:00
KW-MV-00465,Multivitamin with Probiotics,2026-09-17T06:41:37.846679+00:00
KW-MV-00466,Multivitamin with Probiotics,2026-09-17T06:41:37.846679+00:00
KW-MV-00467,Multivitamin with Probiotics,2026-09-17T06:41:37.846679+00:00
KW-MV-00468,Multivitamin with Probiotics,2026-09-17T06:41:37.846679+00:00
KW-MV-00469,Multivitamin with Probiotics,2026-09-17T06:41:37.846679+00:00
KW-MV-00470,Multivitamin with Probiotics,2026-09-17T06:41:37.846679+00:00
KW-MV-00471,Multivitamin with Probiotics,2026-09-17T06:41:37.846679+00:00
KW-MV-00472,Multivitamin with Probiotics,2026-09-17T06:41:37.846679+00:00
KW-MV-00473,Multivitamin with Probiotics,2026-09-17T06:41:37.846679+00:00
KW-MV-00474,Multivitamin with Probiotics,2026-09-17T06:41:37.846679+00:00
KW-MV-00475,Multivitamin with Probiotics,2026-09-17T06:41:37.846679+00:00
KW-MV-00476,Multivitamin with Probiotics,2026-09-17T06:41:37.846679+00:00
KW-MV-00477,Multivitamin with Probiotics,2026-09-17T06:41:37.846679+00:00
KW-MV-00478,Multivitamin with Probiotics,2026-09-17T06:41:37.846679+00:00
KW-MV-00479,Multivitamin with Probiotics,2026-09-17T06:41:37.846679+00:00
KW-MV-00480,Multivitamin with Probiotics,2026-09-17T06:41:37.846679+00:00
KW-MV-00481,Multivitamin with Probiotics,2026-09-17T06:41:37.846679+00:00
KW-MV-00482,Multivitamin with Probiotics,2026-09-17T06:41:37.846679+00:00
KW-MV-00483,Multivitamin with Probiotics,2026-09-17T06:41:37.846679+00:00
KW-MV-00484,Multivitamin with Probiotics,2026-09-17T06:41:37.846679+00:00
KW-MV-00485,Multivitamin with Probiotics,2026-09-17T06:41:37.846679+00:00
KW-MV-00486,Multivitamin with Probiotics,2026-09-17T06:41:37.846679+00:00
KW-MV-00487,Multivitamin with Probiotics,2026-09-17T06:41:37.846679+00:00
KW-MV-00488,Multivitamin with Probiotics,2026-09-17T06:41:37.846679+00:00
KW-MV-00489,Multivitamin with Probiotics,2026-09-17T06:41:37.846679+00:00
KW-MV-00490,Multivitamin with Probiotics,2026-09-17T06:41:37.846679+00:00
KW-MV-00491,Multivitamin with Probiotics,2026-09-17T06:41:37.846679+00:00
KW-MV-00492,Multivitamin with Probiotics,2026-09-17T06:41:37.846679+00:00
KW-MV-00493,Multivitamin with Probiotics,2026-09-17T06:41:37.846679+00:00
KW-MV-00494,Multivitamin with Probiotics,2026-09-17T06:41:37.846679+00:00
KW-MV-00495,Multivitamin with Probiotics,2026-09-17T06:41:37.846679+00:00
KW-MV-00496,Multivitamin with Probiotics,2026-09-17T06:41:37.846679+00:00
KW-MV-00497,Multivitamin with Probiotics,2026-09-17T06:41:37.846679+00:00
KW-MV-00498,Multivitamin with Probiotics,2026-09-17T06:41:37.846679+00:00
KW-MV-00499,Multivitamin with Probiotics,2026-09-17T06:41:37.846679+00:00
KW-MV-00500,Multivitamin with Probiotics,2026-09-17T06:41:37.846679+00:00
KW-MV-00501,Multivitamin with Probiotics,2026-09-17T06:41:37.846679+00:00
KW-MV-00502,Multivitamin with Probiotics,2026-09-17T06:41:37.846679+00:00
KW-MV-00503,Multivitamin with Probiotics,2026-09-17T06:41:37.846679+00:00
KW-MV-00504,Multivitamin with Probiotics,2026-09-17T06:41:37.846679+00:00
KW-MV-00505,Multivitamin with Probiotics,2026-09-17T06:41:37.846679+00:00
KW-MV-00506,Multivitamin with Probiotics,2026-09-17T06:41:37.846679+00:00
KW-MV-00507,Multivitamin with Probiotics,2026-09-17T06:41:37.846679+00:00
KW-MV-00508,Multivitamin with Probiotics,2026-09-17T06:41:37.846679+00:00
KW-RV-00001,NAD+,2026-09-17T06:41:37.846679+00:00
KW-RV-00002,NAD+,2026-09-17T06:41:37.846679+00:00
KW-RV-00003,NAD+,2026-09-17T06:41:37.846679+00:00
KW-RV-00004,NAD+,2026-09-17T06:41:37.846679+00:00
KW-RV-00005,NAD+,2026-09-17T06:41:37.846679+00:00
KW-RV-00006,NAD+,2026-09-17T06:41:37.846679+00:00
KW-RV-00007,NAD+,2026-09-17T06:41:37.846679+00:00
KW-RV-00008,NAD+,2026-09-17T06:41:37.846679+00:00
KW-RV-00009,NAD+,2026-09-17T06:41:37.846679+00:00
KW-RV-00010,NAD+,2026-09-17T06:41:37.846679+00:00
KW-RV-00011,NAD+,2026-09-17T06:41:37.846679+00:00
KW-RV-00012,NAD+,2026-09-17T06:41:37.846679+00:00
KW-RV-00013,NAD+,2026-09-17T06:41:37.846679+00:00
KW-RV-00014,NAD+,2026-09-17T06:41:37.846679+00:00
KW-RV-00015,NAD+,2026-09-17T06:41:37.846679+00:00
KW-RV-00016,NAD+,2026-09-17T06:41:37.846679+00:00
KW-RV-00017,NAD+,2026-09-17T06:41:37.846679+00:00
KW-RV-00018,NAD+,2026-09-17T06:41:37.846679+00:00
KW-RV-00019,NAD+,2026-09-17T06:41:37.846679+00:00
KW-RV-00020,NAD+,2026-09-17T06:41:37.846679+00:00
KW-RV-00021,NAD+,2026-09-17T06:41:37.846679+00:00
KW-RV-00022,NAD+,2026-09-17T06:41:37.846679+00:00
KW-RV-00023,NAD+,2026-09-17T06:41:37.846679+00:00
KW-RV-00024,NAD+,2026-09-17T06:41:37.846679+00:00
KW-RV-00025,NAD+,2026-09-17T06:41:37.846679+00:00
KW-RV-00026,NAD+,2026-09-17T06:41:37.846679+00:00
KW-RV-00027,NAD+,2026-09-17T06:41:37.846679+00:00
KW-RV-00028,NAD+,2026-09-17T06:41:37.846679+00:00
KW-RV-00029,NAD+,2026-09-17T06:41:37.846679+00:00
KW-RV-00030,NAD+,2026-09-17T06:41:37.846679+00:00
KW-RV-00031,NAD+,2026-09-17T06:41:37.846679+00:00
KW-RV-00032,NAD+,2026-09-17T06:41:37.846679+00:00
KW-RV-00033,NAD+,2026-09-17T06:41:37.846679+00:00
KW-RV-00034,NAD+,2026-09-17T06:41:37.846679+00:00
KW-RV-00035,NAD+,2026-09-17T06:41:37.846679+00:00
KW-RV-00036,NAD+,2026-09-17T06:41:37.846679+00:00
KW-RV-00037,NAD+,2026-09-17T06:41:37.846679+00:00
KW-RV-00038,NAD+,2026-09-17T06:41:37.846679+00:00
KW-RV-00039,NAD+,2026-09-17T06:41:37.846679+00:00
KW-RV-00040,NAD+,2026-09-17T06:41:37.846679+00:00
KW-RV-00041,NAD+,2026-09-17T06:41:37.846679+00:00
KW-RV-00042,NAD+,2026-09-17T06:41:37.846679+00:00
KW-RV-00043,NAD+,2026-09-17T06:41:37.846679+00:00
KW-RV-00044,NAD+,2026-09-17T06:41:37.846679+00:00
KW-RV-00045,NAD+,2026-09-17T06:41:37.846679+00:00
KW-RV-00046,NAD+,2026-09-17T06:41:37.846679+00:00
KW-RV-00047,NAD+,2026-09-17T06:41:37.846679+00:00
KW-RV-00048,NAD+,2026-09-17T06:41:37.846679+00:00
KW-RV-00049,NAD+,2026-09-17T06:41:37.846679+00:00
KW-RV-00050,NAD+,2026-09-17T06:41:37.846679+00:00
KW-RV-00051,NAD+,2026-09-17T06:41:37.846679+00:00
KW-RV-00052,NAD+,2026-09-17T06:41:37.846679+00:00
KW-RV-00053,NAD+,2026-09-17T06:41:37.846679+00:00
KW-RV-00054,NAD+,2026-09-17T06:41:37.846679+00:00
KW-RV-00055,NAD+,2026-09-17T06:41:37.846679+00:00
KW-RV-00056,NAD+,2026-09-17T06:41:37.846679+00:00
KW-RV-00057,NAD+,2026-09-17T06:41:37.846679+00:00
KW-RV-00058,NAD+,2026-09-17T06:41:37.846679+00:00
KW-RV-00059,NAD+,2026-09-17T06:41:37.846679+00:00
KW-RV-00060,NAD+,2026-09-17T06:41:37.846679+00:00
KW-RV-00061,NAD+,2026-09-17T06:41:37.846679+00:00
KW-RV-00062,NAD+,2026-09-17T06:41:37.846679+00:00
KW-RV-00063,NAD+,2026-09-17T06:41:37.846679+00:00
KW-RV-00064,NAD+,2026-09-17T06:41:37.846679+00:00
KW-RV-00065,NAD+,2026-09-17T06:41:37.846679+00:00
KW-RV-00066,NAD+,2026-09-17T06:41:37.846679+00:00
KW-RV-00067,NAD+,2026-09-17T06:41:37.846679+00:00
KW-RV-00068,NAD+,2026-09-17T06:41:37.846679+00:00
KW-RV-00069,NAD+,2026-09-17T06:41:37.846679+00:00
KW-RV-00070,NAD+,2026-09-17T06:41:37.846679+00:00
KW-RV-00071,NAD+,2026-09-17T06:41:37.846679+00:00
KW-RV-00072,NAD+,2026-09-17T06:41:37.846679+00:00
KW-RV-00073,NAD+,2026-09-17T06:41:37.846679+00:00
KW-RV-00074,NAD+,2026-09-17T06:41:37.846679+00:00
KW-RV-00075,NAD+,2026-09-17T06:41:37.846679+00:00
KW-RV-00076,NAD+,2026-09-17T06:41:37.846679+00:00
KW-RV-00077,NAD+,2026-09-17T06:41:37.846679+00:00
KW-RV-00078,NAD+,2026-09-17T06:41:37.846679+00:00
KW-RV-00079,NAD+,2026-09-17T06:41:37.846679+00:00
KW-RV-00080,NAD+,2026-09-17T06:41:37.846679+00:00
KW-RV-00081,NAD+,2026-09-17T06:41:37.846679+00:00
KW-RV-00082,NAD+,2026-09-17T06:41:37.846679+00:00
KW-RV-00083,NAD+,2026-09-17T06:41:37.846679+00:00
KW-RV-00084,NAD+,2026-09-17T06:41:37.846679+00:00
KW-RV-00085,NAD+,2026-09-17T06:41:37.846679+00:00
KW-RV-00086,NAD+,2026-09-17T06:41:37.846679+00:00
KW-RV-00087,NAD+,2026-09-17T06:41:37.846679+00:00
KW-RV-00088,NAD+,2026-09-17T06:41:37.846679+00:00
KW-RV-00089,NAD+,2026-09-17T06:41:37.846679+00:00
KW-RV-00090,NAD+,2026-09-17T06:41:37.846679+00:00
KW-RV-00091,NAD+,2026-09-17T06:41:37.846679+00:00
KW-RV-00092,NAD+,2026-09-17T06:41:37.846679+00:00
KW-RV-00093,NAD+,2026-09-17T06:41:37.846679+00:00
KW-RV-00094,NAD+,2026-09-17T06:41:37.846679+00:00
KW-RV-00095,NAD+,2026-09-17T06:41:37.846679+00:00
KW-RV-00096,NAD+,2026-09-17T06:41:37.846679+00:00
KW-RV-00097,NAD+,2026-09-17T06:41:37.846679+00:00
KW-RV-00098,NAD+,2026-09-17T06:41:37.846679+00:00
KW-RV-00099,NAD+,2026-09-17T06:41:37.846679+00:00
KW-RV-00100,NAD+,2026-09-17T06:41:37.846679+00:00
KW-RV-00101,NAD+,2026-09-17T06:41:37.846679+00:00
KW-RV-00102,NAD+,2026-09-17T06:41:37.846679+00:00
KW-RV-00103,NAD+,2026-09-17T06:41:37.846679+00:00
KW-RV-00104,NAD+,2026-09-17T06:41:37.846679+00:00
KW-RV-00105,NAD+,2026-09-17T06:41:37.846679+00:00
KW-RV-00106,NAD+,2026-09-17T06:41:37.846679+00:00
KW-RV-00107,NAD+,2026-09-17T06:41:37.846679+00:00
KW-RV-00108,NAD+,2026-09-17T06:41:37.846679+00:00
KW-RV-00109,NAD+,2026-09-17T06:41:37.846679+00:00
KW-RV-00110,NAD+,2026-09-17T06:41:37.846679+00:00
KW-RV-00111,NAD+,2026-09-17T06:41:37.846679+00:00
KW-RV-00112,NAD+,2026-09-17T06:41:37.846679+00:00
KW-RV-00113,NAD+,2026-09-17T06:41:37.846679+00:00
KW-RV-00114,NAD+,2026-09-17T06:41:37.846679+00:00
KW-RV-00115,NAD+,2026-09-17T06:41:37.846679+00:00
KW-RV-00116,NAD+,2026-09-17T06:41:37.846679+00:00
KW-RV-00117,NAD+,2026-09-17T06:41:37.846679+00:00
KW-RV-00118,NAD+,2026-09-17T06:41:37.846679+00:00
KW-RV-00119,NAD+,2026-09-17T06:41:37.846679+00:00
KW-RV-00120,NAD+,2026-09-17T06:41:37.846679+00:00
KW-RV-00121,NAD+,2026-09-17T06:41:37.846679+00:00
KW-RV-00122,NAD+,2026-09-17T06:41:37.846679+00:00
KW-RV-00123,NAD+,2026-09-17T06:41:37.846679+00:00
KW-RV-00124,NAD+,2026-09-17T06:41:37.846679+00:00
KW-RV-00125,NAD+,2026-09-17T06:41:37.846679+00:00
KW-RV-00126,NAD+,2026-09-17T06:41:37.846679+00:00
KW-RV-00127,NAD+,2026-09-17T06:41:37.846679+00:00
KW-RV-00128,NAD+,2026-09-17T06:41:37.846679+00:00
KW-RV-00129,NAD+,2026-09-17T06:41:37.846679+00:00
KW-RV-00130,NAD+,2026-09-17T06:41:37.846679+00:00
KW-RV-00131,NAD+,2026-09-17T06:41:37.846679+00:00
KW-RV-00132,NAD+,2026-09-17T06:41:37.846679+00:00
KW-RV-00133,NAD+,2026-09-17T06:41:37.846679+00:00
KW-RV-00134,NAD+,2026-09-17T06:41:37.846679+00:00
KW-RV-00135,NAD+,2026-09-17T06:41:37.846679+00:00
KW-RV-00136,NAD+,2026-09-17T06:41:37.846679+00:00
KW-RV-00137,NAD+,2026-09-17T06:41:37.846679+00:00
KW-RV-00138,NAD+,2026-09-17T06:41:37.846679+00:00
KW-RV-00139,NAD+,2026-09-17T06:41:37.846679+00:00
KW-RV-00140,NAD+,2026-09-17T06:41:37.846679+00:00
KW-RV-00141,NAD+,2026-09-17T06:41:37.846679+00:00
KW-RV-00142,NAD+,2026-09-17T06:41:37.846679+00:00
KW-RV-00143,NAD+,2026-09-17T06:41:37.846679+00:00
KW-RV-00144,NAD+,2026-09-17T06:41:37.846679+00:00
KW-RV-00145,NAD+,2026-09-17T06:41:37.846679+00:00
KW-RV-00146,NAD+,2026-09-17T06:41:37.846679+00:00
KW-RV-00147,NAD+,2026-09-17T06:41:37.846679+00:00
KW-RV-00148,NAD+,2026-09-17T06:41:37.846679+00:00
KW-RV-00149,NAD+,2026-09-17T06:41:37.846679+00:00
KW-RV-00150,NAD+,2026-09-17T06:41:37.846679+00:00
KW-RV-00151,NAD+,2026-09-17T06:41:37.846679+00:00
KW-RV-00152,NAD+,2026-09-17T06:41:37.846679+00:00
KW-RV-00153,NAD+,2026-09-17T06:41:37.846679+00:00
KW-RV-00154,NAD+,2026-09-17T06:41:37.846679+00:00
KW-RV-00155,NAD+,2026-09-17T06:41:37.846679+00:00
KW-RV-00156,NAD+,2026-09-17T06:41:37.846679+00:00
KW-RV-00157,NAD+,2026-09-17T06:41:37.846679+00:00
KW-RV-00158,NAD+,2026-09-17T06:41:37.846679+00:00
KW-RV-00159,NAD+,2026-09-17T06:41:37.846679+00:00
KW-RV-00160,NAD+,2026-09-17T06:41:37.846679+00:00
KW-RV-00161,NAD+,2026-09-17T06:41:37.846679+00:00
KW-RV-00162,NAD+,2026-09-17T06:41:37.846679+00:00
KW-RV-00163,NAD+,2026-09-17T06:41:37.846679+00:00
KW-RV-00164,NAD+,2026-09-17T06:41:37.846679+00:00
KW-RV-00165,NAD+,2026-09-17T06:41:37.846679+00:00
KW-RV-00166,NAD+,2026-09-17T06:41:37.846679+00:00
KW-RV-00167,NAD+,2026-09-17T06:41:37.846679+00:00
KW-RV-00168,NAD+,2026-09-17T06:41:37.846679+00:00
KW-RV-00169,NAD+,2026-09-17T06:41:37.846679+00:00
KW-RV-00170,NAD+,2026-09-17T06:41:37.846679+00:00
KW-RV-00171,NAD+,2026-09-17T06:41:37.846679+00:00
KW-RV-00172,NAD+,2026-09-17T06:41:37.846679+00:00
KW-RV-00173,NAD+,2026-09-17T06:41:37.846679+00:00
KW-RV-00174,NAD+,2026-09-17T06:41:37.846679+00:00
KW-RV-00175,NAD+,2026-09-17T06:41:37.846679+00:00
KW-RV-00176,NAD+,2026-09-17T06:41:37.846679+00:00
KW-RV-00177,NAD+,2026-09-17T06:41:37.846679+00:00
KW-RV-00178,NAD+,2026-09-17T06:41:37.846679+00:00
KW-RV-00179,NAD+,2026-09-17T06:41:37.846679+00:00
KW-RV-00180,NAD+,2026-09-17T06:41:37.846679+00:00
KW-RV-00181,NAD+,2026-09-17T06:41:37.846679+00:00
KW-RV-00182,NAD+,2026-09-17T06:41:37.846679+00:00
KW-RV-00183,NAD+,2026-09-17T06:41:37.846679+00:00
KW-RV-00184,NAD+,2026-09-17T06:41:37.846679+00:00
KW-RV-00185,NAD+,2026-09-17T06:41:37.846679+00:00
KW-RV-00186,NAD+,2026-09-17T06:41:37.846679+00:00
KW-RV-00187,NAD+,2026-09-17T06:41:37.846679+00:00
KW-RV-00188,NAD+,2026-09-17T06:41:37.846679+00:00
KW-RV-00189,NAD+,2026-09-17T06:41:37.846679+00:00
KW-RV-00190,NAD+,2026-09-17T06:41:37.846679+00:00
KW-RV-00191,NAD+,2026-09-17T06:41:37.846679+00:00
KW-RV-00192,NAD+,2026-09-17T06:41:37.846679+00:00
KW-RV-00193,NAD+,2026-09-17T06:41:37.846679+00:00
KW-RV-00194,NAD+,2026-09-17T06:41:37.846679+00:00
KW-RV-00195,NAD+,2026-09-17T06:41:37.846679+00:00
KW-RV-00196,NAD+,2026-09-17T06:41:37.846679+00:00
KW-RV-00197,NAD+,2026-09-17T06:41:37.846679+00:00
KW-RV-00198,NAD+,2026-09-17T06:41:37.846679+00:00
KW-RV-00199,NAD+,2026-09-17T06:41:37.846679+00:00
KW-RV-00200,NAD+,2026-09-17T06:41:37.846679+00:00
KW-RV-00201,NAD+,2026-09-17T06:41:37.846679+00:00
KW-RV-00202,NAD+,2026-09-17T06:41:37.846679+00:00
KW-RV-00203,NAD+,2026-09-17T06:41:37.846679+00:00
KW-RV-00204,NAD+,2026-09-17T06:41:37.846679+00:00
KW-RV-00205,NAD+,2026-09-17T06:41:37.846679+00:00
KW-RV-00206,NAD+,2026-09-17T06:41:37.846679+00:00
KW-RV-00207,NAD+,2026-09-17T06:41:37.846679+00:00
KW-RV-00208,NAD+,2026-09-17T06:41:37.846679+00:00
KW-RV-00209,NAD+,2026-09-17T06:41:37.846679+00:00
KW-RV-00210,NAD+,2026-09-17T06:41:37.846679+00:00
KW-RV-00211,NAD+,2026-09-17T06:41:37.846679+00:00
KW-RV-00212,NAD+,2026-09-17T06:41:37.846679+00:00
KW-RV-00213,NAD+,2026-09-17T06:41:37.846679+00:00
KW-RV-00214,NAD+,2026-09-17T06:41:37.846679+00:00
KW-RV-00215,NAD+,2026-09-17T06:41:37.846679+00:00
KW-RV-00216,NAD+,2026-09-17T06:41:37.846679+00:00
KW-RV-00217,NAD+,2026-09-17T06:41:37.846679+00:00
KW-RV-00218,NAD+,2026-09-17T06:41:37.846679+00:00
KW-RV-00219,NAD+,2026-09-17T06:41:37.846679+00:00
KW-RV-00220,NAD+,2026-09-17T06:41:37.846679+00:00
KW-RV-00221,NAD+,2026-09-17T06:41:37.846679+00:00
KW-RV-00222,NAD+,2026-09-17T06:41:37.846679+00:00
KW-ST-00001,Vitamin D3 + K2 + Calcium,2026-09-17T06:41:37.846679+00:00
KW-ST-00002,Vitamin D3 + K2 + Calcium,2026-09-17T06:41:37.846679+00:00
KW-ST-00003,Vitamin D3 + K2 + Calcium,2026-09-17T06:41:37.846679+00:00
KW-ST-00004,Vitamin D3 + K2 + Calcium,2026-09-17T06:41:37.846679+00:00
KW-ST-00005,Vitamin D3 + K2 + Calcium,2026-09-17T06:41:37.846679+00:00
KW-ST-00006,Vitamin D3 + K2 + Calcium,2026-09-17T06:41:37.846679+00:00
KW-ST-00007,Vitamin D3 + K2 + Calcium,2026-09-17T06:41:37.846679+00:00
KW-ST-00008,Vitamin D3 + K2 + Calcium,2026-09-17T06:41:37.846679+00:00
KW-ST-00009,Vitamin D3 + K2 + Calcium,2026-09-17T06:41:37.846679+00:00
KW-ST-00010,Vitamin D3 + K2 + Calcium,2026-09-17T06:41:37.846679+00:00
KW-ST-00011,Vitamin D3 + K2 + Calcium,2026-09-17T06:41:37.846679+00:00
KW-ST-00012,Vitamin D3 + K2 + Calcium,2026-09-17T06:41:37.846679+00:00
KW-ST-00013,Vitamin D3 + K2 + Calcium,2026-09-17T06:41:37.846679+00:00
KW-ST-00014,Vitamin D3 + K2 + Calcium,2026-09-17T06:41:37.846679+00:00
KW-ST-00015,Vitamin D3 + K2 + Calcium,2026-09-17T06:41:37.846679+00:00
KW-ST-00016,Vitamin D3 + K2 + Calcium,2026-09-17T06:41:37.846679+00:00
KW-ST-00017,Vitamin D3 + K2 + Calcium,2026-09-17T06:41:37.846679+00:00
KW-ST-00018,Vitamin D3 + K2 + Calcium,2026-09-17T06:41:37.846679+00:00
KW-ST-00019,Vitamin D3 + K2 + Calcium,2026-09-17T06:41:37.846679+00:00
KW-ST-00020,Vitamin D3 + K2 + Calcium,2026-09-17T06:41:37.846679+00:00
KW-ST-00021,Vitamin D3 + K2 + Calcium,2026-09-17T06:41:37.846679+00:00
KW-ST-00022,Vitamin D3 + K2 + Calcium,2026-09-17T06:41:37.846679+00:00
KW-ST-00023,Vitamin D3 + K2 + Calcium,2026-09-17T06:41:37.846679+00:00
KW-ST-00024,Vitamin D3 + K2 + Calcium,2026-09-17T06:41:37.846679+00:00
KW-ST-00025,Vitamin D3 + K2 + Calcium,2026-09-17T06:41:37.846679+00:00
KW-ST-00026,Vitamin D3 + K2 + Calcium,2026-09-17T06:41:37.846679+00:00
KW-ST-00027,Vitamin D3 + K2 + Calcium,2026-09-17T06:41:37.846679+00:00
KW-ST-00028,Vitamin D3 + K2 + Calcium,2026-09-17T06:41:37.846679+00:00
KW-ST-00029,Vitamin D3 + K2 + Calcium,2026-09-17T06:41:37.846679+00:00
KW-ST-00030,Vitamin D3 + K2 + Calcium,2026-09-17T06:41:37.846679+00:00
KW-ST-00031,Vitamin D3 + K2 + Calcium,2026-09-17T06:41:37.846679+00:00
KW-ST-00032,Vitamin D3 + K2 + Calcium,2026-09-17T06:41:37.846679+00:00
KW-ST-00033,Vitamin D3 + K2 + Calcium,2026-09-17T06:41:37.846679+00:00
KW-ST-00034,Vitamin D3 + K2 + Calcium,2026-09-17T06:41:37.846679+00:00
KW-ST-00035,Vitamin D3 + K2 + Calcium,2026-09-17T06:41:37.846679+00:00
KW-ST-00036,Vitamin D3 + K2 + Calcium,2026-09-17T06:41:37.846679+00:00
KW-ST-00037,Vitamin D3 + K2 + Calcium,2026-09-17T06:41:37.846679+00:00
KW-ST-00038,Vitamin D3 + K2 + Calcium,2026-09-17T06:41:37.846679+00:00
KW-ST-00039,Vitamin D3 + K2 + Calcium,2026-09-17T06:41:37.846679+00:00
KW-ST-00040,Vitamin D3 + K2 + Calcium,2026-09-17T06:41:37.846679+00:00
KW-ST-00041,Vitamin D3 + K2 + Calcium,2026-09-17T06:41:37.846679+00:00
KW-ST-00042,Vitamin D3 + K2 + Calcium,2026-09-17T06:41:37.846679+00:00
KW-ST-00043,Vitamin D3 + K2 + Calcium,2026-09-17T06:41:37.846679+00:00
KW-ST-00044,Vitamin D3 + K2 + Calcium,2026-09-17T06:41:37.846679+00:00
KW-ST-00045,Vitamin D3 + K2 + Calcium,2026-09-17T06:41:37.846679+00:00
KW-ST-00046,Vitamin D3 + K2 + Calcium,2026-09-17T06:41:37.846679+00:00
KW-ST-00047,Vitamin D3 + K2 + Calcium,2026-09-17T06:41:37.846679+00:00
KW-ST-00048,Vitamin D3 + K2 + Calcium,2026-09-17T06:41:37.846679+00:00
KW-ST-00049,Vitamin D3 + K2 + Calcium,2026-09-17T06:41:37.846679+00:00
KW-ST-00050,Vitamin D3 + K2 + Calcium,2026-09-17T06:41:37.846679+00:00
KW-ST-00051,Vitamin D3 + K2 + Calcium,2026-09-17T06:41:37.846679+00:00
KW-ST-00052,Vitamin D3 + K2 + Calcium,2026-09-17T06:41:37.846679+00:00
KW-ST-00053,Vitamin D3 + K2 + Calcium,2026-09-17T06:41:37.846679+00:00
KW-ST-00054,Vitamin D3 + K2 + Calcium,2026-09-17T06:41:37.846679+00:00
KW-ST-00055,Vitamin D3 + K2 + Calcium,2026-09-17T06:41:37.846679+00:00
KW-ST-00056,Vitamin D3 + K2 + Calcium,2026-09-17T06:41:37.846679+00:00
KW-ST-00057,Vitamin D3 + K2 + Calcium,2026-09-17T06:41:37.846679+00:00
KW-ST-00058,Vitamin D3 + K2 + Calcium,2026-09-17T06:41:37.846679+00:00
KW-ST-00059,Vitamin D3 + K2 + Calcium,2026-09-17T06:41:37.846679+00:00
KW-ST-00060,Vitamin D3 + K2 + Calcium,2026-09-17T06:41:37.846679+00:00
KW-ST-00061,Vitamin D3 + K2 + Calcium,2026-09-17T06:41:37.846679+00:00
KW-ST-00062,Vitamin D3 + K2 + Calcium,2026-09-17T06:41:37.846679+00:00
KW-ST-00063,Vitamin D3 + K2 + Calcium,2026-09-17T06:41:37.846679+00:00
KW-ST-00064,Vitamin D3 + K2 + Calcium,2026-09-17T06:41:37.846679+00:00
KW-ST-00065,Vitamin D3 + K2 + Calcium,2026-09-17T06:41:37.846679+00:00
KW-ST-00066,Vitamin D3 + K2 + Calcium,2026-09-17T06:41:37.846679+00:00
KW-ST-00067,Vitamin D3 + K2 + Calcium,2026-09-17T06:41:37.846679+00:00
KW-ST-00068,Vitamin D3 + K2 + Calcium,2026-09-17T06:41:37.846679+00:00
KW-ST-00069,Vitamin D3 + K2 + Calcium,2026-09-17T06:41:37.846679+00:00
KW-ST-00070,Vitamin D3 + K2 + Calcium,2026-09-17T06:41:37.846679+00:00
KW-ST-00071,Vitamin D3 + K2 + Calcium,2026-09-17T06:41:37.846679+00:00
KW-ST-00072,Vitamin D3 + K2 + Calcium,2026-09-17T06:41:37.846679+00:00
KW-ST-00073,Vitamin D3 + K2 + Calcium,2026-09-17T06:41:37.846679+00:00
KW-ST-00074,Vitamin D3 + K2 + Calcium,2026-09-17T06:41:37.846679+00:00
KW-ST-00075,Vitamin D3 + K2 + Calcium,2026-09-17T06:41:37.846679+00:00
KW-ST-00076,Vitamin D3 + K2 + Calcium,2026-09-17T06:41:37.846679+00:00
KW-ST-00077,Vitamin D3 + K2 + Calcium,2026-09-17T06:41:37.846679+00:00
KW-ST-00078,Vitamin D3 + K2 + Calcium,2026-09-17T06:41:37.846679+00:00
KW-ST-00079,Vitamin D3 + K2 + Calcium,2026-09-17T06:41:37.846679+00:00
KW-ST-00080,Vitamin D3 + K2 + Calcium,2026-09-17T06:41:37.846679+00:00
KW-ST-00081,Vitamin D3 + K2 + Calcium,2026-09-17T06:41:37.846679+00:00
KW-ST-00082,Vitamin D3 + K2 + Calcium,2026-09-17T06:41:37.846679+00:00
KW-ST-00083,Vitamin D3 + K2 + Calcium,2026-09-17T06:41:37.846679+00:00
KW-ST-00084,Vitamin D3 + K2 + Calcium,2026-09-17T06:41:37.846679+00:00
KW-ST-00085,Vitamin D3 + K2 + Calcium,2026-09-17T06:41:37.846679+00:00
KW-ST-00086,Vitamin D3 + K2 + Calcium,2026-09-17T06:41:37.846679+00:00
KW-ST-00087,Vitamin D3 + K2 + Calcium,2026-09-17T06:41:37.846679+00:00
KW-ST-00088,Vitamin D3 + K2 + Calcium,2026-09-17T06:41:37.846679+00:00
KW-ST-00089,Vitamin D3 + K2 + Calcium,2026-09-17T06:41:37.846679+00:00
KW-ST-00090,Vitamin D3 + K2 + Calcium,2026-09-17T06:41:37.846679+00:00
KW-ST-00091,Vitamin D3 + K2 + Calcium,2026-09-17T06:41:37.846679+00:00
KW-ST-00092,Vitamin D3 + K2 + Calcium,2026-09-17T06:41:37.846679+00:00
KW-ST-00093,Vitamin D3 + K2 + Calcium,2026-09-17T06:41:37.846679+00:00
KW-ST-00094,Vitamin D3 + K2 + Calcium,2026-09-17T06:41:37.846679+00:00
KW-ST-00095,Vitamin D3 + K2 + Calcium,2026-09-17T06:41:37.846679+00:00
KW-ST-00096,Vitamin D3 + K2 + Calcium,2026-09-17T06:41:37.846679+00:00
KW-ST-00097,Vitamin D3 + K2 + Calcium,2026-09-17T06:41:37.846679+00:00
KW-ST-00098,Vitamin D3 + K2 + Calcium,2026-09-17T06:41:37.846679+00:00
KW-ST-00099,Vitamin D3 + K2 + Calcium,2026-09-17T06:41:37.846679+00:00
KW-ST-00100,Vitamin D3 + K2 + Calcium,2026-09-17T06:41:37.846679+00:00
KW-ST-00101,Vitamin D3 + K2 + Calcium,2026-09-17T06:41:37.846679+00:00
KW-ST-00102,Vitamin D3 + K2 + Calcium,2026-09-17T06:41:37.846679+00:00
KW-ST-00103,Vitamin D3 + K2 + Calcium,2026-09-17T06:41:37.846679+00:00
KW-ST-00104,Vitamin D3 + K2 + Calcium,2026-09-17T06:41:37.846679+00:00
KW-ST-00105,Vitamin D3 + K2 + Calcium,2026-09-17T06:41:37.846679+00:00
KW-ST-00106,Vitamin D3 + K2 + Calcium,2026-09-17T06:41:37.846679+00:00
KW-ST-00107,Vitamin D3 + K2 + Calcium,2026-09-17T06:41:37.846679+00:00
KW-ST-00108,Vitamin D3 + K2 + Calcium,2026-09-17T06:41:37.846679+00:00
KW-ST-00109,Vitamin D3 + K2 + Calcium,2026-09-17T06:41:37.846679+00:00
KW-ST-00110,Vitamin D3 + K2 + Calcium,2026-09-17T06:41:37.846679+00:00
KW-ST-00111,Vitamin D3 + K2 + Calcium,2026-09-17T06:41:37.846679+00:00
KW-ST-00112,Vitamin D3 + K2 + Calcium,2026-09-17T06:41:37.846679+00:00
KW-ST-00113,Vitamin D3 + K2 + Calcium,2026-09-17T06:41:37.846679+00:00
KW-ST-00114,Vitamin D3 + K2 + Calcium,2026-09-17T06:41:37.846679+00:00
KW-ST-00115,Vitamin D3 + K2 + Calcium,2026-09-17T06:41:37.846679+00:00
KW-ST-00116,Vitamin D3 + K2 + Calcium,2026-09-17T06:41:37.846679+00:00
KW-ST-00117,Vitamin D3 + K2 + Calcium,2026-09-17T06:41:37.846679+00:00
KW-ST-00118,Vitamin D3 + K2 + Calcium,2026-09-17T06:41:37.846679+00:00
KW-ST-00119,Vitamin D3 + K2 + Calcium,2026-09-17T06:41:37.846679+00:00
KW-ST-00120,Vitamin D3 + K2 + Calcium,2026-09-17T06:41:37.846679+00:00
KW-ST-00121,Vitamin D3 + K2 + Calcium,2026-09-17T06:41:37.846679+00:00
KW-ST-00122,Vitamin D3 + K2 + Calcium,2026-09-17T06:41:37.846679+00:00
KW-ST-00123,Vitamin D3 + K2 + Calcium,2026-09-17T06:41:37.846679+00:00
KW-ST-00124,Vitamin D3 + K2 + Calcium,2026-09-17T06:41:37.846679+00:00
KW-ST-00125,Vitamin D3 + K2 + Calcium,2026-09-17T06:41:37.846679+00:00
KW-ST-00126,Vitamin D3 + K2 + Calcium,2026-09-17T06:41:37.846679+00:00
KW-ST-00127,Vitamin D3 + K2 + Calcium,2026-09-17T06:41:37.846679+00:00
KW-ST-00128,Vitamin D3 + K2 + Calcium,2026-09-17T06:41:37.846679+00:00
KW-ST-00129,Vitamin D3 + K2 + Calcium,2026-09-17T06:41:37.846679+00:00
KW-ST-00130,Vitamin D3 + K2 + Calcium,2026-09-17T06:41:37.846679+00:00
KW-ST-00131,Vitamin D3 + K2 + Calcium,2026-09-17T06:41:37.846679+00:00
KW-ST-00132,Vitamin D3 + K2 + Calcium,2026-09-17T06:41:37.846679+00:00
KW-ST-00133,Vitamin D3 + K2 + Calcium,2026-09-17T06:41:37.846679+00:00
KW-ST-00134,Vitamin D3 + K2 + Calcium,2026-09-17T06:41:37.846679+00:00
KW-ST-00135,Vitamin D3 + K2 + Calcium,2026-09-17T06:41:37.846679+00:00
KW-ST-00136,Vitamin D3 + K2 + Calcium,2026-09-17T06:41:37.846679+00:00
KW-ST-00137,Vitamin D3 + K2 + Calcium,2026-09-17T06:41:37.846679+00:00
KW-ST-00138,Vitamin D3 + K2 + Calcium,2026-09-17T06:41:37.846679+00:00
KW-ST-00139,Vitamin D3 + K2 + Calcium,2026-09-17T06:41:37.846679+00:00
KW-ST-00140,Vitamin D3 + K2 + Calcium,2026-09-17T06:41:37.846679+00:00
KW-ST-00141,Vitamin D3 + K2 + Calcium,2026-09-17T06:41:37.846679+00:00
KW-ST-00142,Vitamin D3 + K2 + Calcium,2026-09-17T06:41:37.846679+00:00
KW-ST-00143,Vitamin D3 + K2 + Calcium,2026-09-17T06:41:37.846679+00:00
KW-ST-00144,Vitamin D3 + K2 + Calcium,2026-09-17T06:41:37.846679+00:00
KW-ST-00145,Vitamin D3 + K2 + Calcium,2026-09-17T06:41:37.846679+00:00
KW-ST-00146,Vitamin D3 + K2 + Calcium,2026-09-17T06:41:37.846679+00:00
KW-ST-00147,Vitamin D3 + K2 + Calcium,2026-09-17T06:41:37.846679+00:00
KW-ST-00148,Vitamin D3 + K2 + Calcium,2026-09-17T06:41:37.846679+00:00
KW-ST-00149,Vitamin D3 + K2 + Calcium,2026-09-17T06:41:37.846679+00:00
KW-ST-00150,Vitamin D3 + K2 + Calcium,2026-09-17T06:41:37.846679+00:00
KW-ST-00151,Vitamin D3 + K2 + Calcium,2026-09-17T06:41:37.846679+00:00
KW-ST-00152,Vitamin D3 + K2 + Calcium,2026-09-17T06:41:37.846679+00:00
KW-ST-00153,Vitamin D3 + K2 + Calcium,2026-09-17T06:41:37.846679+00:00
KW-ST-00154,Vitamin D3 + K2 + Calcium,2026-09-17T06:41:37.846679+00:00
KW-ST-00155,Vitamin D3 + K2 + Calcium,2026-09-17T06:41:37.846679+00:00
KW-ST-00156,Vitamin D3 + K2 + Calcium,2026-09-17T06:41:37.846679+00:00
KW-ST-00157,Vitamin D3 + K2 + Calcium,2026-09-17T06:41:37.846679+00:00
KW-ST-00158,Vitamin D3 + K2 + Calcium,2026-09-17T06:41:37.846679+00:00
KW-ST-00159,Vitamin D3 + K2 + Calcium,2026-09-17T06:41:37.846679+00:00
KW-ST-00160,Vitamin D3 + K2 + Calcium,2026-09-17T06:41:37.846679+00:00
KW-ST-00161,Vitamin D3 + K2 + Calcium,2026-09-17T06:41:37.846679+00:00
KW-ST-00162,Vitamin D3 + K2 + Calcium,2026-09-17T06:41:37.846679+00:00
KW-ST-00163,Vitamin D3 + K2 + Calcium,2026-09-17T06:41:37.846679+00:00
KW-ST-00164,Vitamin D3 + K2 + Calcium,2026-09-17T06:41:37.846679+00:00
KW-ST-00165,Vitamin D3 + K2 + Calcium,2026-09-17T06:41:37.846679+00:00
KW-ST-00166,Vitamin D3 + K2 + Calcium,2026-09-17T06:41:37.846679+00:00
KW-ST-00167,Vitamin D3 + K2 + Calcium,2026-09-17T06:41:37.846679+00:00
KW-ST-00168,Vitamin D3 + K2 + Calcium,2026-09-17T06:41:37.846679+00:00
KW-ST-00169,Vitamin D3 + K2 + Calcium,2026-09-17T06:41:37.846679+00:00
KW-ST-00170,Vitamin D3 + K2 + Calcium,2026-09-17T06:41:37.846679+00:00
KW-ST-00171,Vitamin D3 + K2 + Calcium,2026-09-17T06:41:37.846679+00:00
KW-ST-00172,Vitamin D3 + K2 + Calcium,2026-09-17T06:41:37.846679+00:00
KW-ST-00173,Vitamin D3 + K2 + Calcium,2026-09-17T06:41:37.846679+00:00
KW-ST-00174,Vitamin D3 + K2 + Calcium,2026-09-17T06:41:37.846679+00:00
KW-ST-00175,Vitamin D3 + K2 + Calcium,2026-09-17T06:41:37.846679+00:00
KW-ST-00176,Vitamin D3 + K2 + Calcium,2026-09-17T06:41:37.846679+00:00
KW-ST-00177,Vitamin D3 + K2 + Calcium,2026-09-17T06:41:37.846679+00:00
KW-ST-00178,Vitamin D3 + K2 + Calcium,2026-09-17T06:41:37.846679+00:00
KW-ST-00179,Vitamin D3 + K2 + Calcium,2026-09-17T06:41:37.846679+00:00
KW-ST-00180,Vitamin D3 + K2 + Calcium,2026-09-17T06:41:37.846679+00:00
KW-ST-00181,Vitamin D3 + K2 + Calcium,2026-09-17T06:41:37.846679+00:00
KW-ST-00182,Vitamin D3 + K2 + Calcium,2026-09-17T06:41:37.846679+00:00
KW-ST-00183,Vitamin D3 + K2 + Calcium,2026-09-17T06:41:37.846679+00:00
KW-ST-00184,Vitamin D3 + K2 + Calcium,2026-09-17T06:41:37.846679+00:00
KW-ST-00185,Vitamin D3 + K2 + Calcium,2026-09-17T06:41:37.846679+00:00
KW-ST-00186,Vitamin D3 + K2 + Calcium,2026-09-17T06:41:37.846679+00:00
KW-ST-00187,Vitamin D3 + K2 + Calcium,2026-09-17T06:41:37.846679+00:00
KW-ST-00188,Vitamin D3 + K2 + Calcium,2026-09-17T06:41:37.846679+00:00
KW-ST-00189,Vitamin D3 + K2 + Calcium,2026-09-17T06:41:37.846679+00:00
KW-ST-00190,Vitamin D3 + K2 + Calcium,2026-09-17T06:41:37.846679+00:00
KW-ST-00191,Vitamin D3 + K2 + Calcium,2026-09-17T06:41:37.846679+00:00
KW-ST-00192,Vitamin D3 + K2 + Calcium,2026-09-17T06:41:37.846679+00:00
KW-ST-00193,Vitamin D3 + K2 + Calcium,2026-09-17T06:41:37.846679+00:00
KW-ST-00194,Vitamin D3 + K2 + Calcium,2026-09-17T06:41:37.846679+00:00
KW-ST-00195,Vitamin D3 + K2 + Calcium,2026-09-17T06:41:37.846679+00:00
KW-ST-00196,Vitamin D3 + K2 + Calcium,2026-09-17T06:41:37.846679+00:00
KW-ST-00197,Vitamin D3 + K2 + Calcium,2026-09-17T06:41:37.846679+00:00
KW-ST-00198,Vitamin D3 + K2 + Calcium,2026-09-17T06:41:37.846679+00:00
KW-ST-00199,Vitamin D3 + K2 + Calcium,2026-09-17T06:41:37.846679+00:00
KW-ST-00200,Vitamin D3 + K2 + Calcium,2026-09-17T06:41:37.846679+00:00
KW-ST-00201,Vitamin D3 + K2 + Calcium,2026-09-17T06:41:37.846679+00:00
KW-ST-00202,Vitamin D3 + K2 + Calcium,2026-09-17T06:41:37.846679+00:00
KW-ST-00203,Vitamin D3 + K2 + Calcium,2026-09-17T06:41:37.846679+00:00
KW-ST-00204,Vitamin D3 + K2 + Calcium,2026-09-17T06:41:37.846679+00:00
KW-ST-00205,Vitamin D3 + K2 + Calcium,2026-09-17T06:41:37.846679+00:00
KW-ST-00206,Vitamin D3 + K2 + Calcium,2026-09-17T06:41:37.846679+00:00
KW-ST-00207,Vitamin D3 + K2 + Calcium,2026-09-17T06:41:37.846679+00:00
KW-ST-00208,Vitamin D3 + K2 + Calcium,2026-09-17T06:41:37.846679+00:00
KW-ST-00209,Vitamin D3 + K2 + Calcium,2026-09-17T06:41:37.846679+00:00
KW-ST-00210,Vitamin D3 + K2 + Calcium,2026-09-17T06:41:37.846679+00:00
KW-ST-00211,Vitamin D3 + K2 + Calcium,2026-09-17T06:41:37.846679+00:00
KW-ST-00212,Vitamin D3 + K2 + Calcium,2026-09-17T06:41:37.846679+00:00
KW-ST-00213,Vitamin D3 + K2 + Calcium,2026-09-17T06:41:37.846679+00:00
KW-ST-00214,Vitamin D3 + K2 + Calcium,2026-09-17T06:41:37.846679+00:00
KW-ST-00215,Vitamin D3 + K2 + Calcium,2026-09-17T06:41:37.846679+00:00
KW-ST-00216,Vitamin D3 + K2 + Calcium,2026-09-17T06:41:37.846679+00:00
KW-ST-00217,Vitamin D3 + K2 + Calcium,2026-09-17T06:41:37.846679+00:00
KW-ST-00218,Vitamin D3 + K2 + Calcium,2026-09-17T06:41:37.846679+00:00
KW-ST-00219,Vitamin D3 + K2 + Calcium,2026-09-17T06:41:37.846679+00:00
KW-ST-00220,Vitamin D3 + K2 + Calcium,2026-09-17T06:41:37.846679+00:00
KW-ST-00221,Vitamin D3 + K2 + Calcium,2026-09-17T06:41:37.846679+00:00
KW-ST-00222,Vitamin D3 + K2 + Calcium,2026-09-17T06:41:37.846679+00:00
KW-ST-00223,Vitamin D3 + K2 + Calcium,2026-09-17T06:41:37.846679+00:00
KW-ST-00224,Vitamin D3 + K2 + Calcium,2026-09-17T06:41:37.846679+00:00
KW-ST-00225,Vitamin D3 + K2 + Calcium,2026-09-17T06:41:37.846679+00:00
KW-ST-00226,Vitamin D3 + K2 + Calcium,2026-09-17T06:41:37.846679+00:00
KW-ST-00227,Vitamin D3 + K2 + Calcium,2026-09-17T06:41:37.846679+00:00
KW-ST-00228,Vitamin D3 + K2 + Calcium,2026-09-17T06:41:37.846679+00:00
KW-ST-00229,Vitamin D3 + K2 + Calcium,2026-09-17T06:41:37.846679+00:00
KW-ST-00230,Vitamin D3 + K2 + Calcium,2026-09-17T06:41:37.846679+00:00
KW-ST-00231,Vitamin D3 + K2 + Calcium,2026-09-17T06:41:37.846679+00:00
KW-ST-00232,Vitamin D3 + K2 + Calcium,2026-09-17T06:41:37.846679+00:00
KW-ST-00233,Vitamin D3 + K2 + Calcium,2026-09-17T06:41:37.846679+00:00
KW-ST-00234,Vitamin D3 + K2 + Calcium,2026-09-17T06:41:37.846679+00:00
KW-ST-00235,Vitamin D3 + K2 + Calcium,2026-09-17T06:41:37.846679+00:00
KW-ST-00236,Vitamin D3 + K2 + Calcium,2026-09-17T06:41:37.846679+00:00
KW-ST-00237,Vitamin D3 + K2 + Calcium,2026-09-17T06:41:37.846679+00:00
KW-ST-00238,Vitamin D3 + K2 + Calcium,2026-09-17T06:41:37.846679+00:00
KW-ST-00239,Vitamin D3 + K2 + Calcium,2026-09-17T06:41:37.846679+00:00
KW-ST-00240,Vitamin D3 + K2 + Calcium,2026-09-17T06:41:37.846679+00:00
KW-ST-00241,Vitamin D3 + K2 + Calcium,2026-09-17T06:41:37.846679+00:00
KW-ST-00242,Vitamin D3 + K2 + Calcium,2026-09-17T06:41:37.846679+00:00
KW-ST-00243,Vitamin D3 + K2 + Calcium,2026-09-17T06:41:37.846679+00:00
KW-ST-00244,Vitamin D3 + K2 + Calcium,2026-09-17T06:41:37.846679+00:00
KW-ST-00245,Vitamin D3 + K2 + Calcium,2026-09-17T06:41:37.846679+00:00
KW-ST-00246,Vitamin D3 + K2 + Calcium,2026-09-17T06:41:37.846679+00:00
KW-ST-00247,Vitamin D3 + K2 + Calcium,2026-09-17T06:41:37.846679+00:00
KW-ST-00248,Vitamin D3 + K2 + Calcium,2026-09-17T06:41:37.846679+00:00
KW-ST-00249,Vitamin D3 + K2 + Calcium,2026-09-17T06:41:37.846679+00:00
KW-ST-00250,Vitamin D3 + K2 + Calcium,2026-09-17T06:41:37.846679+00:00
KW-ST-00251,Vitamin D3 + K2 + Calcium,2026-09-17T06:41:37.846679+00:00
KW-ST-00252,Vitamin D3 + K2 + Calcium,2026-09-17T06:41:37.846679+00:00
KW-ST-00253,Vitamin D3 + K2 + Calcium,2026-09-17T06:41:37.846679+00:00
KW-ST-00254,Vitamin D3 + K2 + Calcium,2026-09-17T06:41:37.846679+00:00
KW-ST-00255,Vitamin D3 + K2 + Calcium,2026-09-17T06:41:37.846679+00:00
KW-ST-00256,Vitamin D3 + K2 + Calcium,2026-09-17T06:41:37.846679+00:00
KW-ST-00257,Vitamin D3 + K2 + Calcium,2026-09-17T06:41:37.846679+00:00
KW-ST-00258,Vitamin D3 + K2 + Calcium,2026-09-17T06:41:37.846679+00:00
KW-ST-00259,Vitamin D3 + K2 + Calcium,2026-09-17T06:41:37.846679+00:00
KW-ST-00260,Vitamin D3 + K2 + Calcium,2026-09-17T06:41:37.846679+00:00
KW-ST-00261,Vitamin D3 + K2 + Calcium,2026-09-17T06:41:37.846679+00:00
KW-ST-00262,Vitamin D3 + K2 + Calcium,2026-09-17T06:41:37.846679+00:00
KW-ST-00263,Vitamin D3 + K2 + Calcium,2026-09-17T06:41:37.846679+00:00
KW-ST-00264,Vitamin D3 + K2 + Calcium,2026-09-17T06:41:37.846679+00:00
KW-ST-00265,Vitamin D3 + K2 + Calcium,2026-09-17T06:41:37.846679+00:00
KW-ST-00266,Vitamin D3 + K2 + Calcium,2026-09-17T06:41:37.846679+00:00
KW-ST-00267,Vitamin D3 + K2 + Calcium,2026-09-17T06:41:37.846679+00:00
KW-ST-00268,Vitamin D3 + K2 + Calcium,2026-09-17T06:41:37.846679+00:00
KW-ST-00269,Vitamin D3 + K2 + Calcium,2026-09-17T06:41:37.846679+00:00
KW-ST-00270,Vitamin D3 + K2 + Calcium,2026-09-17T06:41:37.846679+00:00
KW-ST-00271,Vitamin D3 + K2 + Calcium,2026-09-17T06:41:37.846679+00:00
KW-ST-00272,Vitamin D3 + K2 + Calcium,2026-09-17T06:41:37.846679+00:00
KW-ST-00273,Vitamin D3 + K2 + Calcium,2026-09-17T06:41:37.846679+00:00
KW-ST-00274,Vitamin D3 + K2 + Calcium,2026-09-17T06:41:37.846679+00:00
KW-ST-00275,Vitamin D3 + K2 + Calcium,2026-09-17T06:41:37.846679+00:00
KW-ST-00276,Vitamin D3 + K2 + Calcium,2026-09-17T06:41:37.846679+00:00
KW-ST-00277,Vitamin D3 + K2 + Calcium,2026-09-17T06:41:37.846679+00:00
KW-ST-00278,Vitamin D3 + K2 + Calcium,2026-09-17T06:41:37.846679+00:00
KW-ST-00279,Vitamin D3 + K2 + Calcium,2026-09-17T06:41:37.846679+00:00
KW-ST-00280,Vitamin D3 + K2 + Calcium,2026-09-17T06:41:37.846679+00:00
KW-ST-00281,Vitamin D3 + K2 + Calcium,2026-09-17T06:41:37.846679+00:00
KW-ST-00282,Vitamin D3 + K2 + Calcium,2026-09-17T06:41:37.846679+00:00
KW-ST-00283,Vitamin D3 + K2 + Calcium,2026-09-17T06:41:37.846679+00:00
KW-ST-00284,Vitamin D3 + K2 + Calcium,2026-09-17T06:41:37.846679+00:00
KW-ST-00285,Vitamin D3 + K2 + Calcium,2026-09-17T06:41:37.846679+00:00
KW-ST-00286,Vitamin D3 + K2 + Calcium,2026-09-17T06:41:37.846679+00:00
KW-ST-00287,Vitamin D3 + K2 + Calcium,2026-09-17T06:41:37.846679+00:00
KW-ST-00288,Vitamin D3 + K2 + Calcium,2026-09-17T06:41:37.846679+00:00
KW-ST-00289,Vitamin D3 + K2 + Calcium,2026-09-17T06:41:37.846679+00:00
KW-ST-00290,Vitamin D3 + K2 + Calcium,2026-09-17T06:41:37.846679+00:00
KW-ST-00291,Vitamin D3 + K2 + Calcium,2026-09-17T06:41:37.846679+00:00
KW-ST-00292,Vitamin D3 + K2 + Calcium,2026-09-17T06:41:37.846679+00:00
KW-ST-00293,Vitamin D3 + K2 + Calcium,2026-09-17T06:41:37.846679+00:00
KW-ST-00294,Vitamin D3 + K2 + Calcium,2026-09-17T06:41:37.846679+00:00
KW-ST-00295,Vitamin D3 + K2 + Calcium,2026-09-17T06:41:37.846679+00:00
KW-ST-00296,Vitamin D3 + K2 + Calcium,2026-09-17T06:41:37.846679+00:00
KW-ST-00297,Vitamin D3 + K2 + Calcium,2026-09-17T06:41:37.846679+00:00
KW-ST-00298,Vitamin D3 + K2 + Calcium,2026-09-17T06:41:37.846679+00:00
KW-ST-00299,Vitamin D3 + K2 + Calcium,2026-09-17T06:41:37.846679+00:00
KW-ST-00300,Vitamin D3 + K2 + Calcium,2026-09-17T06:41:37.846679+00:00
KW-ST-00301,Vitamin D3 + K2 + Calcium,2026-09-17T06:41:37.846679+00:00
KW-ST-00302,Vitamin D3 + K2 + Calcium,2026-09-17T06:41:37.846679+00:00
KW-ST-00303,Vitamin D3 + K2 + Calcium,2026-09-17T06:41:37.846679+00:00
KW-ST-00304,Vitamin D3 + K2 + Calcium,2026-09-17T06:41:37.846679+00:00
KW-ST-00305,Vitamin D3 + K2 + Calcium,2026-09-17T06:41:37.846679+00:00
KW-ST-00306,Vitamin D3 + K2 + Calcium,2026-09-17T06:41:37.846679+00:00
KW-ST-00307,Vitamin D3 + K2 + Calcium,2026-09-17T06:41:37.846679+00:00
KW-ST-00308,Vitamin D3 + K2 + Calcium,2026-09-17T06:41:37.846679+00:00
KW-ST-00309,Vitamin D3 + K2 + Calcium,2026-09-17T06:41:37.846679+00:00
KW-ST-00310,Vitamin D3 + K2 + Calcium,2026-09-17T06:41:37.846679+00:00
KW-TU-00001,TUDCA,2026-09-17T06:41:37.846679+00:00
KW-TU-00002,TUDCA,2026-09-17T06:41:37.846679+00:00
KW-TU-00003,TUDCA,2026-09-17T06:41:37.846679+00:00
KW-TU-00004,TUDCA,2026-09-17T06:41:37.846679+00:00
KW-TU-00005,TUDCA,2026-09-17T06:41:37.846679+00:00
KW-TU-00006,TUDCA,2026-09-17T06:41:37.846679+00:00
KW-TU-00007,TUDCA,2026-09-17T06:41:37.846679+00:00
KW-TU-00008,TUDCA,2026-09-17T06:41:37.846679+00:00
KW-TU-00009,TUDCA,2026-09-17T06:41:37.846679+00:00
KW-TU-00010,TUDCA,2026-09-17T06:41:37.846679+00:00
KW-TU-00011,TUDCA,2026-09-17T06:41:37.846679+00:00
KW-TU-00012,TUDCA,2026-09-17T06:41:37.846679+00:00
KW-TU-00013,TUDCA,2026-09-17T06:41:37.846679+00:00
KW-TU-00014,TUDCA,2026-09-17T06:41:37.846679+00:00
KW-TU-00015,TUDCA,2026-09-17T06:41:37.846679+00:00
KW-TU-00016,TUDCA,2026-09-17T06:41:37.846679+00:00
KW-TU-00017,TUDCA,2026-09-17T06:41:37.846679+00:00
KW-TU-00018,TUDCA,2026-09-17T06:41:37.846679+00:00
KW-TU-00019,TUDCA,2026-09-17T06:41:37.846679+00:00
KW-TU-00020,TUDCA,2026-09-17T06:41:37.846679+00:00
KW-TU-00021,TUDCA,2026-09-17T06:41:37.846679+00:00
KW-TU-00022,TUDCA,2026-09-17T06:41:37.846679+00:00
KW-TU-00023,TUDCA,2026-09-17T06:41:37.846679+00:00
KW-TU-00024,TUDCA,2026-09-17T06:41:37.846679+00:00
KW-TU-00025,TUDCA,2026-09-17T06:41:37.846679+00:00
KW-TU-00026,TUDCA,2026-09-17T06:41:37.846679+00:00
KW-TU-00027,TUDCA,2026-09-17T06:41:37.846679+00:00
KW-TU-00028,TUDCA,2026-09-17T06:41:37.846679+00:00
KW-TU-00029,TUDCA,2026-09-17T06:41:37.846679+00:00
KW-TU-00030,TUDCA,2026-09-17T06:41:37.846679+00:00
KW-TU-00031,TUDCA,2026-09-17T06:41:37.846679+00:00
KW-TU-00032,TUDCA,2026-09-17T06:41:37.846679+00:00
KW-TU-00033,TUDCA,2026-09-17T06:41:37.846679+00:00
KW-TU-00034,TUDCA,2026-09-17T06:41:37.846679+00:00
KW-TU-00035,TUDCA,2026-09-17T06:41:37.846679+00:00
KW-TU-00036,TUDCA,2026-09-17T06:41:37.846679+00:00
KW-TU-00037,TUDCA,2026-09-17T06:41:37.846679+00:00
KW-TU-00038,TUDCA,2026-09-17T06:41:37.846679+00:00
KW-TU-00039,TUDCA,2026-09-17T06:41:37.846679+00:00
KW-TU-00040,TUDCA,2026-09-17T06:41:37.846679+00:00
KW-TU-00041,TUDCA,2026-09-17T06:41:37.846679+00:00
KW-TU-00042,TUDCA,2026-09-17T06:41:37.846679+00:00
KW-TU-00043,TUDCA,2026-09-17T06:41:37.846679+00:00
KW-TU-00044,TUDCA,2026-09-17T06:41:37.846679+00:00
KW-TU-00045,TUDCA,2026-09-17T06:41:37.846679+00:00
KW-TU-00046,TUDCA,2026-09-17T06:41:37.846679+00:00
KW-TU-00047,TUDCA,2026-09-17T06:41:37.846679+00:00
KW-TU-00048,TUDCA,2026-09-17T06:41:37.846679+00:00
KW-TU-00049,TUDCA,2026-09-17T06:41:37.846679+00:00
KW-TU-00050,TUDCA,2026-09-17T06:41:37.846679+00:00
KW-TU-00051,TUDCA,2026-09-17T06:41:37.846679+00:00
KW-TU-00052,TUDCA,2026-09-17T06:41:37.846679+00:00
KW-TU-00053,TUDCA,2026-09-17T06:41:37.846679+00:00
KW-TU-00054,TUDCA,2026-09-17T06:41:37.846679+00:00
KW-TU-00055,TUDCA,2026-09-17T06:41:37.846679+00:00
KW-TU-00056,TUDCA,2026-09-17T06:41:37.846679+00:00
KW-TU-00057,TUDCA,2026-09-17T06:41:37.846679+00:00
KW-TU-00058,TUDCA,2026-09-17T06:41:37.846679+00:00
KW-TU-00059,TUDCA,2026-09-17T06:41:37.846679+00:00
KW-TU-00060,TUDCA,2026-09-17T06:41:37.846679+00:00
KW-TU-00061,TUDCA,2026-09-17T06:41:37.846679+00:00
KW-TU-00062,TUDCA,2026-09-17T06:41:37.846679+00:00
KW-TU-00063,TUDCA,2026-09-17T06:41:37.846679+00:00
KW-TU-00064,TUDCA,2026-09-17T06:41:37.846679+00:00
KW-TU-00065,TUDCA,2026-09-17T06:41:37.846679+00:00
KW-TU-00066,TUDCA,2026-09-17T06:41:37.846679+00:00
KW-TU-00067,TUDCA,2026-09-17T06:41:37.846679+00:00
KW-TU-00068,TUDCA,2026-09-17T06:41:37.846679+00:00
KW-TU-00069,TUDCA,2026-09-17T06:41:37.846679+00:00
KW-TU-00070,TUDCA,2026-09-17T06:41:37.846679+00:00
KW-TU-00071,TUDCA,2026-09-17T06:41:37.846679+00:00
KW-TU-00072,TUDCA,2026-09-17T06:41:37.846679+00:00
KW-TU-00073,TUDCA,2026-09-17T06:41:37.846679+00:00
KW-TU-00074,TUDCA,2026-09-17T06:41:37.846679+00:00
KW-TU-00075,TUDCA,2026-09-17T06:41:37.846679+00:00
KW-TU-00076,TUDCA,2026-09-17T06:41:37.846679+00:00
KW-TU-00077,TUDCA,2026-09-17T06:41:37.846679+00:00
KW-TU-00078,TUDCA,2026-09-17T06:41:37.846679+00:00
KW-TU-00079,TUDCA,2026-09-17T06:41:37.846679+00:00
KW-TU-00080,TUDCA,2026-09-17T06:41:37.846679+00:00
KW-TU-00081,TUDCA,2026-09-17T06:41:37.846679+00:00
KW-TU-00082,TUDCA,2026-09-17T06:41:37.846679+00:00
KW-TU-00083,TUDCA,2026-09-17T06:41:37.846679+00:00
KW-TU-00084,TUDCA,2026-09-17T06:41:37.846679+00:00
KW-TU-00085,TUDCA,2026-09-17T06:41:37.846679+00:00
KW-TU-00086,TUDCA,2026-09-17T06:41:37.846679+00:00
KW-TU-00087,TUDCA,2026-09-17T06:41:37.846679+00:00
KW-TU-00088,TUDCA,2026-09-17T06:41:37.846679+00:00
KW-TU-00089,TUDCA,2026-09-17T06:41:37.846679+00:00
KW-TU-00090,TUDCA,2026-09-17T06:41:37.846679+00:00
KW-TU-00091,TUDCA,2026-09-17T06:41:37.846679+00:00
KW-TU-00092,TUDCA,2026-09-17T06:41:37.846679+00:00
KW-TU-00093,TUDCA,2026-09-17T06:41:37.846679+00:00
KW-TU-00094,TUDCA,2026-09-17T06:41:37.846679+00:00
KW-TU-00095,TUDCA,2026-09-17T06:41:37.846679+00:00
KW-TU-00096,TUDCA,2026-09-17T06:41:37.846679+00:00
KW-TU-00097,TUDCA,2026-09-17T06:41:37.846679+00:00
KW-TU-00098,TUDCA,2026-09-17T06:41:37.846679+00:00
KW-TU-00099,TUDCA,2026-09-17T06:41:37.846679+00:00
KW-TU-00100,TUDCA,2026-09-17T06:41:37.846679+00:00
KW-TU-00101,TUDCA,2026-09-17T06:41:37.846679+00:00
KW-TU-00102,TUDCA,2026-09-17T06:41:37.846679+00:00
KW-TU-00103,TUDCA,2026-09-17T06:41:37.846679+00:00
KW-TU-00104,TUDCA,2026-09-17T06:41:37.846679+00:00
KW-TU-00105,TUDCA,2026-09-17T06:41:37.846679+00:00
KW-TU-00106,TUDCA,2026-09-17T06:41:37.846679+00:00
KW-TU-00107,TUDCA,2026-09-17T06:41:37.846679+00:00
KW-TU-00108,TUDCA,2026-09-17T06:41:37.846679+00:00
KW-TU-00109,TUDCA,2026-09-17T06:41:37.846679+00:00
KW-TU-00110,TUDCA,2026-09-17T06:41:37.846679+00:00
KW-TU-00111,TUDCA,2026-09-17T06:41:37.846679+00:00
KW-TU-00112,TUDCA,2026-09-17T06:41:37.846679+00:00
KW-TU-00113,TUDCA,2026-09-17T06:41:37.846679+00:00
KW-TU-00114,TUDCA,2026-09-17T06:41:37.846679+00:00
KW-TU-00115,TUDCA,2026-09-17T06:41:37.846679+00:00
KW-TU-00116,TUDCA,2026-09-17T06:41:37.846679+00:00
KW-TU-00117,TUDCA,2026-09-17T06:41:37.846679+00:00
KW-TU-00118,TUDCA,2026-09-17T06:41:37.846679+00:00
KW-TU-00119,TUDCA,2026-09-17T06:41:37.846679+00:00
KW-TU-00120,TUDCA,2026-09-17T06:41:37.846679+00:00
KW-TU-00121,TUDCA,2026-09-17T06:41:37.846679+00:00
KW-TU-00122,TUDCA,2026-09-17T06:41:37.846679+00:00
KW-TU-00123,TUDCA,2026-09-17T06:41:37.846679+00:00
KW-TU-00124,TUDCA,2026-09-17T06:41:37.846679+00:00
KW-TU-00125,TUDCA,2026-09-17T06:41:37.846679+00:00
KW-TU-00126,TUDCA,2026-09-17T06:41:37.846679+00:00
KW-TU-00127,TUDCA,2026-09-17T06:41:37.846679+00:00
KW-TU-00128,TUDCA,2026-09-17T06:41:37.846679+00:00
KW-TU-00129,TUDCA,2026-09-17T06:41:37.846679+00:00
KW-TU-00130,TUDCA,2026-09-17T06:41:37.846679+00:00
KW-TU-00131,TUDCA,2026-09-17T06:41:37.846679+00:00
KW-TU-00132,TUDCA,2026-09-17T06:41:37.846679+00:00
KW-TU-00133,TUDCA,2026-09-17T06:41:37.846679+00:00
KW-TU-00134,TUDCA,2026-09-17T06:41:37.846679+00:00
KW-TU-00135,TUDCA,2026-09-17T06:41:37.846679+00:00
KW-TU-00136,TUDCA,2026-09-17T06:41:37.846679+00:00
KW-TU-00137,TUDCA,2026-09-17T06:41:37.846679+00:00
KW-TU-00138,TUDCA,2026-09-17T06:41:37.846679+00:00
KW-TU-00139,TUDCA,2026-09-17T06:41:37.846679+00:00
KW-TU-00140,TUDCA,2026-09-17T06:41:37.846679+00:00
KW-TU-00141,TUDCA,2026-09-17T06:41:37.846679+00:00
KW-TU-00142,TUDCA,2026-09-17T06:41:37.846679+00:00
KW-TU-00143,TUDCA,2026-09-17T06:41:37.846679+00:00
KW-TU-00144,TUDCA,2026-09-17T06:41:37.846679+00:00
KW-TU-00145,TUDCA,2026-09-17T06:41:37.846679+00:00
KW-TU-00146,TUDCA,2026-09-17T06:41:37.846679+00:00
KW-TU-00147,TUDCA,2026-09-17T06:41:37.846679+00:00
KW-TU-00148,TUDCA,2026-09-17T06:41:37.846679+00:00
KW-TU-00149,TUDCA,2026-09-17T06:41:37.846679+00:00
KW-TU-00150,TUDCA,2026-09-17T06:41:37.846679+00:00
KW-TU-00151,TUDCA,2026-09-17T06:41:37.846679+00:00
KW-TU-00152,TUDCA,2026-09-17T06:41:37.846679+00:00
KW-TU-00153,TUDCA,2026-09-17T06:41:37.846679+00:00
KW-TU-00154,TUDCA,2026-09-17T06:41:37.846679+00:00
KW-TU-00155,TUDCA,2026-09-17T06:41:37.846679+00:00
KW-TU-00156,TUDCA,2026-09-17T06:41:37.846679+00:00
KW-TU-00157,TUDCA,2026-09-17T06:41:37.846679+00:00
KW-TU-00158,TUDCA,2026-09-17T06:41:37.846679+00:00
KW-TU-00159,TUDCA,2026-09-17T06:41:37.846679+00:00
KW-TU-00160,TUDCA,2026-09-17T06:41:37.846679+00:00
KW-TU-00161,TUDCA,2026-09-17T06:41:37.846679+00:00
KW-TU-00162,TUDCA,2026-09-17T06:41:37.846679+00:00
KW-TU-00163,TUDCA,2026-09-17T06:41:37.846679+00:00
KW-TU-00164,TUDCA,2026-09-17T06:41:37.846679+00:00
KW-TU-00165,TUDCA,2026-09-17T06:41:37.846679+00:00
KW-TU-00166,TUDCA,2026-09-17T06:41:37.846679+00:00
KW-TU-00167,TUDCA,2026-09-17T06:41:37.846679+00:00
KW-TU-00168,TUDCA,2026-09-17T06:41:37.846679+00:00
KW-TU-00169,TUDCA,2026-09-17T06:41:37.846679+00:00
KW-TU-00170,TUDCA,2026-09-17T06:41:37.846679+00:00
KW-TU-00171,TUDCA,2026-09-17T06:41:37.846679+00:00
KW-TU-00172,TUDCA,2026-09-17T06:41:37.846679+00:00
KW-TU-00173,TUDCA,2026-09-17T06:41:37.846679+00:00
KW-TU-00174,TUDCA,2026-09-17T06:41:37.846679+00:00
KW-TU-00175,TUDCA,2026-09-17T06:41:37.846679+00:00
KW-TU-00176,TUDCA,2026-09-17T06:41:37.846679+00:00
KW-TU-00177,TUDCA,2026-09-17T06:41:37.846679+00:00
KW-TU-00178,TUDCA,2026-09-17T06:41:37.846679+00:00
KW-TU-00179,TUDCA,2026-09-17T06:41:37.846679+00:00
KW-TU-00180,TUDCA,2026-09-17T06:41:37.846679+00:00
KW-TU-00181,TUDCA,2026-09-17T06:41:37.846679+00:00
KW-TU-00182,TUDCA,2026-09-17T06:41:37.846679+00:00
KW-TU-00183,TUDCA,2026-09-17T06:41:37.846679+00:00
KW-TU-00184,TUDCA,2026-09-17T06:41:37.846679+00:00
KW-TU-00185,TUDCA,2026-09-17T06:41:37.846679+00:00
KW-TU-00186,TUDCA,2026-09-17T06:41:37.846679+00:00
KW-TU-00187,TUDCA,2026-09-17T06:41:37.846679+00:00
KW-TU-00188,TUDCA,2026-09-17T06:41:37.846679+00:00
KW-TU-00189,TUDCA,2026-09-17T06:41:37.846679+00:00
KW-TU-00190,TUDCA,2026-09-17T06:41:37.846679+00:00
KW-TU-00191,TUDCA,2026-09-17T06:41:37.846679+00:00
KW-TU-00192,TUDCA,2026-09-17T06:41:37.846679+00:00
KW-TU-00193,TUDCA,2026-09-17T06:41:37.846679+00:00
KW-TU-00194,TUDCA,2026-09-17T06:41:37.846679+00:00
KW-TU-00195,TUDCA,2026-09-17T06:41:37.846679+00:00
KW-TU-00196,TUDCA,2026-09-17T06:41:37.846679+00:00
KW-TU-00197,TUDCA,2026-09-17T06:41:37.846679+00:00
KW-TU-00198,TUDCA,2026-09-17T06:41:37.846679+00:00
KW-TU-00199,TUDCA,2026-09-17T06:41:37.846679+00:00
KW-TU-00200,TUDCA,2026-09-17T06:41:37.846679+00:00
KW-TU-00201,TUDCA,2026-09-17T06:41:37.846679+00:00
KW-TU-00202,TUDCA,2026-09-17T06:41:37.846679+00:00
KW-TU-00203,TUDCA,2026-09-17T06:41:37.846679+00:00
KW-TU-00204,TUDCA,2026-09-17T06:41:37.846679+00:00
KW-TU-00205,TUDCA,2026-09-17T06:41:37.846679+00:00
KW-TU-00206,TUDCA,2026-09-17T06:41:37.846679+00:00
KW-TU-00207,TUDCA,2026-09-17T06:41:37.846679+00:00
KW-TU-00208,TUDCA,2026-09-17T06:41:37.846679+00:00
KW-TU-00209,TUDCA,2026-09-17T06:41:37.846679+00:00
KW-TU-00210,TUDCA,2026-09-17T06:41:37.846679+00:00
KW-TU-00211,TUDCA,2026-09-17T06:41:37.846679+00:00
KW-TU-00212,TUDCA,2026-09-17T06:41:37.846679+00:00
KW-TU-00213,TUDCA,2026-09-17T06:41:37.846679+00:00
KW-TU-00214,TUDCA,2026-09-17T06:41:37.846679+00:00
KW-TU-00215,TUDCA,2026-09-17T06:41:37.846679+00:00
KW-TU-00216,TUDCA,2026-09-17T06:41:37.846679+00:00
KW-TU-00217,TUDCA,2026-09-17T06:41:37.846679+00:00
KW-TU-00218,TUDCA,2026-09-17T06:41:37.846679+00:00
KW-TU-00219,TUDCA,2026-09-17T06:41:37.846679+00:00
KW-TU-00220,TUDCA,2026-09-17T06:41:37.846679+00:00
KW-TU-00221,TUDCA,2026-09-17T06:41:37.846679+00:00
KW-TU-00222,TUDCA,2026-09-17T06:41:37.846679+00:00
KW-TU-00223,TUDCA,2026-09-17T06:41:37.846679+00:00
KW-TU-00224,TUDCA,2026-09-17T06:41:37.846679+00:00
KW-TU-00225,TUDCA,2026-09-17T06:41:37.846679+00:00
KW-TU-00226,TUDCA,2026-09-17T06:41:37.846679+00:00
KW-TU-00227,TUDCA,2026-09-17T06:41:37.846679+00:00
KW-TU-00228,TUDCA,2026-09-17T06:41:37.846679+00:00
KW-TU-00229,TUDCA,2026-09-17T06:41:37.846679+00:00
KW-TU-00230,TUDCA,2026-09-17T06:41:37.846679+00:00
KW-TU-00231,TUDCA,2026-09-17T06:41:37.846679+00:00
KW-TU-00232,TUDCA,2026-09-17T06:41:37.846679+00:00
KW-TU-00233,TUDCA,2026-09-17T06:41:37.846679+00:00
KW-TU-00234,TUDCA,2026-09-17T06:41:37.846679+00:00
KW-TU-00235,TUDCA,2026-09-17T06:41:37.846679+00:00
KW-TU-00236,TUDCA,2026-09-17T06:41:37.846679+00:00
KW-TU-00237,TUDCA,2026-09-17T06:41:37.846679+00:00
KW-TU-00238,TUDCA,2026-09-17T06:41:37.846679+00:00
KW-TU-00239,TUDCA,2026-09-17T06:41:37.846679+00:00
KW-TU-00240,TUDCA,2026-09-17T06:41:37.846679+00:00
KW-TU-00241,TUDCA,2026-09-17T06:41:37.846679+00:00
KW-TU-00242,TUDCA,2026-09-17T06:41:37.846679+00:00
KW-TU-00243,TUDCA,2026-09-17T06:41:37.846679+00:00
KW-TU-00244,TUDCA,2026-09-17T06:41:37.846679+00:00
KW-TU-00245,TUDCA,2026-09-17T06:41:37.846679+00:00
KW-TU-00246,TUDCA,2026-09-17T06:41:37.846679+00:00
KW-TU-00247,TUDCA,2026-09-17T06:41:37.846679+00:00
KW-TU-00248,TUDCA,2026-09-17T06:41:37.846679+00:00
KW-TU-00249,TUDCA,2026-09-17T06:41:37.846679+00:00
KW-TU-00250,TUDCA,2026-09-17T06:41:37.846679+00:00
KW-TU-00251,TUDCA,2026-09-17T06:41:37.846679+00:00
KW-TU-00252,TUDCA,2026-09-17T06:41:37.846679+00:00
KW-TU-00253,TUDCA,2026-09-17T06:41:37.846679+00:00
KW-TU-00254,TUDCA,2026-09-17T06:41:37.846679+00:00
KW-TU-00255,TUDCA,2026-09-17T06:41:37.846679+00:00
KW-TU-00256,TUDCA,2026-09-17T06:41:37.846679+00:00
KW-TU-00257,TUDCA,2026-09-17T06:41:37.846679+00:00
KW-TU-00258,TUDCA,2026-09-17T06:41:37.846679+00:00
KW-TU-00259,TUDCA,2026-09-17T06:41:37.846679+00:00
KW-TU-00260,TUDCA,2026-09-17T06:41:37.846679+00:00
KW-TU-00261,TUDCA,2026-09-17T06:41:37.846679+00:00
KW-TU-00262,TUDCA,2026-09-17T06:41:37.846679+00:00
KW-TU-00263,TUDCA,2026-09-17T06:41:37.846679+00:00
KW-TU-00264,TUDCA,2026-09-17T06:41:37.846679+00:00
KW-TU-00265,TUDCA,2026-09-17T06:41:37.846679+00:00
KW-TU-00266,TUDCA,2026-09-17T06:41:37.846679+00:00
KW-TU-00267,TUDCA,2026-09-17T06:41:37.846679+00:00
KW-TU-00268,TUDCA,2026-09-17T06:41:37.846679+00:00
KW-TU-00269,TUDCA,2026-09-17T06:41:37.846679+00:00
KW-TU-00270,TUDCA,2026-09-17T06:41:37.846679+00:00
KW-TU-00271,TUDCA,2026-09-17T06:41:37.846679+00:00
KW-TU-00272,TUDCA,2026-09-17T06:41:37.846679+00:00
KW-TU-00273,TUDCA,2026-09-17T06:41:37.846679+00:00
KW-TU-00274,TUDCA,2026-09-17T06:41:37.846679+00:00
KW-TU-00275,TUDCA,2026-09-17T06:41:37.846679+00:00
KW-TU-00276,TUDCA,2026-09-17T06:41:37.846679+00:00
KW-TU-00277,TUDCA,2026-09-17T06:41:37.846679+00:00
KW-TU-00278,TUDCA,2026-09-17T06:41:37.846679+00:00
KW-TU-00279,TUDCA,2026-09-17T06:41:37.846679+00:00
KW-TU-00280,TUDCA,2026-09-17T06:41:37.846679+00:00
KW-TU-00281,TUDCA,2026-09-17T06:41:37.846679+00:00
KW-TU-00282,TUDCA,2026-09-17T06:41:37.846679+00:00
KW-TU-00283,TUDCA,2026-09-17T06:41:37.846679+00:00
KW-TU-00284,TUDCA,2026-09-17T06:41:37.846679+00:00
KW-TU-00285,TUDCA,2026-09-17T06:41:37.846679+00:00
KW-TU-00286,TUDCA,2026-09-17T06:41:37.846679+00:00
KW-TU-00287,TUDCA,2026-09-17T06:41:37.846679+00:00
KW-TU-00288,TUDCA,2026-09-17T06:41:37.846679+00:00
KW-TU-00289,TUDCA,2026-09-17T06:41:37.846679+00:00
KW-TU-00290,TUDCA,2026-09-17T06:41:37.846679+00:00
KW-TU-00291,TUDCA,2026-09-17T06:41:37.846679+00:00
KW-TU-00292,TUDCA,2026-09-17T06:41:37.846679+00:00
KW-TU-00293,TUDCA,2026-09-17T06:41:37.846679+00:00
KW-TU-00294,TUDCA,2026-09-17T06:41:37.846679+00:00
KW-TU-00295,TUDCA,2026-09-17T06:41:37.846679+00:00
KW-TU-00296,TUDCA,2026-09-17T06:41:37.846679+00:00
KW-TU-00297,TUDCA,2026-09-17T06:41:37.846679+00:00
KW-TU-00298,TUDCA,2026-09-17T06:41:37.846679+00:00
KW-TU-00299,TUDCA,2026-09-17T06:41:37.846679+00:00
KW-TU-00300,TUDCA,2026-09-17T06:41:37.846679+00:00
KW-TU-00301,TUDCA,2026-09-17T06:41:37.846679+00:00
KW-TU-00302,TUDCA,2026-09-17T06:41:37.846679+00:00
KW-TU-00303,TUDCA,2026-09-17T06:41:37.846679+00:00
KW-TU-00304,TUDCA,2026-09-17T06:41:37.846679+00:00
KW-TU-00305,TUDCA,2026-09-17T06:41:37.846679+00:00
KW-TU-00306,TUDCA,2026-09-17T06:41:37.846679+00:00
KW-TU-00307,TUDCA,2026-09-17T06:41:37.846679+00:00
KW-TU-00308,TUDCA,2026-09-17T06:41:37.846679+00:00
KW-VP-00001,Vegetarian Omega,2026-09-17T06:41:37.846679+00:00
KW-VP-00002,Vegetarian Omega,2026-09-17T06:41:37.846679+00:00
KW-VP-00003,Vegetarian Omega,2026-09-17T06:41:37.846679+00:00
KW-VP-00004,Vegetarian Omega,2026-09-17T06:41:37.846679+00:00
KW-VP-00005,Vegetarian Omega,2026-09-17T06:41:37.846679+00:00
KW-VP-00006,Vegetarian Omega,2026-09-17T06:41:37.846679+00:00
KW-VP-00007,Vegetarian Omega,2026-09-17T06:41:37.846679+00:00
KW-VP-00008,Vegetarian Omega,2026-09-17T06:41:37.846679+00:00
KW-VP-00009,Vegetarian Omega,2026-09-17T06:41:37.846679+00:00
KW-VP-00010,Vegetarian Omega,2026-09-17T06:41:37.846679+00:00
KW-VP-00011,Vegetarian Omega,2026-09-17T06:41:37.846679+00:00
KW-VP-00012,Vegetarian Omega,2026-09-17T06:41:37.846679+00:00
KW-VP-00013,Vegetarian Omega,2026-09-17T06:41:37.846679+00:00
KW-VP-00014,Vegetarian Omega,2026-09-17T06:41:37.846679+00:00
KW-VP-00015,Vegetarian Omega,2026-09-17T06:41:37.846679+00:00
KW-VP-00016,Vegetarian Omega,2026-09-17T06:41:37.846679+00:00
KW-VP-00017,Vegetarian Omega,2026-09-17T06:41:37.846679+00:00
KW-VP-00018,Vegetarian Omega,2026-09-17T06:41:37.846679+00:00
KW-VP-00019,Vegetarian Omega,2026-09-17T06:41:37.846679+00:00
KW-VP-00020,Vegetarian Omega,2026-09-17T06:41:37.846679+00:00
KW-VP-00021,Vegetarian Omega,2026-09-17T06:41:37.846679+00:00
KW-VP-00022,Vegetarian Omega,2026-09-17T06:41:37.846679+00:00
KW-VP-00023,Vegetarian Omega,2026-09-17T06:41:37.846679+00:00
KW-VP-00024,Vegetarian Omega,2026-09-17T06:41:37.846679+00:00
KW-VP-00025,Vegetarian Omega,2026-09-17T06:41:37.846679+00:00
KW-VP-00026,Vegetarian Omega,2026-09-17T06:41:37.846679+00:00
KW-VP-00027,Vegetarian Omega,2026-09-17T06:41:37.846679+00:00
KW-VP-00028,Vegetarian Omega,2026-09-17T06:41:37.846679+00:00
KW-VP-00029,Vegetarian Omega,2026-09-17T06:41:37.846679+00:00
KW-VP-00030,Vegetarian Omega,2026-09-17T06:41:37.846679+00:00
KW-VP-00031,Vegetarian Omega,2026-09-17T06:41:38.466771+00:00
KW-VP-00032,Vegetarian Omega,2026-09-17T06:41:38.466771+00:00
KW-VP-00033,Vegetarian Omega,2026-09-17T06:41:38.466771+00:00
KW-VP-00034,Vegetarian Omega,2026-09-17T06:41:38.466771+00:00
KW-VP-00035,Vegetarian Omega,2026-09-17T06:41:38.466771+00:00
KW-VP-00036,Vegetarian Omega,2026-09-17T06:41:38.466771+00:00
KW-VP-00037,Vegetarian Omega,2026-09-17T06:41:38.466771+00:00
KW-VP-00038,Vegetarian Omega,2026-09-17T06:41:38.466771+00:00
KW-VP-00039,Vegetarian Omega,2026-09-17T06:41:38.466771+00:00
KW-VP-00040,Vegetarian Omega,2026-09-17T06:41:38.466771+00:00
KW-VP-00041,Vegetarian Omega,2026-09-17T06:41:38.466771+00:00
KW-VP-00042,Vegetarian Omega,2026-09-17T06:41:38.466771+00:00
KW-VP-00043,Vegetarian Omega,2026-09-17T06:41:38.466771+00:00
KW-VP-00044,Vegetarian Omega,2026-09-17T06:41:38.466771+00:00
KW-VP-00045,Vegetarian Omega,2026-09-17T06:41:38.466771+00:00
KW-VP-00046,Vegetarian Omega,2026-09-17T06:41:38.466771+00:00
KW-VP-00047,Vegetarian Omega,2026-09-17T06:41:38.466771+00:00
KW-VP-00048,Vegetarian Omega,2026-09-17T06:41:38.466771+00:00
KW-VP-00049,Vegetarian Omega,2026-09-17T06:41:38.466771+00:00
KW-VP-00050,Vegetarian Omega,2026-09-17T06:41:38.466771+00:00
KW-VP-00051,Vegetarian Omega,2026-09-17T06:41:38.466771+00:00
KW-VP-00052,Vegetarian Omega,2026-09-17T06:41:38.466771+00:00
KW-VP-00053,Vegetarian Omega,2026-09-17T06:41:38.466771+00:00
KW-VP-00054,Vegetarian Omega,2026-09-17T06:41:38.466771+00:00
KW-VP-00055,Vegetarian Omega,2026-09-17T06:41:38.466771+00:00
KW-VP-00056,Vegetarian Omega,2026-09-17T06:41:38.466771+00:00
KW-VP-00057,Vegetarian Omega,2026-09-17T06:41:38.466771+00:00
KW-VP-00058,Vegetarian Omega,2026-09-17T06:41:38.466771+00:00
KW-VP-00059,Vegetarian Omega,2026-09-17T06:41:38.466771+00:00
KW-VP-00060,Vegetarian Omega,2026-09-17T06:41:38.466771+00:00
KW-VP-00061,Vegetarian Omega,2026-09-17T06:41:38.466771+00:00
KW-VP-00062,Vegetarian Omega,2026-09-17T06:41:38.466771+00:00
KW-VP-00063,Vegetarian Omega,2026-09-17T06:41:38.466771+00:00
KW-VP-00064,Vegetarian Omega,2026-09-17T06:41:38.466771+00:00
KW-VP-00065,Vegetarian Omega,2026-09-17T06:41:38.466771+00:00
KW-VP-00066,Vegetarian Omega,2026-09-17T06:41:38.466771+00:00
KW-VP-00067,Vegetarian Omega,2026-09-17T06:41:38.466771+00:00
KW-VP-00068,Vegetarian Omega,2026-09-17T06:41:38.466771+00:00
KW-VP-00069,Vegetarian Omega,2026-09-17T06:41:38.466771+00:00
KW-VP-00070,Vegetarian Omega,2026-09-17T06:41:38.466771+00:00
KW-VP-00071,Vegetarian Omega,2026-09-17T06:41:38.466771+00:00
KW-VP-00072,Vegetarian Omega,2026-09-17T06:41:38.466771+00:00
KW-VP-00073,Vegetarian Omega,2026-09-17T06:41:38.466771+00:00
KW-VP-00074,Vegetarian Omega,2026-09-17T06:41:38.466771+00:00
KW-VP-00075,Vegetarian Omega,2026-09-17T06:41:38.466771+00:00
KW-VP-00076,Vegetarian Omega,2026-09-17T06:41:38.466771+00:00
KW-VP-00077,Vegetarian Omega,2026-09-17T06:41:38.466771+00:00
KW-VP-00078,Vegetarian Omega,2026-09-17T06:41:38.466771+00:00
KW-VP-00079,Vegetarian Omega,2026-09-17T06:41:38.466771+00:00
KW-VP-00080,Vegetarian Omega,2026-09-17T06:41:38.466771+00:00
KW-VP-00081,Vegetarian Omega,2026-09-17T06:41:38.466771+00:00
KW-VP-00082,Vegetarian Omega,2026-09-17T06:41:38.466771+00:00
KW-VP-00083,Vegetarian Omega,2026-09-17T06:41:38.466771+00:00
KW-VP-00084,Vegetarian Omega,2026-09-17T06:41:38.466771+00:00
KW-VP-00085,Vegetarian Omega,2026-09-17T06:41:38.466771+00:00
KW-VP-00086,Vegetarian Omega,2026-09-17T06:41:38.466771+00:00
KW-VP-00087,Vegetarian Omega,2026-09-17T06:41:38.466771+00:00
KW-VP-00088,Vegetarian Omega,2026-09-17T06:41:38.466771+00:00
KW-VP-00089,Vegetarian Omega,2026-09-17T06:41:38.466771+00:00
KW-VP-00090,Vegetarian Omega,2026-09-17T06:41:38.466771+00:00
KW-VP-00091,Vegetarian Omega,2026-09-17T06:41:38.466771+00:00
KW-VP-00092,Vegetarian Omega,2026-09-17T06:41:38.466771+00:00
KW-VP-00093,Vegetarian Omega,2026-09-17T06:41:38.466771+00:00
KW-VP-00094,Vegetarian Omega,2026-09-17T06:41:38.466771+00:00
KW-VP-00095,Vegetarian Omega,2026-09-17T06:41:38.466771+00:00
KW-VP-00096,Vegetarian Omega,2026-09-17T06:41:38.466771+00:00
KW-VP-00097,Vegetarian Omega,2026-09-17T06:41:38.466771+00:00
KW-VP-00098,Vegetarian Omega,2026-09-17T06:41:38.466771+00:00
KW-VP-00099,Vegetarian Omega,2026-09-17T06:41:38.466771+00:00
KW-VP-00100,Vegetarian Omega,2026-09-17T06:41:38.466771+00:00
KW-VP-00101,Vegetarian Omega,2026-09-17T06:41:38.466771+00:00
KW-VP-00102,Vegetarian Omega,2026-09-17T06:41:38.466771+00:00
KW-VP-00103,Vegetarian Omega,2026-09-17T06:41:38.466771+00:00
KW-VP-00104,Vegetarian Omega,2026-09-17T06:41:38.466771+00:00
KW-VP-00105,Vegetarian Omega,2026-09-17T06:41:38.466771+00:00
KW-VP-00106,Vegetarian Omega,2026-09-17T06:41:38.466771+00:00
KW-VP-00107,Vegetarian Omega,2026-09-17T06:41:38.466771+00:00
KW-VP-00108,Vegetarian Omega,2026-09-17T06:41:38.466771+00:00
KW-VP-00109,Vegetarian Omega,2026-09-17T06:41:38.466771+00:00
KW-VP-00110,Vegetarian Omega,2026-09-17T06:41:38.466771+00:00
KW-VP-00111,Vegetarian Omega,2026-09-17T06:41:38.466771+00:00
KW-VP-00112,Vegetarian Omega,2026-09-17T06:41:38.466771+00:00
KW-VP-00113,Vegetarian Omega,2026-09-17T06:41:38.466771+00:00
KW-VP-00114,Vegetarian Omega,2026-09-17T06:41:38.466771+00:00
KW-VP-00115,Vegetarian Omega,2026-09-17T06:41:38.466771+00:00
KW-VP-00116,Vegetarian Omega,2026-09-17T06:41:38.466771+00:00
KW-VP-00117,Vegetarian Omega,2026-09-17T06:41:38.466771+00:00
KW-VP-00118,Vegetarian Omega,2026-09-17T06:41:38.466771+00:00
KW-VP-00119,Vegetarian Omega,2026-09-17T06:41:38.466771+00:00
KW-VP-00120,Vegetarian Omega,2026-09-17T06:41:38.466771+00:00
KW-VP-00121,Vegetarian Omega,2026-09-17T06:41:38.466771+00:00
KW-VP-00122,Vegetarian Omega,2026-09-17T06:41:38.466771+00:00
KW-VP-00123,Vegetarian Omega,2026-09-17T06:41:38.466771+00:00
KW-VP-00124,Vegetarian Omega,2026-09-17T06:41:38.466771+00:00
KW-VP-00125,Vegetarian Omega,2026-09-17T06:41:38.466771+00:00
KW-VP-00126,Vegetarian Omega,2026-09-17T06:41:38.466771+00:00
KW-VP-00127,Vegetarian Omega,2026-09-17T06:41:38.466771+00:00
KW-VP-00128,Vegetarian Omega,2026-09-17T06:41:38.466771+00:00
KW-VP-00129,Vegetarian Omega,2026-09-17T06:41:38.466771+00:00
KW-VP-00130,Vegetarian Omega,2026-09-17T06:41:38.466771+00:00
KW-VP-00131,Vegetarian Omega,2026-09-17T06:41:38.466771+00:00
KW-VP-00132,Vegetarian Omega,2026-09-17T06:41:38.466771+00:00
KW-VP-00133,Vegetarian Omega,2026-09-17T06:41:38.466771+00:00
KW-VP-00134,Vegetarian Omega,2026-09-17T06:41:38.466771+00:00
KW-VP-00135,Vegetarian Omega,2026-09-17T06:41:38.466771+00:00
KW-VP-00136,Vegetarian Omega,2026-09-17T06:41:38.466771+00:00
KW-VP-00137,Vegetarian Omega,2026-09-17T06:41:38.466771+00:00
KW-VP-00138,Vegetarian Omega,2026-09-17T06:41:38.466771+00:00
KW-VP-00139,Vegetarian Omega,2026-09-17T06:41:38.466771+00:00
KW-VP-00140,Vegetarian Omega,2026-09-17T06:41:38.466771+00:00
KW-VP-00141,Vegetarian Omega,2026-09-17T06:41:38.466771+00:00
KW-VP-00142,Vegetarian Omega,2026-09-17T06:41:38.466771+00:00
KW-VP-00143,Vegetarian Omega,2026-09-17T06:41:38.466771+00:00
KW-VP-00144,Vegetarian Omega,2026-09-17T06:41:38.466771+00:00
KW-VP-00145,Vegetarian Omega,2026-09-17T06:41:38.466771+00:00
KW-VP-00146,Vegetarian Omega,2026-09-17T06:41:38.466771+00:00
KW-VP-00147,Vegetarian Omega,2026-09-17T06:41:38.466771+00:00
KW-VP-00148,Vegetarian Omega,2026-09-17T06:41:38.466771+00:00
KW-VP-00149,Vegetarian Omega,2026-09-17T06:41:38.466771+00:00
KW-VP-00150,Vegetarian Omega,2026-09-17T06:41:38.466771+00:00
KW-VP-00151,Vegetarian Omega,2026-09-17T06:41:38.466771+00:00
KW-VP-00152,Vegetarian Omega,2026-09-17T06:41:38.466771+00:00
KW-VP-00153,Vegetarian Omega,2026-09-17T06:41:38.466771+00:00
KW-VP-00154,Vegetarian Omega,2026-09-17T06:41:38.466771+00:00
KW-VP-00155,Vegetarian Omega,2026-09-17T06:41:38.466771+00:00
KW-VP-00156,Vegetarian Omega,2026-09-17T06:41:38.466771+00:00
KW-VP-00157,Vegetarian Omega,2026-09-17T06:41:38.466771+00:00
KW-VP-00158,Vegetarian Omega,2026-09-17T06:41:38.466771+00:00
KW-VP-00159,Vegetarian Omega,2026-09-17T06:41:38.466771+00:00
KW-VP-00160,Vegetarian Omega,2026-09-17T06:41:38.466771+00:00
KW-VP-00161,Vegetarian Omega,2026-09-17T06:41:38.466771+00:00
KW-VP-00162,Vegetarian Omega,2026-09-17T06:41:38.466771+00:00
KW-VP-00163,Vegetarian Omega,2026-09-17T06:41:38.466771+00:00
KW-VP-00164,Vegetarian Omega,2026-09-17T06:41:38.466771+00:00
KW-VP-00165,Vegetarian Omega,2026-09-17T06:41:38.466771+00:00
KW-VP-00166,Vegetarian Omega,2026-09-17T06:41:38.466771+00:00
KW-VP-00167,Vegetarian Omega,2026-09-17T06:41:38.466771+00:00
KW-VP-00168,Vegetarian Omega,2026-09-17T06:41:38.466771+00:00
KW-VP-00169,Vegetarian Omega,2026-09-17T06:41:38.466771+00:00
KW-VP-00170,Vegetarian Omega,2026-09-17T06:41:38.466771+00:00
KW-VP-00171,Vegetarian Omega,2026-09-17T06:41:38.466771+00:00
KW-VP-00172,Vegetarian Omega,2026-09-17T06:41:38.466771+00:00
KW-VP-00173,Vegetarian Omega,2026-09-17T06:41:38.466771+00:00
KW-VP-00174,Vegetarian Omega,2026-09-17T06:41:38.466771+00:00
KW-VP-00175,Vegetarian Omega,2026-09-17T06:41:38.466771+00:00
KW-VP-00176,Vegetarian Omega,2026-09-17T06:41:38.466771+00:00
KW-VP-00177,Vegetarian Omega,2026-09-17T06:41:38.466771+00:00
KW-VP-00178,Vegetarian Omega,2026-09-17T06:41:38.466771+00:00
KW-VP-00179,Vegetarian Omega,2026-09-17T06:41:38.466771+00:00
KW-VP-00180,Vegetarian Omega,2026-09-17T06:41:38.466771+00:00
KW-VP-00181,Vegetarian Omega,2026-09-17T06:41:38.466771+00:00
KW-VP-00182,Vegetarian Omega,2026-09-17T06:41:38.466771+00:00
KW-VP-00183,Vegetarian Omega,2026-09-17T06:41:38.466771+00:00
KW-VP-00184,Vegetarian Omega,2026-09-17T06:41:38.466771+00:00
KW-VP-00185,Vegetarian Omega,2026-09-17T06:41:38.466771+00:00
KW-VP-00186,Vegetarian Omega,2026-09-17T06:41:38.466771+00:00
KW-VP-00187,Vegetarian Omega,2026-09-17T06:41:38.466771+00:00
KW-VP-00188,Vegetarian Omega,2026-09-17T06:41:38.466771+00:00
KW-VP-00189,Vegetarian Omega,2026-09-17T06:41:38.466771+00:00
KW-VP-00190,Vegetarian Omega,2026-09-17T06:41:38.466771+00:00
KW-VP-00191,Vegetarian Omega,2026-09-17T06:41:38.466771+00:00
KW-VP-00192,Vegetarian Omega,2026-09-17T06:41:38.466771+00:00
KW-VP-00193,Vegetarian Omega,2026-09-17T06:41:38.466771+00:00
KW-VP-00194,Vegetarian Omega,2026-09-17T06:41:38.466771+00:00
KW-VP-00195,Vegetarian Omega,2026-09-17T06:41:38.466771+00:00
KW-VP-00196,Vegetarian Omega,2026-09-17T06:41:38.466771+00:00
KW-VP-00197,Vegetarian Omega,2026-09-17T06:41:38.466771+00:00
KW-VP-00198,Vegetarian Omega,2026-09-17T06:41:38.466771+00:00
KW-VP-00199,Vegetarian Omega,2026-09-17T06:41:38.466771+00:00
KW-VP-00200,Vegetarian Omega,2026-09-17T06:41:38.466771+00:00
KW-VP-00201,Vegetarian Omega,2026-09-17T06:41:38.466771+00:00
KW-VP-00202,Vegetarian Omega,2026-09-17T06:41:38.466771+00:00
KW-VP-00203,Vegetarian Omega,2026-09-17T06:41:38.466771+00:00
KW-VP-00204,Vegetarian Omega,2026-09-17T06:41:38.466771+00:00
KW-VP-00205,Vegetarian Omega,2026-09-17T06:41:38.466771+00:00
KW-VP-00206,Vegetarian Omega,2026-09-17T06:41:38.466771+00:00
KW-VP-00207,Vegetarian Omega,2026-09-17T06:41:38.466771+00:00
KW-VP-00208,Vegetarian Omega,2026-09-17T06:41:38.466771+00:00
KW-VP-00209,Vegetarian Omega,2026-09-17T06:41:38.466771+00:00
KW-VP-00210,Vegetarian Omega,2026-09-17T06:41:38.466771+00:00
KW-VP-00211,Vegetarian Omega,2026-09-17T06:41:38.466771+00:00
KW-VP-00212,Vegetarian Omega,2026-09-17T06:41:38.466771+00:00
KW-VP-00213,Vegetarian Omega,2026-09-17T06:41:38.466771+00:00
KW-VP-00214,Vegetarian Omega,2026-09-17T06:41:38.466771+00:00
KW-VP-00215,Vegetarian Omega,2026-09-17T06:41:38.466771+00:00
KW-VP-00216,Vegetarian Omega,2026-09-17T06:41:38.466771+00:00
KW-VP-00217,Vegetarian Omega,2026-09-17T06:41:38.466771+00:00
KW-VP-00218,Vegetarian Omega,2026-09-17T06:41:38.466771+00:00
KW-VP-00219,Vegetarian Omega,2026-09-17T06:41:38.466771+00:00
KW-VP-00220,Vegetarian Omega,2026-09-17T06:41:38.466771+00:00
KW-VP-00221,Vegetarian Omega,2026-09-17T06:41:38.466771+00:00
KW-VP-00222,Vegetarian Omega,2026-09-17T06:41:38.466771+00:00
KW-VP-00223,Vegetarian Omega,2026-09-17T06:41:38.466771+00:00
KW-VP-00224,Vegetarian Omega,2026-09-17T06:41:38.466771+00:00
KW-VP-00225,Vegetarian Omega,2026-09-17T06:41:38.466771+00:00
KW-VP-00226,Vegetarian Omega,2026-09-17T06:41:38.466771+00:00
KW-VP-00227,Vegetarian Omega,2026-09-17T06:41:38.466771+00:00
KW-VP-00228,Vegetarian Omega,2026-09-17T06:41:38.466771+00:00
KW-VP-00229,Vegetarian Omega,2026-09-17T06:41:38.466771+00:00
KW-VP-00230,Vegetarian Omega,2026-09-17T06:41:38.466771+00:00
KW-VP-00231,Vegetarian Omega,2026-09-17T06:41:38.466771+00:00
KW-VP-00232,Vegetarian Omega,2026-09-17T06:41:38.466771+00:00
KW-VP-00233,Vegetarian Omega,2026-09-17T06:41:38.466771+00:00
KW-VP-00234,Vegetarian Omega,2026-09-17T06:41:38.466771+00:00
KW-VP-00235,Vegetarian Omega,2026-09-17T06:41:38.466771+00:00
KW-VP-00236,Vegetarian Omega,2026-09-17T06:41:38.466771+00:00
KW-VP-00237,Vegetarian Omega,2026-09-17T06:41:38.466771+00:00
KW-VP-00238,Vegetarian Omega,2026-09-17T06:41:38.466771+00:00
KW-VP-00239,Vegetarian Omega,2026-09-17T06:41:38.466771+00:00
KW-VP-00240,Vegetarian Omega,2026-09-17T06:41:38.466771+00:00
KW-VP-00241,Vegetarian Omega,2026-09-17T06:41:38.466771+00:00
KW-VP-00242,Vegetarian Omega,2026-09-17T06:41:38.466771+00:00
KW-VP-00243,Vegetarian Omega,2026-09-17T06:41:38.466771+00:00
KW-VP-00244,Vegetarian Omega,2026-09-17T06:41:38.466771+00:00
KW-VP-00245,Vegetarian Omega,2026-09-17T06:41:38.466771+00:00
KW-VP-00246,Vegetarian Omega,2026-09-17T06:41:38.466771+00:00
KW-VP-00247,Vegetarian Omega,2026-09-17T06:41:38.466771+00:00
KW-VP-00248,Vegetarian Omega,2026-09-17T06:41:38.466771+00:00
KW-VP-00249,Vegetarian Omega,2026-09-17T06:41:38.466771+00:00
KW-VP-00250,Vegetarian Omega,2026-09-17T06:41:38.466771+00:00
KW-VP-00251,Vegetarian Omega,2026-09-17T06:41:38.466771+00:00
KW-VP-00252,Vegetarian Omega,2026-09-17T06:41:38.466771+00:00
KW-VP-00253,Vegetarian Omega,2026-09-17T06:41:38.466771+00:00
KW-VP-00254,Vegetarian Omega,2026-09-17T06:41:38.466771+00:00
KW-VP-00255,Vegetarian Omega,2026-09-17T06:41:38.466771+00:00
KW-VP-00256,Vegetarian Omega,2026-09-17T06:41:38.466771+00:00
KW-VP-00257,Vegetarian Omega,2026-09-17T06:41:38.466771+00:00
KW-VP-00258,Vegetarian Omega,2026-09-17T06:41:38.466771+00:00
KW-VP-00259,Vegetarian Omega,2026-09-17T06:41:38.466771+00:00
KW-VP-00260,Vegetarian Omega,2026-09-17T06:41:38.466771+00:00
KW-VP-00261,Vegetarian Omega,2026-09-17T06:41:38.466771+00:00
KW-VP-00262,Vegetarian Omega,2026-09-17T06:41:38.466771+00:00
KW-VP-00263,Vegetarian Omega,2026-09-17T06:41:38.466771+00:00
KW-VP-00264,Vegetarian Omega,2026-09-17T06:41:38.466771+00:00
KW-VP-00265,Vegetarian Omega,2026-09-17T06:41:38.466771+00:00
KW-VP-00266,Vegetarian Omega,2026-09-17T06:41:38.466771+00:00
KW-VP-00267,Vegetarian Omega,2026-09-17T06:41:38.466771+00:00
KW-VP-00268,Vegetarian Omega,2026-09-17T06:41:38.466771+00:00
KW-VP-00269,Vegetarian Omega,2026-09-17T06:41:38.466771+00:00
KW-VP-00270,Vegetarian Omega,2026-09-17T06:41:38.466771+00:00
KW-VP-00271,Vegetarian Omega,2026-09-17T06:41:38.466771+00:00
KW-VP-00272,Vegetarian Omega,2026-09-17T06:41:38.466771+00:00
KW-VP-00273,Vegetarian Omega,2026-09-17T06:41:38.466771+00:00
KW-VP-00274,Vegetarian Omega,2026-09-17T06:41:38.466771+00:00
KW-VP-00275,Vegetarian Omega,2026-09-17T06:41:38.466771+00:00
KW-VP-00276,Vegetarian Omega,2026-09-17T06:41:38.466771+00:00
KW-VP-00277,Vegetarian Omega,2026-09-17T06:41:38.466771+00:00
KW-VP-00278,Vegetarian Omega,2026-09-17T06:41:38.466771+00:00
KW-VP-00279,Vegetarian Omega,2026-09-17T06:41:38.466771+00:00
KW-VP-00280,Vegetarian Omega,2026-09-17T06:41:38.466771+00:00
KW-VP-00281,Vegetarian Omega,2026-09-17T06:41:38.466771+00:00
KW-VP-00282,Vegetarian Omega,2026-09-17T06:41:38.466771+00:00
KW-VP-00283,Vegetarian Omega,2026-09-17T06:41:38.466771+00:00
KW-VP-00284,Vegetarian Omega,2026-09-17T06:41:38.466771+00:00
KW-VP-00285,Vegetarian Omega,2026-09-17T06:41:38.466771+00:00
KW-VP-00286,Vegetarian Omega,2026-09-17T06:41:38.466771+00:00
KW-VP-00287,Vegetarian Omega,2026-09-17T06:41:38.466771+00:00
KW-VP-00288,Vegetarian Omega,2026-09-17T06:41:38.466771+00:00
KW-VP-00289,Vegetarian Omega,2026-09-17T06:41:38.466771+00:00
KW-VP-00290,Vegetarian Omega,2026-09-17T06:41:38.466771+00:00
KW-VP-00291,Vegetarian Omega,2026-09-17T06:41:38.466771+00:00
KW-VP-00292,Vegetarian Omega,2026-09-17T06:41:38.466771+00:00
KW-VP-00293,Vegetarian Omega,2026-09-17T06:41:38.466771+00:00
KW-VP-00294,Vegetarian Omega,2026-09-17T06:41:38.466771+00:00
KW-VP-00295,Vegetarian Omega,2026-09-17T06:41:38.466771+00:00
KW-VP-00296,Vegetarian Omega,2026-09-17T06:41:38.466771+00:00
KW-VP-00297,Vegetarian Omega,2026-09-17T06:41:38.466771+00:00
KW-VP-00298,Vegetarian Omega,2026-09-17T06:41:38.466771+00:00
KW-VP-00299,Vegetarian Omega,2026-09-17T06:41:38.466771+00:00
KW-VP-00300,Vegetarian Omega,2026-09-17T06:41:38.466771+00:00
KW-VP-00301,Vegetarian Omega,2026-09-17T06:41:38.466771+00:00
KW-VP-00302,Vegetarian Omega,2026-09-17T06:41:38.466771+00:00
KW-VP-00303,Vegetarian Omega,2026-09-17T06:41:38.466771+00:00
KW-VP-00304,Vegetarian Omega,2026-09-17T06:41:38.466771+00:00
KW-VP-00305,Vegetarian Omega,2026-09-17T06:41:38.466771+00:00
KW-VP-00306,Vegetarian Omega,2026-09-17T06:41:38.466771+00:00
KW-ZM-00001,Zinc Picolonate + Magnesium,2026-09-17T06:41:38.466771+00:00
KW-ZM-00002,Zinc Picolonate + Magnesium,2026-09-17T06:41:38.466771+00:00
KW-ZM-00003,Zinc Picolonate + Magnesium,2026-09-17T06:41:38.466771+00:00
KW-ZM-00004,Zinc Picolonate + Magnesium,2026-09-17T06:41:38.466771+00:00
KW-ZM-00005,Zinc Picolonate + Magnesium,2026-09-17T06:41:38.466771+00:00
KW-ZM-00006,Zinc Picolonate + Magnesium,2026-09-17T06:41:38.466771+00:00
KW-ZM-00007,Zinc Picolonate + Magnesium,2026-09-17T06:41:38.466771+00:00
KW-ZM-00008,Zinc Picolonate + Magnesium,2026-09-17T06:41:38.466771+00:00
KW-ZM-00009,Zinc Picolonate + Magnesium,2026-09-17T06:41:38.466771+00:00
KW-ZM-00010,Zinc Picolonate + Magnesium,2026-09-17T06:41:38.466771+00:00
KW-ZM-00011,Zinc Picolonate + Magnesium,2026-09-17T06:41:38.466771+00:00
KW-ZM-00012,Zinc Picolonate + Magnesium,2026-09-17T06:41:38.466771+00:00
KW-ZM-00013,Zinc Picolonate + Magnesium,2026-09-17T06:41:38.466771+00:00
KW-ZM-00014,Zinc Picolonate + Magnesium,2026-09-17T06:41:38.466771+00:00
KW-ZM-00015,Zinc Picolonate + Magnesium,2026-09-17T06:41:38.466771+00:00
KW-ZM-00016,Zinc Picolonate + Magnesium,2026-09-17T06:41:38.466771+00:00
KW-ZM-00017,Zinc Picolonate + Magnesium,2026-09-17T06:41:38.466771+00:00
KW-ZM-00018,Zinc Picolonate + Magnesium,2026-09-17T06:41:38.466771+00:00
KW-ZM-00019,Zinc Picolonate + Magnesium,2026-09-17T06:41:38.466771+00:00
KW-ZM-00020,Zinc Picolonate + Magnesium,2026-09-17T06:41:38.466771+00:00
KW-ZM-00021,Zinc Picolonate + Magnesium,2026-09-17T06:41:38.466771+00:00
KW-ZM-00022,Zinc Picolonate + Magnesium,2026-09-17T06:41:38.466771+00:00
KW-ZM-00023,Zinc Picolonate + Magnesium,2026-09-17T06:41:38.466771+00:00
KW-ZM-00024,Zinc Picolonate + Magnesium,2026-09-17T06:41:38.466771+00:00
KW-ZM-00025,Zinc Picolonate + Magnesium,2026-09-17T06:41:38.466771+00:00
KW-ZM-00026,Zinc Picolonate + Magnesium,2026-09-17T06:41:38.466771+00:00
KW-ZM-00027,Zinc Picolonate + Magnesium,2026-09-17T06:41:38.466771+00:00
KW-ZM-00028,Zinc Picolonate + Magnesium,2026-09-17T06:41:38.466771+00:00
KW-ZM-00029,Zinc Picolonate + Magnesium,2026-09-17T06:41:38.466771+00:00
KW-ZM-00030,Zinc Picolonate + Magnesium,2026-09-17T06:41:38.466771+00:00
KW-ZM-00031,Zinc Picolonate + Magnesium,2026-09-17T06:41:38.466771+00:00
KW-ZM-00032,Zinc Picolonate + Magnesium,2026-09-17T06:41:38.466771+00:00
KW-ZM-00033,Zinc Picolonate + Magnesium,2026-09-17T06:41:38.466771+00:00
KW-ZM-00034,Zinc Picolonate + Magnesium,2026-09-17T06:41:38.466771+00:00
KW-ZM-00035,Zinc Picolonate + Magnesium,2026-09-17T06:41:38.466771+00:00
KW-ZM-00036,Zinc Picolonate + Magnesium,2026-09-17T06:41:38.466771+00:00
KW-ZM-00037,Zinc Picolonate + Magnesium,2026-09-17T06:41:38.466771+00:00
KW-ZM-00038,Zinc Picolonate + Magnesium,2026-09-17T06:41:38.466771+00:00
KW-ZM-00039,Zinc Picolonate + Magnesium,2026-09-17T06:41:38.466771+00:00
KW-ZM-00040,Zinc Picolonate + Magnesium,2026-09-17T06:41:38.466771+00:00
KW-ZM-00041,Zinc Picolonate + Magnesium,2026-09-17T06:41:38.466771+00:00
KW-ZM-00042,Zinc Picolonate + Magnesium,2026-09-17T06:41:38.466771+00:00
KW-ZM-00043,Zinc Picolonate + Magnesium,2026-09-17T06:41:38.466771+00:00
KW-ZM-00044,Zinc Picolonate + Magnesium,2026-09-17T06:41:38.466771+00:00
KW-ZM-00045,Zinc Picolonate + Magnesium,2026-09-17T06:41:38.466771+00:00
KW-ZM-00046,Zinc Picolonate + Magnesium,2026-09-17T06:41:38.466771+00:00
KW-ZM-00047,Zinc Picolonate + Magnesium,2026-09-17T06:41:38.466771+00:00
KW-ZM-00048,Zinc Picolonate + Magnesium,2026-09-17T06:41:38.466771+00:00
KW-ZM-00049,Zinc Picolonate + Magnesium,2026-09-17T06:41:38.466771+00:00
KW-ZM-00050,Zinc Picolonate + Magnesium,2026-09-17T06:41:38.466771+00:00
KW-ZM-00051,Zinc Picolonate + Magnesium,2026-09-17T06:41:38.466771+00:00
KW-ZM-00052,Zinc Picolonate + Magnesium,2026-09-17T06:41:38.466771+00:00
KW-ZM-00053,Zinc Picolonate + Magnesium,2026-09-17T06:41:38.466771+00:00
KW-ZM-00054,Zinc Picolonate + Magnesium,2026-09-17T06:41:38.466771+00:00
KW-ZM-00055,Zinc Picolonate + Magnesium,2026-09-17T06:41:38.466771+00:00
KW-ZM-00056,Zinc Picolonate + Magnesium,2026-09-17T06:41:38.466771+00:00
KW-ZM-00057,Zinc Picolonate + Magnesium,2026-09-17T06:41:38.466771+00:00
KW-ZM-00058,Zinc Picolonate + Magnesium,2026-09-17T06:41:38.466771+00:00
KW-ZM-00059,Zinc Picolonate + Magnesium,2026-09-17T06:41:38.466771+00:00
KW-ZM-00060,Zinc Picolonate + Magnesium,2026-09-17T06:41:38.466771+00:00
KW-ZM-00061,Zinc Picolonate + Magnesium,2026-09-17T06:41:38.466771+00:00
KW-ZM-00062,Zinc Picolonate + Magnesium,2026-09-17T06:41:38.466771+00:00
KW-ZM-00063,Zinc Picolonate + Magnesium,2026-09-17T06:41:38.466771+00:00
KW-ZM-00064,Zinc Picolonate + Magnesium,2026-09-17T06:41:38.466771+00:00
KW-ZM-00065,Zinc Picolonate + Magnesium,2026-09-17T06:41:38.466771+00:00
KW-ZM-00066,Zinc Picolonate + Magnesium,2026-09-17T06:41:38.466771+00:00
KW-ZM-00067,Zinc Picolonate + Magnesium,2026-09-17T06:41:38.466771+00:00
KW-ZM-00068,Zinc Picolonate + Magnesium,2026-09-17T06:41:38.466771+00:00
KW-ZM-00069,Zinc Picolonate + Magnesium,2026-09-17T06:41:38.466771+00:00
KW-ZM-00070,Zinc Picolonate + Magnesium,2026-09-17T06:41:38.466771+00:00
KW-ZM-00071,Zinc Picolonate + Magnesium,2026-09-17T06:41:38.466771+00:00
KW-ZM-00072,Zinc Picolonate + Magnesium,2026-09-17T06:41:38.466771+00:00
KW-ZM-00073,Zinc Picolonate + Magnesium,2026-09-17T06:41:38.466771+00:00
KW-ZM-00074,Zinc Picolonate + Magnesium,2026-09-17T06:41:38.466771+00:00
KW-ZM-00075,Zinc Picolonate + Magnesium,2026-09-17T06:41:38.466771+00:00
KW-ZM-00076,Zinc Picolonate + Magnesium,2026-09-17T06:41:38.466771+00:00
KW-ZM-00077,Zinc Picolonate + Magnesium,2026-09-17T06:41:38.466771+00:00
KW-ZM-00078,Zinc Picolonate + Magnesium,2026-09-17T06:41:38.466771+00:00
KW-ZM-00079,Zinc Picolonate + Magnesium,2026-09-17T06:41:38.466771+00:00
KW-ZM-00080,Zinc Picolonate + Magnesium,2026-09-17T06:41:38.466771+00:00
KW-ZM-00081,Zinc Picolonate + Magnesium,2026-09-17T06:41:38.466771+00:00
KW-ZM-00082,Zinc Picolonate + Magnesium,2026-09-17T06:41:38.466771+00:00
KW-ZM-00083,Zinc Picolonate + Magnesium,2026-09-17T06:41:38.466771+00:00
KW-ZM-00084,Zinc Picolonate + Magnesium,2026-09-17T06:41:38.466771+00:00
KW-ZM-00085,Zinc Picolonate + Magnesium,2026-09-17T06:41:38.466771+00:00
KW-ZM-00086,Zinc Picolonate + Magnesium,2026-09-17T06:41:38.466771+00:00
KW-ZM-00087,Zinc Picolonate + Magnesium,2026-09-17T06:41:38.466771+00:00
KW-ZM-00088,Zinc Picolonate + Magnesium,2026-09-17T06:41:38.466771+00:00
KW-ZM-00089,Zinc Picolonate + Magnesium,2026-09-17T06:41:38.466771+00:00
KW-ZM-00090,Zinc Picolonate + Magnesium,2026-09-17T06:41:38.466771+00:00
KW-ZM-00091,Zinc Picolonate + Magnesium,2026-09-17T06:41:38.466771+00:00
KW-ZM-00092,Zinc Picolonate + Magnesium,2026-09-17T06:41:38.466771+00:00
KW-ZM-00093,Zinc Picolonate + Magnesium,2026-09-17T06:41:38.466771+00:00
KW-ZM-00094,Zinc Picolonate + Magnesium,2026-09-17T06:41:38.466771+00:00
KW-ZM-00095,Zinc Picolonate + Magnesium,2026-09-17T06:41:38.466771+00:00
KW-ZM-00096,Zinc Picolonate + Magnesium,2026-09-17T06:41:38.466771+00:00
KW-ZM-00097,Zinc Picolonate + Magnesium,2026-09-17T06:41:38.466771+00:00
KW-ZM-00098,Zinc Picolonate + Magnesium,2026-09-17T06:41:38.466771+00:00
KW-ZM-00099,Zinc Picolonate + Magnesium,2026-09-17T06:41:38.466771+00:00
KW-ZM-00100,Zinc Picolonate + Magnesium,2026-09-17T06:41:38.466771+00:00
KW-ZM-00101,Zinc Picolonate + Magnesium,2026-09-17T06:41:38.466771+00:00
KW-ZM-00102,Zinc Picolonate + Magnesium,2026-09-17T06:41:38.466771+00:00
KW-ZM-00103,Zinc Picolonate + Magnesium,2026-09-17T06:41:38.466771+00:00
KW-ZM-00104,Zinc Picolonate + Magnesium,2026-09-17T06:41:38.466771+00:00
KW-ZM-00105,Zinc Picolonate + Magnesium,2026-09-17T06:41:38.466771+00:00
KW-ZM-00106,Zinc Picolonate + Magnesium,2026-09-17T06:41:38.466771+00:00
KW-ZM-00107,Zinc Picolonate + Magnesium,2026-09-17T06:41:38.466771+00:00
KW-ZM-00108,Zinc Picolonate + Magnesium,2026-09-17T06:41:38.466771+00:00
KW-ZM-00109,Zinc Picolonate + Magnesium,2026-09-17T06:41:38.466771+00:00
KW-ZM-00110,Zinc Picolonate + Magnesium,2026-09-17T06:41:38.466771+00:00
KW-ZM-00111,Zinc Picolonate + Magnesium,2026-09-17T06:41:38.466771+00:00
KW-ZM-00112,Zinc Picolonate + Magnesium,2026-09-17T06:41:38.466771+00:00
KW-ZM-00113,Zinc Picolonate + Magnesium,2026-09-17T06:41:38.466771+00:00
KW-ZM-00114,Zinc Picolonate + Magnesium,2026-09-17T06:41:38.466771+00:00
KW-ZM-00115,Zinc Picolonate + Magnesium,2026-09-17T06:41:38.466771+00:00
KW-ZM-00116,Zinc Picolonate + Magnesium,2026-09-17T06:41:38.466771+00:00
KW-ZM-00117,Zinc Picolonate + Magnesium,2026-09-17T06:41:38.466771+00:00
KW-ZM-00118,Zinc Picolonate + Magnesium,2026-09-17T06:41:38.466771+00:00
KW-ZM-00119,Zinc Picolonate + Magnesium,2026-09-17T06:41:38.466771+00:00
KW-ZM-00120,Zinc Picolonate + Magnesium,2026-09-17T06:41:38.466771+00:00
KW-ZM-00121,Zinc Picolonate + Magnesium,2026-09-17T06:41:38.466771+00:00
KW-ZM-00122,Zinc Picolonate + Magnesium,2026-09-17T06:41:38.466771+00:00
KW-ZM-00123,Zinc Picolonate + Magnesium,2026-09-17T06:41:38.466771+00:00
KW-ZM-00124,Zinc Picolonate + Magnesium,2026-09-17T06:41:38.466771+00:00
KW-ZM-00125,Zinc Picolonate + Magnesium,2026-09-17T06:41:38.466771+00:00
KW-ZM-00126,Zinc Picolonate + Magnesium,2026-09-17T06:41:38.466771+00:00
KW-ZM-00127,Zinc Picolonate + Magnesium,2026-09-17T06:41:38.466771+00:00
KW-ZM-00128,Zinc Picolonate + Magnesium,2026-09-17T06:41:38.466771+00:00
KW-ZM-00129,Zinc Picolonate + Magnesium,2026-09-17T06:41:38.466771+00:00
KW-ZM-00130,Zinc Picolonate + Magnesium,2026-09-17T06:41:38.466771+00:00
KW-ZM-00131,Zinc Picolonate + Magnesium,2026-09-17T06:41:38.466771+00:00
KW-ZM-00132,Zinc Picolonate + Magnesium,2026-09-17T06:41:38.466771+00:00
KW-ZM-00133,Zinc Picolonate + Magnesium,2026-09-17T06:41:38.466771+00:00
KW-ZM-00134,Zinc Picolonate + Magnesium,2026-09-17T06:41:38.466771+00:00
KW-ZM-00135,Zinc Picolonate + Magnesium,2026-09-17T06:41:38.466771+00:00
KW-ZM-00136,Zinc Picolonate + Magnesium,2026-09-17T06:41:38.466771+00:00
KW-ZM-00137,Zinc Picolonate + Magnesium,2026-09-17T06:41:38.466771+00:00
KW-ZM-00138,Zinc Picolonate + Magnesium,2026-09-17T06:41:38.466771+00:00
KW-ZM-00139,Zinc Picolonate + Magnesium,2026-09-17T06:41:38.466771+00:00
KW-ZM-00140,Zinc Picolonate + Magnesium,2026-09-17T06:41:38.466771+00:00
KW-ZM-00141,Zinc Picolonate + Magnesium,2026-09-17T06:41:38.466771+00:00
KW-ZM-00142,Zinc Picolonate + Magnesium,2026-09-17T06:41:38.466771+00:00
KW-ZM-00143,Zinc Picolonate + Magnesium,2026-09-17T06:41:38.466771+00:00
KW-ZM-00144,Zinc Picolonate + Magnesium,2026-09-17T06:41:38.466771+00:00
KW-ZM-00145,Zinc Picolonate + Magnesium,2026-09-17T06:41:38.466771+00:00
KW-ZM-00146,Zinc Picolonate + Magnesium,2026-09-17T06:41:38.466771+00:00
KW-ZM-00147,Zinc Picolonate + Magnesium,2026-09-17T06:41:38.466771+00:00
KW-ZM-00148,Zinc Picolonate + Magnesium,2026-09-17T06:41:38.466771+00:00
KW-ZM-00149,Zinc Picolonate + Magnesium,2026-09-17T06:41:38.466771+00:00
KW-ZM-00150,Zinc Picolonate + Magnesium,2026-09-17T06:41:38.466771+00:00
KW-ZM-00151,Zinc Picolonate + Magnesium,2026-09-17T06:41:38.466771+00:00
KW-ZM-00152,Zinc Picolonate + Magnesium,2026-09-17T06:41:38.466771+00:00
KW-ZM-00153,Zinc Picolonate + Magnesium,2026-09-17T06:41:38.466771+00:00
KW-ZM-00154,Zinc Picolonate + Magnesium,2026-09-17T06:41:38.466771+00:00
KW-ZM-00155,Zinc Picolonate + Magnesium,2026-09-17T06:41:38.466771+00:00
KW-ZM-00156,Zinc Picolonate + Magnesium,2026-09-17T06:41:38.466771+00:00
KW-ZM-00157,Zinc Picolonate + Magnesium,2026-09-17T06:41:38.466771+00:00
KW-ZM-00158,Zinc Picolonate + Magnesium,2026-09-17T06:41:38.466771+00:00
KW-ZM-00159,Zinc Picolonate + Magnesium,2026-09-17T06:41:38.466771+00:00
KW-ZM-00160,Zinc Picolonate + Magnesium,2026-09-17T06:41:38.466771+00:00
KW-ZM-00161,Zinc Picolonate + Magnesium,2026-09-17T06:41:38.466771+00:00
KW-ZM-00162,Zinc Picolonate + Magnesium,2026-09-17T06:41:38.466771+00:00
KW-ZM-00163,Zinc Picolonate + Magnesium,2026-09-17T06:41:38.466771+00:00
KW-ZM-00164,Zinc Picolonate + Magnesium,2026-09-17T06:41:38.466771+00:00
KW-ZM-00165,Zinc Picolonate + Magnesium,2026-09-17T06:41:38.466771+00:00
KW-ZM-00166,Zinc Picolonate + Magnesium,2026-09-17T06:41:38.466771+00:00
KW-ZM-00167,Zinc Picolonate + Magnesium,2026-09-17T06:41:38.466771+00:00
KW-ZM-00168,Zinc Picolonate + Magnesium,2026-09-17T06:41:38.466771+00:00
KW-ZM-00169,Zinc Picolonate + Magnesium,2026-09-17T06:41:38.466771+00:00
KW-ZM-00170,Zinc Picolonate + Magnesium,2026-09-17T06:41:38.466771+00:00
KW-ZM-00171,Zinc Picolonate + Magnesium,2026-09-17T06:41:38.466771+00:00
KW-ZM-00172,Zinc Picolonate + Magnesium,2026-09-17T06:41:38.466771+00:00
KW-ZM-00173,Zinc Picolonate + Magnesium,2026-09-17T06:41:38.466771+00:00
KW-ZM-00174,Zinc Picolonate + Magnesium,2026-09-17T06:41:38.466771+00:00
KW-ZM-00175,Zinc Picolonate + Magnesium,2026-09-17T06:41:38.466771+00:00
KW-ZM-00176,Zinc Picolonate + Magnesium,2026-09-17T06:41:38.466771+00:00
KW-ZM-00177,Zinc Picolonate + Magnesium,2026-09-17T06:41:38.466771+00:00
KW-ZM-00178,Zinc Picolonate + Magnesium,2026-09-17T06:41:38.466771+00:00
KW-ZM-00179,Zinc Picolonate + Magnesium,2026-09-17T06:41:38.466771+00:00
KW-ZM-00180,Zinc Picolonate + Magnesium,2026-09-17T06:41:38.466771+00:00
KW-ZM-00181,Zinc Picolonate + Magnesium,2026-09-17T06:41:38.466771+00:00
KW-ZM-00182,Zinc Picolonate + Magnesium,2026-09-17T06:41:38.466771+00:00
KW-ZM-00183,Zinc Picolonate + Magnesium,2026-09-17T06:41:38.466771+00:00
KW-ZM-00184,Zinc Picolonate + Magnesium,2026-09-17T06:41:38.466771+00:00
KW-ZM-00185,Zinc Picolonate + Magnesium,2026-09-17T06:41:38.466771+00:00
KW-ZM-00186,Zinc Picolonate + Magnesium,2026-09-17T06:41:38.466771+00:00
KW-ZM-00187,Zinc Picolonate + Magnesium,2026-09-17T06:41:38.466771+00:00
KW-ZM-00188,Zinc Picolonate + Magnesium,2026-09-17T06:41:38.466771+00:00
KW-ZM-00189,Zinc Picolonate + Magnesium,2026-09-17T06:41:38.466771+00:00
KW-ZM-00190,Zinc Picolonate + Magnesium,2026-09-17T06:41:38.466771+00:00
KW-ZM-00191,Zinc Picolonate + Magnesium,2026-09-17T06:41:38.466771+00:00
KW-ZM-00192,Zinc Picolonate + Magnesium,2026-09-17T06:41:38.466771+00:00
KW-ZM-00193,Zinc Picolonate + Magnesium,2026-09-17T06:41:38.466771+00:00
KW-ZM-00194,Zinc Picolonate + Magnesium,2026-09-17T06:41:38.466771+00:00
KW-ZM-00195,Zinc Picolonate + Magnesium,2026-09-17T06:41:38.466771+00:00
KW-ZM-00196,Zinc Picolonate + Magnesium,2026-09-17T06:41:38.466771+00:00
KW-ZM-00197,Zinc Picolonate + Magnesium,2026-09-17T06:41:38.466771+00:00
KW-ZM-00198,Zinc Picolonate + Magnesium,2026-09-17T06:41:38.466771+00:00
KW-ZM-00199,Zinc Picolonate + Magnesium,2026-09-17T06:41:38.466771+00:00
KW-ZM-00200,Zinc Picolonate + Magnesium,2026-09-17T06:41:38.466771+00:00
KW-ZM-00201,Zinc Picolonate + Magnesium,2026-09-17T06:41:38.466771+00:00
KW-ZM-00202,Zinc Picolonate + Magnesium,2026-09-17T06:41:38.466771+00:00
KW-ZM-00203,Zinc Picolonate + Magnesium,2026-09-17T06:41:38.466771+00:00
KW-ZM-00204,Zinc Picolonate + Magnesium,2026-09-17T06:41:38.466771+00:00
KW-ZM-00205,Zinc Picolonate + Magnesium,2026-09-17T06:41:38.466771+00:00
KW-ZM-00206,Zinc Picolonate + Magnesium,2026-09-17T06:41:38.466771+00:00
KW-ZM-00207,Zinc Picolonate + Magnesium,2026-09-17T06:41:38.466771+00:00
KW-ZM-00208,Zinc Picolonate + Magnesium,2026-09-17T06:41:38.466771+00:00
KW-ZM-00209,Zinc Picolonate + Magnesium,2026-09-17T06:41:38.466771+00:00
KW-ZM-00210,Zinc Picolonate + Magnesium,2026-09-17T06:41:38.466771+00:00
KW-ZM-00211,Zinc Picolonate + Magnesium,2026-09-17T06:41:38.466771+00:00
KW-ZM-00212,Zinc Picolonate + Magnesium,2026-09-17T06:41:38.466771+00:00
KW-ZM-00213,Zinc Picolonate + Magnesium,2026-09-17T06:41:38.466771+00:00
KW-ZM-00214,Zinc Picolonate + Magnesium,2026-09-17T06:41:38.466771+00:00
KW-ZM-00215,Zinc Picolonate + Magnesium,2026-09-17T06:41:38.466771+00:00
KW-ZM-00216,Zinc Picolonate + Magnesium,2026-09-17T06:41:38.466771+00:00
KW-ZM-00217,Zinc Picolonate + Magnesium,2026-09-17T06:41:38.466771+00:00
KW-ZM-00218,Zinc Picolonate + Magnesium,2026-09-17T06:41:38.466771+00:00
KW-ZM-00219,Zinc Picolonate + Magnesium,2026-09-17T06:41:38.466771+00:00
KW-ZM-00220,Zinc Picolonate + Magnesium,2026-09-17T06:41:38.466771+00:00
KW-ZM-00221,Zinc Picolonate + Magnesium,2026-09-17T06:41:38.466771+00:00
KW-ZM-00222,Zinc Picolonate + Magnesium,2026-09-17T06:41:38.466771+00:00
KW-ZM-00223,Zinc Picolonate + Magnesium,2026-09-17T06:41:38.466771+00:00
KW-ZM-00224,Zinc Picolonate + Magnesium,2026-09-17T06:41:38.466771+00:00
KW-ZM-00225,Zinc Picolonate + Magnesium,2026-09-17T06:41:38.466771+00:00
KW-ZM-00226,Zinc Picolonate + Magnesium,2026-09-17T06:41:38.466771+00:00
KW-ZM-00227,Zinc Picolonate + Magnesium,2026-09-17T06:41:38.466771+00:00
KW-ZM-00228,Zinc Picolonate + Magnesium,2026-09-17T06:41:38.466771+00:00
KW-ZM-00229,Zinc Picolonate + Magnesium,2026-09-17T06:41:38.466771+00:00
KW-ZM-00230,Zinc Picolonate + Magnesium,2026-09-17T06:41:38.466771+00:00
KW-ZM-00231,Zinc Picolonate + Magnesium,2026-09-17T06:41:38.466771+00:00
KW-ZM-00232,Zinc Picolonate + Magnesium,2026-09-17T06:41:38.466771+00:00
KW-ZM-00233,Zinc Picolonate + Magnesium,2026-09-17T06:41:38.466771+00:00
KW-ZM-00234,Zinc Picolonate + Magnesium,2026-09-17T06:41:38.466771+00:00
KW-ZM-00235,Zinc Picolonate + Magnesium,2026-09-17T06:41:38.466771+00:00
KW-ZM-00236,Zinc Picolonate + Magnesium,2026-09-17T06:41:38.466771+00:00
KW-ZM-00237,Zinc Picolonate + Magnesium,2026-09-17T06:41:38.466771+00:00
KW-ZM-00238,Zinc Picolonate + Magnesium,2026-09-17T06:41:38.466771+00:00
KW-ZM-00239,Zinc Picolonate + Magnesium,2026-09-17T06:41:38.466771+00:00
KW-ZM-00240,Zinc Picolonate + Magnesium,2026-09-17T06:41:38.466771+00:00
KW-ZM-00241,Zinc Picolonate + Magnesium,2026-09-17T06:41:38.466771+00:00
KW-ZM-00242,Zinc Picolonate + Magnesium,2026-09-17T06:41:38.466771+00:00
KW-ZM-00243,Zinc Picolonate + Magnesium,2026-09-17T06:41:38.466771+00:00
KW-ZM-00244,Zinc Picolonate + Magnesium,2026-09-17T06:41:38.466771+00:00
KW-ZM-00245,Zinc Picolonate + Magnesium,2026-09-17T06:41:38.466771+00:00
KW-ZM-00246,Zinc Picolonate + Magnesium,2026-09-17T06:41:38.466771+00:00
KW-ZM-00247,Zinc Picolonate + Magnesium,2026-09-17T06:41:38.466771+00:00
KW-ZM-00248,Zinc Picolonate + Magnesium,2026-09-17T06:41:38.466771+00:00
KW-ZM-00249,Zinc Picolonate + Magnesium,2026-09-17T06:41:38.466771+00:00
KW-ZM-00250,Zinc Picolonate + Magnesium,2026-09-17T06:41:38.466771+00:00
KW-ZM-00251,Zinc Picolonate + Magnesium,2026-09-17T06:41:38.466771+00:00
KW-ZM-00252,Zinc Picolonate + Magnesium,2026-09-17T06:41:38.466771+00:00
KW-ZM-00253,Zinc Picolonate + Magnesium,2026-09-17T06:41:38.466771+00:00
KW-ZM-00254,Zinc Picolonate + Magnesium,2026-09-17T06:41:38.466771+00:00
KW-ZM-00255,Zinc Picolonate + Magnesium,2026-09-17T06:41:38.466771+00:00
KW-ZM-00256,Zinc Picolonate + Magnesium,2026-09-17T06:41:38.466771+00:00
KW-ZM-00257,Zinc Picolonate + Magnesium,2026-09-17T06:41:38.466771+00:00
KW-ZM-00258,Zinc Picolonate + Magnesium,2026-09-17T06:41:38.466771+00:00
KW-ZM-00259,Zinc Picolonate + Magnesium,2026-09-17T06:41:38.466771+00:00
KW-ZM-00260,Zinc Picolonate + Magnesium,2026-09-17T06:41:38.466771+00:00
KW-ZM-00261,Zinc Picolonate + Magnesium,2026-09-17T06:41:38.466771+00:00
KW-ZM-00262,Zinc Picolonate + Magnesium,2026-09-17T06:41:38.466771+00:00
KW-ZM-00263,Zinc Picolonate + Magnesium,2026-09-17T06:41:38.466771+00:00
KW-ZM-00264,Zinc Picolonate + Magnesium,2026-09-17T06:41:38.466771+00:00
KW-ZM-00265,Zinc Picolonate + Magnesium,2026-09-17T06:41:38.466771+00:00
KW-ZM-00266,Zinc Picolonate + Magnesium,2026-09-17T06:41:38.466771+00:00
KW-ZM-00267,Zinc Picolonate + Magnesium,2026-09-17T06:41:38.466771+00:00
KW-ZM-00268,Zinc Picolonate + Magnesium,2026-09-17T06:41:38.466771+00:00
KW-ZM-00269,Zinc Picolonate + Magnesium,2026-09-17T06:41:38.466771+00:00
KW-ZM-00270,Zinc Picolonate + Magnesium,2026-09-17T06:41:38.466771+00:00
KW-ZM-00271,Zinc Picolonate + Magnesium,2026-09-17T06:41:38.466771+00:00
KW-ZM-00272,Zinc Picolonate + Magnesium,2026-09-17T06:41:38.466771+00:00
KW-ZM-00273,Zinc Picolonate + Magnesium,2026-09-17T06:41:38.466771+00:00
KW-ZM-00274,Zinc Picolonate + Magnesium,2026-09-17T06:41:38.466771+00:00
KW-ZM-00275,Zinc Picolonate + Magnesium,2026-09-17T06:41:38.466771+00:00
KW-ZM-00276,Zinc Picolonate + Magnesium,2026-09-17T06:41:38.466771+00:00
KW-ZM-00277,Zinc Picolonate + Magnesium,2026-09-17T06:41:38.466771+00:00
KW-ZM-00278,Zinc Picolonate + Magnesium,2026-09-17T06:41:38.466771+00:00
KW-ZM-00279,Zinc Picolonate + Magnesium,2026-09-17T06:41:38.466771+00:00
KW-ZM-00280,Zinc Picolonate + Magnesium,2026-09-17T06:41:38.466771+00:00
KW-ZM-00281,Zinc Picolonate + Magnesium,2026-09-17T06:41:38.466771+00:00
KW-ZM-00282,Zinc Picolonate + Magnesium,2026-09-17T06:41:38.466771+00:00
KW-ZM-00283,Zinc Picolonate + Magnesium,2026-09-17T06:41:38.466771+00:00
KW-ZM-00284,Zinc Picolonate + Magnesium,2026-09-17T06:41:38.466771+00:00
KW-ZM-00285,Zinc Picolonate + Magnesium,2026-09-17T06:41:38.466771+00:00
KW-ZM-00286,Zinc Picolonate + Magnesium,2026-09-17T06:41:38.466771+00:00
KW-ZM-00287,Zinc Picolonate + Magnesium,2026-09-17T06:41:38.466771+00:00
KW-ZM-00288,Zinc Picolonate + Magnesium,2026-09-17T06:41:38.466771+00:00
KW-ZM-00289,Zinc Picolonate + Magnesium,2026-09-17T06:41:38.466771+00:00
KW-ZM-00290,Zinc Picolonate + Magnesium,2026-09-17T06:41:38.466771+00:00
KW-ZM-00291,Zinc Picolonate + Magnesium,2026-09-17T06:41:38.466771+00:00
KW-ZM-00292,Zinc Picolonate + Magnesium,2026-09-17T06:41:38.466771+00:00
KW-ZM-00293,Zinc Picolonate + Magnesium,2026-09-17T06:41:38.466771+00:00
KW-ZM-00294,Zinc Picolonate + Magnesium,2026-09-17T06:41:38.466771+00:00
KW-ZM-00295,Zinc Picolonate + Magnesium,2026-09-17T06:41:38.466771+00:00
KW-ZM-00296,Zinc Picolonate + Magnesium,2026-09-17T06:41:38.466771+00:00
KW-ZM-00297,Zinc Picolonate + Magnesium,2026-09-17T06:41:38.466771+00:00
KW-ZM-00298,Zinc Picolonate + Magnesium,2026-09-17T06:41:38.466771+00:00
